date,dr7
1999/1/4,4.02 
1999/1/5,4.05 
1999/1/6,4.05 
1999/1/7,4.05 
1999/1/8,4.05 
1999/1/12,4.05 
1999/1/13,4.14 
1999/1/14,4.05 
1999/1/15,4.05 
1999/1/20,4.02 
1999/1/21,4.02 
1999/1/22,4.02 
1999/1/25,4.02 
1999/1/26,4.02 
1999/1/27,4.02 
1999/1/28,4.02 
1999/2/1,4.02 
1999/2/2,4.02 
1999/2/3,4.03 
1999/2/4,4.02 
1999/2/5,4.02 
1999/2/8,4.02 
1999/2/9,4.06 
1999/2/12,4.08 
1999/2/23,4.00 
1999/2/25,4.02 
1999/2/26,4.06 
1999/3/1,4.02 
1999/3/2,4.03 
1999/3/3,4.02 
1999/3/4,4.04 
1999/3/5,4.02 
1999/3/8,4.03 
1999/3/9,4.03 
1999/3/10,4.05 
1999/3/11,4.10 
1999/3/12,4.08 
1999/3/16,4.11 
1999/3/18,4.08 
1999/3/22,4.04 
1999/3/23,4.05 
1999/3/25,4.04 
1999/3/26,4.05 
1999/3/29,4.06 
1999/3/30,4.05 
1999/3/31,4.05 
1999/4/1,4.05 
1999/4/2,4.07 
1999/4/5,4.05 
1999/4/6,4.05 
1999/4/7,4.04 
1999/4/8,4.05 
1999/4/12,4.05 
1999/4/13,4.02 
1999/4/14,4.03 
1999/4/15,4.05 
1999/4/16,4.04 
1999/4/19,4.05 
1999/4/20,4.04 
1999/4/21,4.05 
1999/4/23,4.02 
1999/4/26,4.02 
1999/4/27,4.02 
1999/4/28,4.02 
1999/4/29,4.04 
1999/4/30,4.02 
1999/5/4,4.02 
1999/5/5,4.02 
1999/5/6,4.00 
1999/5/7,4.01 
1999/5/10,4.07 
1999/5/11,4.02 
1999/5/12,4.02 
1999/5/13,4.01 
1999/5/14,4.01 
1999/5/17,4.00 
1999/5/18,4.02 
1999/5/20,4.01 
1999/5/24,4.01 
1999/5/25,4.01 
1999/5/26,4.01 
1999/5/27,4.00 
1999/5/28,3.85 
1999/5/31,3.99 
1999/6/1,4.01 
1999/6/2,4.00 
1999/6/3,3.96 
1999/6/4,3.90 
1999/6/7,3.97 
1999/6/8,4.00 
1999/6/9,3.97 
1999/6/10,2.73 
1999/6/11,2.73 
1999/6/14,2.70 
1999/6/15,2.70 
1999/6/16,2.71 
1999/6/17,2.70 
1999/6/18,2.70 
1999/6/21,2.70 
1999/6/22,2.70 
1999/6/23,2.70 
1999/6/24,2.70 
1999/6/25,2.69 
1999/6/28,2.70 
1999/6/29,2.69 
1999/6/30,2.69 
1999/7/1,2.71 
1999/7/2,2.69 
1999/7/5,2.56 
1999/7/6,2.68 
1999/7/7,2.67 
1999/7/9,2.65 
1999/7/12,2.66 
1999/7/13,2.64 
1999/7/14,2.63 
1999/7/15,2.64 
1999/7/16,2.66 
1999/7/19,2.64 
1999/7/20,2.63 
1999/7/21,2.63 
1999/7/22,2.62 
1999/7/23,2.62 
1999/7/26,2.61 
1999/7/27,2.62 
1999/7/28,2.61 
1999/7/29,2.62 
1999/7/30,2.62 
1999/8/2,2.62 
1999/8/3,2.62 
1999/8/4,2.61 
1999/8/5,2.61 
1999/8/6,2.62 
1999/8/9,2.62 
1999/8/10,2.61 
1999/8/11,2.61 
1999/8/12,2.61 
1999/8/13,2.61 
1999/8/16,2.60 
1999/8/17,2.59 
1999/8/18,2.59 
1999/8/19,2.59 
1999/8/20,2.55 
1999/8/23,2.58 
1999/8/24,2.58 
1999/8/25,2.58 
1999/8/26,2.58 
1999/8/27,2.58 
1999/8/30,2.58 
1999/8/31,2.58 
1999/9/1,2.58 
1999/9/2,2.58 
1999/9/3,2.58 
1999/9/6,2.58 
1999/9/7,2.58 
1999/9/8,2.57 
1999/9/9,2.58 
1999/9/10,2.58 
1999/9/13,2.59 
1999/9/14,2.58 
1999/9/15,2.58 
1999/9/16,2.58 
1999/9/17,2.58 
1999/9/20,2.58 
1999/9/21,2.59 
1999/9/22,2.58 
1999/9/23,2.59 
1999/9/24,2.59 
1999/9/27,2.58 
1999/9/28,2.58 
1999/9/30,2.52 
1999/10/8,2.58 
1999/10/10,2.58 
1999/10/11,2.58 
1999/10/12,2.58 
1999/10/13,2.64 
1999/10/14,2.59 
1999/10/15,2.59 
1999/10/18,2.59 
1999/10/19,2.59 
1999/10/20,2.60 
1999/10/21,2.59 
1999/10/22,2.59 
1999/10/25,2.59 
1999/10/27,2.58 
1999/10/28,2.58 
1999/10/29,2.56 
1999/11/1,2.58 
1999/11/2,2.58 
1999/11/3,2.58 
1999/11/4,2.58 
1999/11/5,2.58 
1999/11/8,2.57 
1999/11/9,2.57 
1999/11/10,2.58 
1999/11/11,2.58 
1999/11/12,2.58 
1999/11/15,2.58 
1999/11/16,2.58 
1999/11/17,2.58 
1999/11/18,2.57 
1999/11/19,2.58 
1999/11/22,2.58 
1999/11/23,2.58 
1999/11/24,2.58 
1999/11/25,2.58 
1999/11/26,2.57 
1999/11/29,2.58 
1999/11/30,2.57 
1999/12/1,2.57 
1999/12/2,2.58 
1999/12/3,2.56 
1999/12/6,2.57 
1999/12/7,2.57 
1999/12/8,2.57 
1999/12/9,2.57 
1999/12/10,2.57 
1999/12/13,2.57 
1999/12/14,2.58 
1999/12/15,2.57 
1999/12/16,2.56 
1999/12/17,2.56 
1999/12/21,2.56 
1999/12/22,2.57 
1999/12/23,2.58 
1999/12/24,2.57 
1999/12/27,2.57 
1999/12/28,2.58 
1999/12/29,2.57 
1999/12/30,2.57 
2000/1/4,2.57 
2000/1/5,2.57 
2000/1/6,2.57 
2000/1/7,2.58 
2000/1/10,2.56 
2000/1/11,2.56 
2000/1/12,2.56 
2000/1/13,2.56 
2000/1/14,2.56 
2000/1/17,2.56 
2000/1/18,2.55 
2000/1/19,2.55 
2000/1/20,2.55 
2000/1/21,2.54 
2000/1/24,2.54 
2000/1/25,2.50 
2000/1/26,2.51 
2000/1/27,2.53 
2000/1/28,2.52 
2000/1/31,2.51 
2000/2/1,2.50 
2000/2/2,2.50 
2000/2/12,2.56 
2000/2/13,2.56 
2000/2/14,2.52 
2000/2/15,2.48 
2000/2/16,2.50 
2000/2/17,2.51 
2000/2/18,2.51 
2000/2/21,2.52 
2000/2/22,2.51 
2000/2/23,2.51 
2000/2/24,2.49 
2000/2/25,2.49 
2000/2/28,2.49 
2000/2/29,2.49 
2000/3/1,2.48 
2000/3/2,2.48 
2000/3/3,2.48 
2000/3/6,2.48 
2000/3/7,2.48 
2000/3/8,2.47 
2000/3/9,2.47 
2000/3/10,2.47 
2000/3/13,2.47 
2000/3/14,2.45 
2000/3/15,2.45 
2000/3/16,2.45 
2000/3/17,2.45 
2000/3/20,2.45 
2000/3/21,2.45 
2000/3/22,2.44 
2000/3/23,2.44 
2000/3/24,2.44 
2000/3/27,2.43 
2000/3/28,2.44 
2000/3/29,2.44 
2000/3/30,2.44 
2000/3/31,2.42 
2000/4/3,2.43 
2000/4/4,2.43 
2000/4/5,2.43 
2000/4/6,2.42 
2000/4/7,2.43 
2000/4/10,2.42 
2000/4/11,2.42 
2000/4/12,2.42 
2000/4/13,2.43 
2000/4/14,2.42 
2000/4/17,2.42 
2000/4/18,2.43 
2000/4/19,2.42 
2000/4/20,2.42 
2000/4/21,2.42 
2000/4/24,2.41 
2000/4/25,2.40 
2000/4/26,2.39 
2000/4/27,2.41 
2000/4/28,2.40 
2000/4/29,2.38 
2000/5/8,2.40 
2000/5/9,2.40 
2000/5/10,2.40 
2000/5/11,2.40 
2000/5/12,2.40 
2000/5/15,2.40 
2000/5/16,2.39 
2000/5/17,2.39 
2000/5/18,2.39 
2000/5/19,2.39 
2000/5/22,2.39 
2000/5/23,2.37 
2000/5/24,2.39 
2000/5/25,2.39 
2000/5/26,2.39 
2000/5/29,2.38 
2000/5/30,2.38 
2000/5/31,2.37 
2000/6/1,2.37 
2000/6/2,2.38 
2000/6/5,2.38 
2000/6/6,2.37 
2000/6/7,2.38 
2000/6/8,2.38 
2000/6/9,2.37 
2000/6/12,2.37 
2000/6/13,2.37 
2000/6/14,2.37 
2000/6/15,2.37 
2000/6/16,2.38 
2000/6/19,2.37 
2000/6/20,2.37 
2000/6/21,2.37 
2000/6/22,2.36 
2000/6/23,2.37 
2000/6/26,2.37 
2000/6/27,2.37 
2000/6/28,2.31 
2000/6/29,2.37 
2000/6/30,2.37 
2000/7/3,2.37 
2000/7/4,2.37 
2000/7/5,2.36 
2000/7/6,2.36 
2000/7/7,2.36 
2000/7/10,2.36 
2000/7/11,2.36 
2000/7/12,2.36 
2000/7/13,2.36 
2000/7/14,2.36 
2000/7/17,2.36 
2000/7/18,2.35 
2000/7/19,2.36 
2000/7/20,2.35 
2000/7/21,2.36 
2000/7/24,2.35 
2000/7/25,2.35 
2000/7/26,2.35 
2000/7/27,2.35 
2000/7/28,2.36 
2000/7/31,2.34 
2000/8/1,2.34 
2000/8/2,2.34 
2000/8/3,2.34 
2000/8/4,2.34 
2000/8/7,2.33 
2000/8/8,2.33 
2000/8/9,2.33 
2000/8/10,2.32 
2000/8/11,2.33 
2000/8/14,2.34 
2000/8/15,2.32 
2000/8/16,2.32 
2000/8/17,2.32 
2000/8/18,2.33 
2000/8/21,2.32 
2000/8/22,2.31 
2000/8/23,2.31 
2000/8/24,2.32 
2000/8/25,2.32 
2000/8/28,2.33 
2000/8/29,2.32 
2000/8/30,2.31 
2000/8/31,2.31 
2000/9/1,2.32 
2000/9/4,2.31 
2000/9/5,2.31 
2000/9/6,2.31 
2000/9/7,2.31 
2000/9/8,2.31 
2000/9/11,2.31 
2000/9/12,2.31 
2000/9/13,2.31 
2000/9/14,2.31 
2000/9/15,2.31 
2000/9/18,2.30 
2000/9/19,2.30 
2000/9/20,2.30 
2000/9/21,2.28 
2000/9/22,2.31 
2000/9/25,2.31 
2000/9/26,2.30 
2000/9/27,2.31 
2000/9/28,2.29 
2000/9/29,2.30 
2000/9/30,2.29 
2000/10/8,2.30 
2000/10/9,2.30 
2000/10/10,2.30 
2000/10/11,2.30 
2000/10/12,2.31 
2000/10/13,2.30 
2000/10/16,2.30 
2000/10/17,2.30 
2000/10/18,2.30 
2000/10/19,2.30 
2000/10/20,2.30 
2000/10/23,2.30 
2000/10/24,2.30 
2000/10/25,2.30 
2000/10/26,2.30 
2000/10/27,2.30 
2000/10/30,2.30 
2000/10/31,2.30 
2000/11/1,2.30 
2000/11/2,2.30 
2000/11/3,2.31 
2000/11/6,2.30 
2000/11/7,2.30 
2000/11/8,2.30 
2000/11/9,2.30 
2000/11/10,2.31 
2000/11/13,2.30 
2000/11/14,2.30 
2000/11/15,2.30 
2000/11/16,2.31 
2000/11/17,2.30 
2000/11/20,2.30 
2000/11/21,2.30 
2000/11/22,2.30 
2000/11/23,2.31 
2000/11/24,2.31 
2000/11/27,2.31 
2000/11/28,2.32 
2000/11/29,2.32 
2000/11/30,2.32 
2000/12/1,2.33 
2000/12/4,2.33 
2000/12/5,2.34 
2000/12/6,2.36 
2000/12/7,2.36 
2000/12/8,2.36 
2000/12/11,2.39 
2000/12/12,2.39 
2000/12/13,2.39 
2000/12/14,2.40 
2000/12/15,2.41 
2000/12/18,2.42 
2000/12/19,2.44 
2000/12/20,2.48 
2000/12/21,2.51 
2000/12/22,2.56 
2000/12/25,2.60 
2000/12/26,2.62 
2000/12/27,2.64 
2000/12/28,2.62 
2000/12/29,2.57 
2001/1/2,2.49 
2001/1/3,2.47 
2001/1/4,2.52 
2001/1/5,2.47 
2001/1/8,2.46 
2001/1/9,2.45 
2001/1/10,2.46 
2001/1/11,2.46 
2001/1/12,2.51 
2001/1/15,2.48 
2001/1/16,2.49 
2001/1/17,2.53 
2001/1/18,2.55 
2001/1/19,2.58 
2001/1/20,2.56 
2001/1/21,2.52 
2001/1/22,2.40 
2001/1/31,2.46 
2001/2/1,2.47 
2001/2/2,2.47 
2001/2/5,2.50 
2001/2/6,2.53 
2001/2/7,2.52 
2001/2/8,2.53 
2001/2/9,2.53 
2001/2/12,2.52 
2001/2/13,2.52 
2001/2/14,2.53 
2001/2/15,2.53 
2001/2/16,2.53 
2001/2/19,2.53 
2001/2/20,2.52 
2001/2/21,2.53 
2001/2/22,2.53 
2001/2/23,2.52 
2001/2/26,2.53 
2001/2/27,2.53 
2001/2/28,2.52 
2001/3/1,2.52 
2001/3/2,2.51 
2001/3/5,2.50 
2001/3/6,2.50 
2001/3/7,2.49 
2001/3/8,2.50 
2001/3/9,2.50 
2001/3/12,2.50 
2001/3/13,2.50 
2001/3/14,2.49 
2001/3/15,2.50 
2001/3/16,2.50 
2001/3/19,2.49 
2001/3/20,2.49 
2001/3/21,2.49 
2001/3/22,2.49 
2001/3/23,2.49 
2001/3/26,2.49 
2001/3/27,2.49 
2001/3/28,2.48 
2001/3/29,2.48 
2001/3/30,2.47 
2001/4/2,2.46 
2001/4/3,2.46 
2001/4/4,2.46 
2001/4/5,2.45 
2001/4/6,2.45 
2001/4/9,2.45 
2001/4/10,2.44 
2001/4/11,2.44 
2001/4/12,2.44 
2001/4/13,2.42 
2001/4/16,2.43 
2001/4/17,2.42 
2001/4/18,2.42 
2001/4/19,2.41 
2001/4/20,2.41 
2001/4/23,2.41 
2001/4/24,2.40 
2001/4/25,2.40 
2001/4/26,2.40 
2001/4/27,2.40 
2001/4/28,2.38 
2001/4/29,2.35 
2001/4/30,2.31 
2001/5/8,2.39 
2001/5/9,2.39 
2001/5/10,2.39 
2001/5/11,2.39 
2001/5/14,2.39 
2001/5/15,2.39 
2001/5/16,2.39 
2001/5/17,2.38 
2001/5/18,2.37 
2001/5/20,2.37 
2001/5/21,2.37 
2001/5/22,2.37 
2001/5/23,2.37 
2001/5/24,2.38 
2001/5/25,2.38 
2001/5/28,2.38 
2001/5/29,2.39 
2001/5/30,2.39 
2001/5/31,2.39 
2001/6/1,2.38 
2001/6/4,2.38 
2001/6/5,2.38 
2001/6/6,2.38 
2001/6/7,2.37 
2001/6/8,2.36 
2001/6/11,2.35 
2001/6/12,2.35 
2001/6/13,2.34 
2001/6/14,2.34 
2001/6/15,2.34 
2001/6/18,2.34 
2001/6/19,2.35 
2001/6/20,2.35 
2001/6/21,2.36 
2001/6/22,2.35 
2001/6/25,2.34 
2001/6/26,2.34 
2001/6/27,2.33 
2001/6/28,2.33 
2001/6/29,2.33 
2001/6/30,2.33 
2001/7/2,2.32 
2001/7/3,2.31 
2001/7/4,2.31 
2001/7/5,2.30 
2001/7/6,2.30 
2001/7/9,2.30 
2001/7/10,2.29 
2001/7/11,2.29 
2001/7/12,2.30 
2001/7/13,2.30 
2001/7/16,2.30 
2001/7/17,2.30 
2001/7/18,2.31 
2001/7/19,2.30 
2001/7/20,2.30 
2001/7/23,2.30 
2001/7/24,2.30 
2001/7/25,2.30 
2001/7/26,2.30 
2001/7/27,2.30 
2001/7/30,2.31 
2001/7/31,2.30 
2001/8/1,2.30 
2001/8/2,2.30 
2001/8/3,2.30 
2001/8/6,2.30 
2001/8/7,2.30 
2001/8/8,2.30 
2001/8/9,2.30 
2001/8/10,2.30 
2001/8/13,2.30 
2001/8/14,2.30 
2001/8/15,2.30 
2001/8/16,2.30 
2001/8/17,2.30 
2001/8/20,2.30 
2001/8/21,2.30 
2001/8/22,2.29 
2001/8/23,2.29 
2001/8/24,2.29 
2001/8/27,2.29 
2001/8/28,2.29 
2001/8/29,2.29 
2001/8/30,2.29 
2001/8/31,2.29 
2001/9/3,2.28 
2001/9/4,2.28 
2001/9/5,2.28 
2001/9/6,2.28 
2001/9/7,2.28 
2001/9/10,2.28 
2001/9/11,2.27 
2001/9/12,2.27 
2001/9/13,2.27 
2001/9/14,2.27 
2001/9/17,2.26 
2001/9/18,2.26 
2001/9/19,2.26 
2001/9/20,2.26 
2001/9/21,2.25 
2001/9/24,2.25 
2001/9/25,2.25 
2001/9/26,2.24 
2001/9/27,2.24 
2001/9/28,2.22 
2001/9/29,2.21 
2001/9/30,2.21 
2001/10/8,2.25 
2001/10/9,2.24 
2001/10/10,2.24 
2001/10/11,2.23 
2001/10/12,2.22 
2001/10/15,2.21 
2001/10/16,2.19 
2001/10/17,2.18 
2001/10/18,2.17 
2001/10/19,2.16 
2001/10/22,2.16 
2001/10/23,2.16 
2001/10/24,2.15 
2001/10/25,2.14 
2001/10/26,2.15 
2001/10/29,2.14 
2001/10/30,2.15 
2001/10/31,2.14 
2001/11/1,2.14 
2001/11/2,2.14 
2001/11/5,2.14 
2001/11/6,2.14 
2001/11/7,2.14 
2001/11/8,2.14 
2001/11/9,2.14 
2001/11/12,2.14 
2001/11/13,2.14 
2001/11/14,2.14 
2001/11/15,2.14 
2001/11/16,2.14 
2001/11/19,2.14 
2001/11/20,2.14 
2001/11/21,2.14 
2001/11/22,2.14 
2001/11/23,2.14 
2001/11/26,2.14 
2001/11/27,2.14 
2001/11/28,2.14 
2001/11/29,2.14 
2001/11/30,2.14 
2001/12/3,2.14 
2001/12/4,2.15 
2001/12/5,2.14 
2001/12/6,2.14 
2001/12/7,2.14 
2001/12/10,2.14 
2001/12/11,2.14 
2001/12/12,2.14 
2001/12/13,2.14 
2001/12/14,2.14 
2001/12/17,2.14 
2001/12/18,2.14 
2001/12/19,2.14 
2001/12/20,2.14 
2001/12/21,2.14 
2001/12/24,2.14 
2001/12/25,2.14 
2001/12/26,2.14 
2001/12/27,2.14 
2001/12/28,2.14 
2001/12/29,2.14 
2001/12/30,2.14 
2001/12/31,2.14 
2002/1/4,2.14 
2002/1/7,2.16 
2002/1/8,2.14 
2002/1/9,2.14 
2002/1/10,2.14 
2002/1/11,2.14 
2002/1/14,2.14 
2002/1/15,2.14 
2002/1/16,2.14 
2002/1/17,2.14 
2002/1/18,2.14 
2002/1/21,2.14 
2002/1/22,2.14 
2002/1/23,2.14 
2002/1/24,2.14 
2002/1/25,2.14 
2002/1/28,2.14 
2002/1/29,2.13 
2002/1/30,2.13 
2002/1/31,2.13 
2002/2/1,2.14 
2002/2/4,2.14 
2002/2/5,2.14 
2002/2/6,2.14 
2002/2/7,2.13 
2002/2/8,2.14 
2002/2/9,2.15 
2002/2/10,2.14 
2002/2/11,2.13 
2002/2/19,2.14 
2002/2/20,2.13 
2002/2/21,1.99 
2002/2/22,1.97 
2002/2/25,1.97 
2002/2/26,1.96 
2002/2/27,1.96 
2002/2/28,1.96 
2002/3/1,1.96 
2002/3/4,1.96 
2002/3/5,1.96 
2002/3/6,1.96 
2002/3/7,1.96 
2002/3/8,1.96 
2002/3/11,1.96 
2002/3/12,1.96 
2002/3/13,1.95 
2002/3/14,1.95 
2002/3/15,1.95 
2002/3/18,1.95 
2002/3/19,1.95 
2002/3/20,1.95 
2002/3/21,1.95 
2002/3/22,1.95 
2002/3/25,1.95 
2002/3/26,1.95 
2002/3/27,1.95 
2002/3/28,1.95 
2002/3/29,1.95 
2002/4/1,1.95 
2002/4/2,1.95 
2002/4/3,1.95 
2002/4/4,1.95 
2002/4/5,1.95 
2002/4/8,1.95 
2002/4/9,1.95 
2002/4/10,1.95 
2002/4/11,1.95 
2002/4/12,1.95 
2002/4/15,1.95 
2002/4/16,1.95 
2002/4/17,1.95 
2002/4/18,1.95 
2002/4/19,1.95 
2002/4/22,1.95 
2002/4/23,1.95 
2002/4/24,1.95 
2002/4/25,1.95 
2002/4/26,1.95 
2002/4/27,1.95 
2002/4/28,1.95 
2002/4/29,1.95 
2002/4/30,1.95 
2002/5/8,1.95 
2002/5/9,1.95 
2002/5/10,1.95 
2002/5/13,1.95 
2002/5/14,1.95 
2002/5/15,1.95 
2002/5/16,1.95 
2002/5/17,1.95 
2002/5/20,1.95 
2002/5/21,1.95 
2002/5/22,1.95 
2002/5/23,1.95 
2002/5/24,1.95 
2002/5/27,1.95 
2002/5/28,1.95 
2002/5/29,1.95 
2002/5/30,1.95 
2002/5/31,1.95 
2002/6/3,1.95 
2002/6/4,1.95 
2002/6/5,1.95 
2002/6/6,1.95 
2002/6/7,1.95 
2002/6/10,1.95 
2002/6/11,1.95 
2002/6/12,1.95 
2002/6/13,1.95 
2002/6/14,1.95 
2002/6/17,1.95 
2002/6/18,1.95 
2002/6/19,1.95 
2002/6/20,1.95 
2002/6/21,1.95 
2002/6/24,1.95 
2002/6/25,1.95 
2002/6/26,1.95 
2002/6/27,1.95 
2002/6/28,1.95 
2002/7/1,1.95 
2002/7/2,1.95 
2002/7/3,1.95 
2002/7/4,1.95 
2002/7/5,1.95 
2002/7/8,1.95 
2002/7/9,1.95 
2002/7/10,1.95 
2002/7/11,1.95 
2002/7/12,1.95 
2002/7/15,1.95 
2002/7/16,1.95 
2002/7/17,1.95 
2002/7/18,1.95 
2002/7/19,1.95 
2002/7/22,1.95 
2002/7/23,1.95 
2002/7/24,1.95 
2002/7/25,1.95 
2002/7/26,1.95 
2002/7/29,1.95 
2002/7/30,1.95 
2002/7/31,1.95 
2002/8/1,1.95 
2002/8/2,1.95 
2002/8/5,1.95 
2002/8/6,1.95 
2002/8/7,1.95 
2002/8/8,1.95 
2002/8/9,1.95 
2002/8/12,1.95 
2002/8/13,1.95 
2002/8/14,1.95 
2002/8/15,1.95 
2002/8/16,1.95 
2002/8/19,1.96 
2002/8/20,1.96 
2002/8/21,1.97 
2002/8/22,1.97 
2002/8/23,1.97 
2002/8/26,1.99 
2002/8/27,2.01 
2002/8/28,2.02 
2002/8/29,2.02 
2002/8/30,2.03 
2002/9/2,2.05 
2002/9/3,2.06 
2002/9/4,2.06 
2002/9/5,2.07 
2002/9/6,2.06 
2002/9/9,2.08 
2002/9/10,2.09 
2002/9/11,2.09 
2002/9/12,2.09 
2002/9/13,2.10 
2002/9/16,2.11 
2002/9/17,2.12 
2002/9/18,2.13 
2002/9/19,2.19 
2002/9/20,2.28 
2002/9/23,2.27 
2002/9/24,2.32 
2002/9/25,2.34 
2002/9/26,2.29 
2002/9/27,2.29 
2002/9/28,2.30 
2002/9/29,2.27 
2002/9/30,2.25 
2002/10/8,2.26 
2002/10/9,2.25 
2002/10/10,2.26 
2002/10/11,2.25 
2002/10/14,2.25 
2002/10/15,2.25 
2002/10/16,2.24 
2002/10/17,2.24 
2002/10/18,2.24 
2002/10/21,2.24 
2002/10/22,2.24 
2002/10/23,2.24 
2002/10/24,2.24 
2002/10/25,2.24 
2002/10/28,2.24 
2002/10/29,2.24 
2002/10/30,2.24 
2002/10/31,2.24 
2002/11/1,2.23 
2002/11/4,2.23 
2002/11/5,2.23 
2002/11/6,2.23 
2002/11/7,2.23 
2002/11/8,2.23 
2002/11/11,2.23 
2002/11/12,2.23 
2002/11/13,2.23 
2002/11/14,2.23 
2002/11/15,2.23 
2002/11/18,2.23 
2002/11/19,2.23 
2002/11/20,2.23 
2002/11/21,2.23 
2002/11/22,2.23 
2002/11/25,2.23 
2002/11/26,2.23 
2002/11/27,2.23 
2002/11/28,2.23 
2002/11/29,2.23 
2002/12/2,2.23 
2002/12/3,2.23 
2002/12/4,2.23 
2002/12/5,2.23 
2002/12/6,2.24 
2002/12/9,2.25 
2002/12/10,2.26 
2002/12/11,2.26 
2002/12/12,2.27 
2002/12/13,2.30 
2002/12/16,2.31 
2002/12/17,2.32 
2002/12/18,2.33 
2002/12/19,2.34 
2002/12/20,2.35 
2002/12/23,2.35 
2002/12/24,2.35 
2002/12/25,2.35 
2002/12/26,2.35 
2002/12/27,2.36 
2002/12/30,2.34 
2002/12/31,2.30 
2003/1/2,2.31 
2003/1/3,2.30 
2003/1/6,2.30 
2003/1/7,2.30 
2003/1/8,2.29 
2003/1/9,2.29 
2003/1/10,2.27 
2003/1/13,2.27 
2003/1/14,2.27 
2003/1/15,2.26 
2003/1/16,2.26 
2003/1/17,2.25 
2003/1/20,2.25 
2003/1/21,2.25 
2003/1/22,2.24 
2003/1/23,2.26 
2003/1/24,2.26 
2003/1/27,2.29 
2003/1/28,2.30 
2003/1/29,2.31 
2003/1/30,2.27 
2003/1/31,2.30 
2003/2/8,2.29 
2003/2/9,2.28 
2003/2/10,2.28 
2003/2/11,2.28 
2003/2/12,2.27 
2003/2/13,2.27 
2003/2/14,2.26 
2003/2/17,2.26 
2003/2/18,2.25 
2003/2/19,2.25 
2003/2/20,2.24 
2003/2/21,2.24 
2003/2/24,2.23 
2003/2/25,2.23 
2003/2/26,2.20 
2003/2/27,2.18 
2003/2/28,2.15 
2003/3/3,2.13 
2003/3/4,2.10 
2003/3/5,2.09 
2003/3/6,2.07 
2003/3/7,2.08 
2003/3/10,2.08 
2003/3/11,2.08 
2003/3/12,2.07 
2003/3/13,2.07 
2003/3/14,2.05 
2003/3/17,2.05 
2003/3/18,2.04 
2003/3/19,2.03 
2003/3/20,2.02 
2003/3/21,2.01 
2003/3/24,2.00 
2003/3/25,1.99 
2003/3/26,1.99 
2003/3/27,1.98 
2003/3/28,1.98 
2003/3/31,1.97 
2003/4/1,1.97 
2003/4/3,1.97 
2003/4/4,1.97 
2003/4/7,1.97 
2003/4/8,1.96 
2003/4/9,1.96 
2003/4/10,1.96 
2003/4/11,1.95 
2003/4/14,1.95 
2003/4/15,1.95 
2003/4/16,1.95 
2003/4/17,1.95 
2003/4/18,1.95 
2003/4/21,1.95 
2003/4/22,1.95 
2003/4/23,1.95 
2003/4/24,1.95 
2003/4/25,1.96 
2003/4/28,1.98 
2003/4/29,1.98 
2003/4/30,1.98 
2003/5/6,1.98 
2003/5/7,1.98 
2003/5/8,1.99 
2003/5/9,1.99 
2003/5/12,2.00 
2003/5/13,2.00 
2003/5/14,2.01 
2003/5/15,2.01 
2003/5/16,2.01 
2003/5/19,2.02 
2003/5/20,2.02 
2003/5/21,2.03 
2003/5/22,2.04 
2003/5/23,2.04 
2003/5/26,2.05 
2003/5/27,2.06 
2003/5/28,2.08 
2003/5/29,2.09 
2003/5/30,2.10 
2003/6/2,2.11 
2003/6/3,2.12 
2003/6/4,2.12 
2003/6/5,2.13 
2003/6/6,2.13 
2003/6/9,2.14 
2003/6/10,2.14 
2003/6/11,2.14 
2003/6/12,2.14 
2003/6/13,2.15 
2003/6/16,2.16 
2003/6/17,2.16 
2003/6/18,2.16 
2003/6/19,2.16 
2003/6/20,2.17 
2003/6/23,2.18 
2003/6/24,2.18 
2003/6/25,2.20 
2003/6/26,2.22 
2003/6/27,2.24 
2003/6/30,2.25 
2003/7/1,2.26 
2003/7/2,2.27 
2003/7/3,2.28 
2003/7/4,2.27 
2003/7/7,2.28 
2003/7/8,2.27 
2003/7/9,2.27 
2003/7/10,2.26 
2003/7/11,2.24 
2003/7/14,2.23 
2003/7/15,2.22 
2003/7/16,2.20 
2003/7/17,2.19 
2003/7/18,2.18 
2003/7/21,2.17 
2003/7/22,2.16 
2003/7/23,2.15 
2003/7/24,2.16 
2003/7/25,2.14 
2003/7/28,2.14 
2003/7/29,2.14 
2003/7/30,2.13 
2003/7/31,2.13 
2003/8/1,2.12 
2003/8/4,2.12 
2003/8/5,2.11 
2003/8/6,2.12 
2003/8/7,2.10 
2003/8/8,2.10 
2003/8/11,2.08 
2003/8/12,2.09 
2003/8/13,2.09 
2003/8/14,2.09 
2003/8/15,2.09 
2003/8/18,2.08 
2003/8/19,2.08 
2003/8/20,2.09 
2003/8/21,2.12 
2003/8/22,2.15 
2003/8/25,2.27 
2003/8/26,2.35 
2003/8/27,2.68 
2003/8/28,2.77 
2003/8/29,2.86 
2003/9/1,2.89 
2003/9/2,2.91 
2003/9/3,2.87 
2003/9/4,2.88 
2003/9/5,2.83 
2003/9/8,2.82 
2003/9/9,2.83 
2003/9/10,2.83 
2003/9/11,2.82 
2003/9/12,2.82 
2003/9/15,2.81 
2003/9/16,2.81 
2003/9/17,2.81 
2003/9/18,2.80 
2003/9/19,2.81 
2003/9/22,2.82 
2003/9/23,2.86 
2003/9/24,2.91 
2003/9/25,2.96 
2003/9/26,3.04 
2003/9/27,3.12 
2003/9/28,3.17 
2003/9/29,3.11 
2003/9/30,3.24 
2003/10/8,3.22 
2003/10/9,3.23 
2003/10/10,3.22 
2003/10/13,3.22 
2003/10/14,3.18 
2003/10/15,3.15 
2003/10/16,3.08 
2003/10/17,3.05 
2003/10/20,3.03 
2003/10/21,3.00 
2003/10/22,2.98 
2003/10/23,2.96 
2003/10/24,2.91 
2003/10/27,2.88 
2003/10/28,2.92 
2003/10/29,2.99 
2003/10/30,3.19 
2003/10/31,3.28 
2003/11/3,3.40 
2003/11/4,3.64 
2003/11/5,3.32 
2003/11/6,3.14 
2003/11/7,3.07 
2003/11/10,3.04 
2003/11/11,2.97 
2003/11/12,2.89 
2003/11/13,2.75 
2003/11/14,2.66 
2003/11/17,2.59 
2003/11/18,2.50 
2003/11/19,2.38 
2003/11/20,2.33 
2003/11/21,2.21 
2003/11/24,2.19 
2003/11/25,2.19 
2003/11/26,2.20 
2003/11/27,2.19 
2003/11/28,2.18 
2003/12/1,2.17 
2003/12/2,2.16 
2003/12/3,2.15 
2003/12/4,2.14 
2003/12/5,2.16 
2003/12/8,2.14 
2003/12/9,2.14 
2003/12/10,2.14 
2003/12/11,2.14 
2003/12/12,2.14 
2003/12/15,2.14 
2003/12/16,2.14 
2003/12/17,2.15 
2003/12/18,2.15 
2003/12/19,2.13 
2003/12/22,2.14 
2003/12/23,2.14 
2003/12/24,2.14 
2003/12/25,2.15 
2003/12/26,2.14 
2003/12/29,2.14 
2003/12/30,2.14 
2003/12/31,2.13 
2004/1/2,2.13 
2004/1/5,2.12 
2004/1/6,2.12 
2004/1/7,2.12 
2004/1/8,2.11 
2004/1/9,2.10 
2004/1/12,2.10 
2004/1/13,2.09 
2004/1/14,2.09 
2004/1/15,2.10 
2004/1/16,2.84 
2004/1/17,3.19 
2004/1/18,3.29 
2004/1/19,3.21 
2004/1/20,3.29 
2004/1/21,3.08 
2004/1/29,2.72 
2004/1/30,2.73 
2004/2/2,2.71 
2004/2/3,2.40 
2004/2/4,2.33 
2004/2/5,2.31 
2004/2/6,2.29 
2004/2/9,2.28 
2004/2/10,2.26 
2004/2/11,2.22 
2004/2/12,2.20 
2004/2/13,2.18 
2004/2/16,2.16 
2004/2/17,2.15 
2004/2/18,2.14 
2004/2/19,2.12 
2004/2/20,2.11 
2004/2/23,2.10 
2004/2/24,2.09 
2004/2/25,2.07 
2004/2/26,2.06 
2004/2/27,2.04 
2004/3/1,2.03 
2004/3/2,2.01 
2004/3/3,1.99 
2004/3/4,1.98 
2004/3/5,1.97 
2004/3/8,1.95 
2004/3/9,1.94 
2004/3/10,1.93 
2004/3/11,1.92 
2004/3/12,1.91 
2004/3/15,1.91 
2004/3/16,1.89 
2004/3/17,1.88 
2004/3/18,1.87 
2004/3/19,1.85 
2004/3/22,1.84 
2004/3/23,1.84 
2004/3/24,1.85 
2004/3/25,1.88 
2004/3/26,1.88 
2004/3/29,1.88 
2004/3/30,1.89 
2004/3/31,1.88 
2004/4/1,1.88 
2004/4/2,1.86 
2004/4/5,1.86 
2004/4/6,1.85 
2004/4/7,1.85 
2004/4/8,1.84 
2004/4/9,1.83 
2004/4/12,1.86 
2004/4/13,1.95 
2004/4/14,2.01 
2004/4/15,2.06 
2004/4/16,2.11 
2004/4/19,2.15 
2004/4/20,2.20 
2004/4/21,2.31 
2004/4/22,2.38 
2004/4/23,2.44 
2004/4/26,2.45 
2004/4/27,2.40 
2004/4/28,2.39 
2004/4/29,2.46 
2004/4/30,2.28 
2004/5/8,2.27 
2004/5/9,2.26 
2004/5/10,2.24 
2004/5/11,2.23 
2004/5/12,2.22 
2004/5/13,2.21 
2004/5/14,2.18 
2004/5/17,2.17 
2004/5/18,2.17 
2004/5/19,2.17 
2004/5/20,2.18 
2004/5/21,2.11 
2004/5/24,2.10 
2004/5/25,2.10 
2004/5/26,2.11 
2004/5/27,2.12 
2004/5/28,2.14 
2004/5/31,2.22 
2004/6/1,2.27 
2004/6/2,2.35 
2004/6/3,2.48 
2004/6/4,2.49 
2004/6/7,2.49 
2004/6/8,2.48 
2004/6/9,2.47 
2004/6/10,2.47 
2004/6/11,2.39 
2004/6/14,2.34 
2004/6/15,2.32 
2004/6/16,2.32 
2004/6/17,2.35 
2004/6/18,2.42 
2004/6/21,2.43 
2004/6/22,2.43 
2004/6/23,2.43 
2004/6/24,2.45 
2004/6/25,2.44 
2004/6/28,2.43 
2004/6/29,2.44 
2004/6/30,2.44 
2004/7/1,2.43 
2004/7/2,2.39 
2004/7/5,2.39 
2004/7/6,2.38 
2004/7/7,2.37 
2004/7/8,2.34 
2004/7/9,2.30 
2004/7/12,2.29 
2004/7/13,2.27 
2004/7/14,2.26 
2004/7/15,2.25 
2004/7/16,2.21 
2004/7/19,2.20 
2004/7/20,2.20 
2004/7/21,2.22 
2004/7/22,2.42 
2004/7/23,2.42 
2004/7/26,2.43 
2004/7/27,2.41 
2004/7/28,2.43 
2004/7/29,2.41 
2004/7/30,2.41 
2004/8/2,2.41 
2004/8/3,2.40 
2004/8/4,2.39 
2004/8/5,2.39 
2004/8/6,2.30 
2004/8/9,2.29 
2004/8/10,2.29 
2004/8/11,2.28 
2004/8/12,2.29 
2004/8/13,2.24 
2004/8/16,2.26 
2004/8/17,2.26 
2004/8/18,2.25 
2004/8/19,2.26 
2004/8/20,2.24 
2004/8/23,2.25 
2004/8/24,2.25 
2004/8/25,2.24 
2004/8/26,2.25 
2004/8/27,2.22 
2004/8/30,2.22 
2004/8/31,2.20 
2004/9/1,2.18 
2004/9/2,2.17 
2004/9/3,2.14 
2004/9/6,2.14 
2004/9/7,2.14 
2004/9/8,2.13 
2004/9/9,2.11 
2004/9/10,2.11 
2004/9/13,2.10 
2004/9/14,2.09 
2004/9/15,2.09 
2004/9/16,2.09 
2004/9/17,2.09 
2004/9/20,2.09 
2004/9/21,2.08 
2004/9/22,2.08 
2004/9/23,2.09 
2004/9/24,2.13 
2004/9/27,2.16 
2004/9/28,2.29 
2004/9/29,2.26 
2004/9/30,2.22 
2004/10/8,2.21 
2004/10/9,2.21 
2004/10/10,2.20 
2004/10/11,2.20 
2004/10/12,2.18 
2004/10/13,2.17 
2004/10/14,2.16 
2004/10/15,2.16 
2004/10/18,2.13 
2004/10/19,2.13 
2004/10/20,2.09 
2004/10/21,2.10 
2004/10/22,2.09 
2004/10/25,2.08 
2004/10/26,2.08 
2004/10/27,2.07 
2004/10/28,2.06 
2004/10/29,2.22 
2004/11/1,2.24 
2004/11/2,2.24 
2004/11/3,2.25 
2004/11/4,2.24 
2004/11/5,2.17 
2004/11/8,2.14 
2004/11/9,2.17 
2004/11/10,1.11 
2004/11/11,2.14 
2004/11/12,2.14 
2004/11/15,2.12 
2004/11/16,2.10 
2004/11/17,2.07 
2004/11/18,2.06 
2004/11/19,1.99 
2004/11/22,1.99 
2004/11/23,1.98 
2004/11/24,1.98 
2004/11/25,1.97 
2004/11/26,1.95 
2004/11/29,1.94 
2004/11/30,1.95 
2004/12/1,1.94 
2004/12/2,1.93 
2004/12/3,1.91 
2004/12/6,1.64 
2004/12/7,1.63 
2004/12/8,1.87 
2004/12/9,1.86 
2004/12/10,1.84 
2004/12/13,1.87 
2004/12/14,1.86 
2004/12/15,1.85 
2004/12/16,1.85 
2004/12/17,1.84 
2004/12/20,1.55 
2004/12/21,1.83 
2004/12/22,1.83 
2004/12/23,1.83 
2004/12/24,1.83 
2004/12/27,1.85 
2004/12/28,1.90 
2004/12/29,1.91 
2004/12/30,1.92 
2004/12/31,1.91 
2005/1/4,1.89 
2005/1/5,1.88 
2005/1/6,1.88 
2005/1/7,1.85 
2005/1/10,1.84 
2005/1/11,1.83 
2005/1/12,1.83 
2005/1/13,1.83 
2005/1/14,1.83 
2005/1/17,1.82 
2005/1/18,1.83 
2005/1/19,1.83 
2005/1/20,1.83 
2005/1/21,1.84 
2005/1/24,1.84 
2005/1/25,1.84 
2005/1/26,1.83 
2005/1/27,1.83 
2005/1/28,1.84 
2005/1/31,1.84 
2005/2/1,1.84 
2005/2/2,1.90 
2005/2/3,2.00 
2005/2/4,2.36 
2005/2/5,2.44 
2005/2/6,2.46 
2005/2/7,2.35 
2005/2/8,2.00 
2005/2/15,2.36 
2005/2/16,1.99 
2005/2/17,1.98 
2005/2/18,1.98 
2005/2/21,1.97 
2005/2/22,1.94 
2005/2/23,1.92 
2005/2/24,1.87 
2005/2/25,1.87 
2005/2/28,1.85 
2005/3/1,1.85 
2005/3/2,1.85 
2005/3/3,1.84 
2005/3/4,1.84 
2005/3/7,1.86 
2005/3/8,1.85 
2005/3/9,1.84 
2005/3/10,1.84 
2005/3/11,1.83 
2005/3/14,1.83 
2005/3/15,1.84 
2005/3/16,1.83 
2005/3/17,1.79 
2005/3/18,1.69 
2005/3/21,1.61 
2005/3/22,1.57 
2005/3/23,1.53 
2005/3/24,1.52 
2005/3/25,1.51 
2005/3/28,1.51 
2005/3/29,1.49 
2005/3/30,1.47 
2005/3/31,1.45 
2005/4/1,1.41 
2005/4/4,1.42 
2005/4/5,1.39 
2005/4/6,1.31 
2005/4/7,1.34 
2005/4/8,1.31 
2005/4/11,1.33 
2005/4/12,1.31 
2005/4/13,1.29 
2005/4/14,1.30 
2005/4/15,1.27 
2005/4/18,1.26 
2005/4/19,1.25 
2005/4/20,1.25 
2005/4/21,1.25 
2005/4/22,1.22 
2005/4/25,1.22 
2005/4/26,1.22 
2005/4/27,1.23 
2005/4/28,1.24 
2005/4/29,1.22 
2005/4/30,1.21 
2005/5/8,1.19 
2005/5/9,1.19 
2005/5/10,1.18 
2005/5/11,1.18 
2005/5/12,1.17 
2005/5/13,1.16 
2005/5/16,1.15 
2005/5/17,1.14 
2005/5/18,1.14 
2005/5/19,1.14 
2005/5/20,1.13 
2005/5/23,1.13 
2005/5/24,1.13 
2005/5/25,1.13 
2005/5/26,1.13 
2005/5/27,1.12 
2005/5/30,1.12 
2005/5/31,1.12 
2005/6/1,1.10 
2005/6/2,1.10 
2005/6/3,1.10 
2005/6/6,1.10 
2005/6/7,1.10 
2005/6/8,1.10 
2005/6/9,1.10 
2005/6/10,1.09 
2005/6/13,1.09 
2005/6/14,1.15 
2005/6/15,1.09 
2005/6/16,1.09 
2005/6/17,1.09 
2005/6/20,1.09 
2005/6/21,1.09 
2005/6/22,1.09 
2005/6/23,1.09 
2005/6/24,1.09 
2005/6/27,1.09 
2005/6/28,1.10 
2005/6/29,1.10 
2005/6/30,1.11 
2005/7/1,1.13 
2005/7/4,1.14 
2005/7/5,1.15 
2005/7/6,1.15 
2005/7/7,1.15 
2005/7/8,1.16 
2005/7/11,1.16 
2005/7/12,1.16 
2005/7/13,1.17 
2005/7/14,1.18 
2005/7/15,1.19 
2005/7/18,1.19 
2005/7/19,1.22 
2005/7/20,1.21 
2005/7/21,1.22 
2005/7/22,1.26 
2005/7/25,1.25 
2005/7/26,1.25 
2005/7/27,1.25 
2005/7/28,1.25 
2005/7/29,1.23 
2005/8/1,1.23 
2005/8/2,1.23 
2005/8/3,1.23 
2005/8/4,1.22 
2005/8/5,1.25 
2005/8/8,1.25 
2005/8/9,1.25 
2005/8/10,1.25 
2005/8/11,1.24 
2005/8/12,1.25 
2005/8/15,1.25 
2005/8/16,1.24 
2005/8/17,1.24 
2005/8/18,1.23 
2005/8/19,1.24 
2005/8/22,1.23 
2005/8/23,1.22 
2005/8/24,1.22 
2005/8/25,1.22 
2005/8/26,1.23 
2005/8/29,1.23 
2005/8/30,1.22 
2005/8/31,1.21 
2005/9/1,1.21 
2005/9/2,1.21 
2005/9/5,1.22 
2005/9/6,1.21 
2005/9/7,1.22 
2005/9/8,1.21 
2005/9/9,1.22 
2005/9/12,1.22 
2005/9/13,1.21 
2005/9/14,1.20 
2005/9/15,1.19 
2005/9/16,1.20 
2005/9/19,1.19 
2005/9/20,1.19 
2005/9/21,1.18 
2005/9/22,1.19 
2005/9/23,1.18 
2005/9/26,1.17 
2005/9/27,1.17 
2005/9/28,1.12 
2005/9/29,1.14 
2005/9/30,1.15 
2005/10/8,1.15 
2005/10/9,1.13 
2005/10/10,1.13 
2005/10/11,1.12 
2005/10/12,1.12 
2005/10/13,1.11 
2005/10/14,1.12 
2005/10/17,1.12 
2005/10/18,1.12 
2005/10/19,1.12 
2005/10/20,1.11 
2005/10/21,1.11 
2005/10/24,1.12 
2005/10/25,1.12 
2005/10/26,1.12 
2005/10/27,1.12 
2005/10/28,1.12 
2005/10/31,1.11 
2005/11/1,1.11 
2005/11/2,1.11 
2005/11/3,1.11 
2005/11/4,1.11 
2005/11/7,1.11 
2005/11/8,1.10 
2005/11/9,1.10 
2005/11/10,1.11 
2005/11/11,1.12 
2005/11/14,1.12 
2005/11/15,1.12 
2005/11/16,1.12 
2005/11/17,1.12 
2005/11/18,1.17 
2005/11/21,1.20 
2005/11/22,1.24 
2005/11/23,1.28 
2005/11/24,1.28 
2005/11/25,1.32 
2005/11/28,1.35 
2005/11/29,1.38 
2005/11/30,1.44 
2005/12/1,1.53 
2005/12/2,1.56 
2005/12/5,1.63 
2005/12/6,1.64 
2005/12/7,1.63 
2005/12/8,1.63 
2005/12/9,1.62 
2005/12/12,1.62 
2005/12/13,1.60 
2005/12/14,1.59 
2005/12/15,1.56 
2005/12/16,1.56 
2005/12/19,1.56 
2005/12/20,1.55 
2005/12/21,1.54 
2005/12/22,1.54 
2005/12/23,1.51 
2005/12/26,1.53 
2005/12/27,1.53 
2005/12/28,1.51 
2005/12/29,1.52 
2005/12/30,1.51 
2005/12/31,1.51 
2006/1/4,1.50 
2006/1/5,1.49 
2006/1/6,1.49 
2006/1/9,1.48 
2006/1/10,1.47 
2006/1/11,1.47 
2006/1/12,1.46 
2006/1/13,1.46 
2006/1/16,1.45 
2006/1/17,1.45 
2006/1/18,1.44 
2006/1/19,1.47 
2006/1/20,1.49 
2006/1/23,1.56 
2006/1/24,1.94 
2006/1/25,3.07 
2006/1/26,2.44 
2006/1/27,2.02 
2006/2/5,1.56 
2006/2/6,1.50 
2006/2/7,1.49 
2006/2/8,1.48 
2006/2/9,1.46 
2006/2/10,1.42 
2006/2/13,1.41 
2006/2/14,1.40 
2006/2/15,1.37 
2006/2/16,1.35 
2006/2/17,1.34 
2006/2/20,1.32 
2006/2/21,1.31 
2006/2/22,1.31 
2006/2/23,1.32 
2006/2/24,1.32 
2006/2/27,1.35 
2006/2/28,1.38 
2006/3/1,1.38 
2006/3/2,1.39 
2006/3/3,1.41 
2006/3/6,1.41 
2006/3/7,1.44 
2006/3/8,1.44 
2006/3/9,1.43 
2006/3/10,1.42 
2006/3/13,1.41 
2006/3/14,1.40 
2006/3/15,1.41 
2006/3/16,1.42 
2006/3/17,1.41 
2006/3/20,1.41 
2006/3/21,1.42 
2006/3/22,1.51 
2006/3/23,1.62 
2006/3/24,1.63 
2006/3/27,1.63 
2006/3/28,1.62 
2006/3/29,1.62 
2006/3/30,1.62 
2006/3/31,1.62 
2006/4/3,1.61 
2006/4/4,1.60 
2006/4/5,1.60 
2006/4/6,1.59 
2006/4/7,1.57 
2006/4/10,1.54 
2006/4/11,1.52 
2006/4/12,1.51 
2006/4/13,1.51 
2006/4/14,1.55 
2006/4/17,1.61 
2006/4/18,1.66 
2006/4/19,1.68 
2006/4/20,1.72 
2006/4/21,1.73 
2006/4/24,1.77 
2006/4/25,1.81 
2006/4/26,1.87 
2006/4/27,1.95 
2006/4/28,2.11 
2006/4/29,1.88 
2006/4/30,1.79 
2006/5/8,1.79 
2006/5/9,1.78 
2006/5/10,1.76 
2006/5/11,1.77 
2006/5/12,1.75 
2006/5/15,1.72 
2006/5/16,1.69 
2006/5/17,1.64 
2006/5/18,1.68 
2006/5/19,1.66 
2006/5/22,1.64 
2006/5/23,1.62 
2006/5/24,1.64 
2006/5/25,1.64 
2006/5/26,1.62 
2006/5/29,1.61 
2006/5/30,1.61 
2006/5/31,1.67 
2006/6/1,1.74 
2006/6/2,1.74 
2006/6/5,1.75 
2006/6/6,1.75 
2006/6/7,1.80 
2006/6/8,1.81 
2006/6/9,1.81 
2006/6/12,1.84 
2006/6/13,1.88 
2006/6/14,1.99 
2006/6/15,2.04 
2006/6/16,2.06 
2006/6/19,2.27 
2006/6/20,2.18 
2006/6/21,2.13 
2006/6/22,2.09 
2006/6/23,2.09 
2006/6/26,2.08 
2006/6/27,2.06 
2006/6/28,2.03 
2006/6/29,2.09 
2006/6/30,2.08 
2006/7/3,2.09 
2006/7/4,2.10 
2006/7/5,2.07 
2006/7/6,2.04 
2006/7/7,2.03 
2006/7/10,2.01 
2006/7/11,2.00 
2006/7/12,1.95 
2006/7/13,1.94 
2006/7/14,2.00 
2006/7/17,2.10 
2006/7/18,2.21 
2006/7/19,2.40 
2006/7/20,2.59 
2006/7/21,2.65 
2006/7/24,2.67 
2006/7/25,2.67 
2006/7/26,2.67 
2006/7/27,2.69 
2006/7/28,2.69 
2006/7/31,2.66 
2006/8/1,2.66 
2006/8/2,2.67 
2006/8/3,2.66 
2006/8/4,2.61 
2006/8/7,2.62 
2006/8/8,2.60 
2006/8/9,2.59 
2006/8/10,2.58 
2006/8/11,2.53 
2006/8/14,2.50 
2006/8/15,2.45 
2006/8/16,2.46 
2006/8/17,2.45 
2006/8/18,2.40 
2006/8/21,2.49 
2006/8/22,2.42 
2006/8/23,2.37 
2006/8/24,2.32 
2006/8/25,2.22 
2006/8/28,2.14 
2006/8/29,2.14 
2006/8/30,2.18 
2006/8/31,2.22 
2006/9/1,2.23 
2006/9/4,2.22 
2006/9/5,2.18 
2006/9/6,2.18 
2006/9/7,2.13 
2006/9/8,2.12 
2006/9/11,2.09 
2006/9/12,2.07 
2006/9/13,2.09 
2006/9/14,2.09 
2006/9/15,2.08 
2006/9/18,2.05 
2006/9/19,2.02 
2006/9/20,2.00 
2006/9/21,2.04 
2006/9/22,2.19 
2006/9/25,2.29 
2006/9/26,2.31 
2006/9/27,2.29 
2006/9/28,2.37 
2006/9/29,2.40 
2006/9/30,2.30 
2006/10/8,2.24 
2006/10/9,2.26 
2006/10/10,2.25 
2006/10/11,2.25 
2006/10/12,2.25 
2006/10/13,2.25 
2006/10/16,2.30 
2006/10/17,2.39 
2006/10/18,2.48 
2006/10/19,2.50 
2006/10/20,2.48 
2006/10/23,2.45 
2006/10/24,2.46 
2006/10/25,2.37 
2006/10/26,2.31 
2006/10/27,2.30 
2006/10/30,2.37 
2006/10/31,2.41 
2006/11/1,2.47 
2006/11/2,2.48 
2006/11/3,2.42 
2006/11/6,2.57 
2006/11/7,2.70 
2006/11/8,2.85 
2006/11/9,2.95 
2006/11/10,3.19 
2006/11/13,3.34 
2006/11/14,3.64 
2006/11/15,3.68 
2006/11/16,3.54 
2006/11/17,3.82 
2006/11/20,3.94 
2006/11/21,4.00 
2006/11/22,3.72 
2006/11/23,3.73 
2006/11/24,3.88 
2006/11/27,3.16 
2006/11/28,3.03 
2006/11/29,2.47 
2006/11/30,2.42 
2006/12/1,2.37 
2006/12/4,2.35 
2006/12/5,2.31 
2006/12/6,2.29 
2006/12/7,2.25 
2006/12/8,2.24 
2006/12/11,2.24 
2006/12/12,2.20 
2006/12/13,2.22 
2006/12/14,2.05 
2006/12/15,2.03 
2006/12/18,2.02 
2006/12/19,1.98 
2006/12/20,1.96 
2006/12/21,1.89 
2006/12/22,2.10 
2006/12/25,2.29 
2006/12/26,2.28 
2006/12/27,2.27 
2006/12/28,2.07 
2006/12/29,1.95 
2006/12/30,1.89 
2006/12/31,1.51 
2007/1/4,1.51 
2007/1/5,1.48 
2007/1/8,1.44 
2007/1/9,1.43 
2007/1/10,1.41 
2007/1/11,1.40 
2007/1/12,1.39 
2007/1/15,1.36 
2007/1/16,1.35 
2007/1/17,1.48 
2007/1/18,1.50 
2007/1/19,1.60 
2007/1/22,1.79 
2007/1/23,1.95 
2007/1/24,1.99 
2007/1/25,2.01 
2007/1/26,2.06 
2007/1/29,2.09 
2007/1/30,2.09 
2007/1/31,2.08 
2007/2/1,2.07 
2007/2/2,1.97 
2007/2/5,2.06 
2007/2/6,2.17 
2007/2/7,2.57 
2007/2/8,3.59 
2007/2/9,4.20 
2007/2/12,4.60 
2007/2/13,3.31 
2007/2/14,4.11 
2007/2/15,2.36 
2007/2/16,2.07 
2007/2/17,1.48 
2007/2/25,2.81 
2007/2/26,2.63 
2007/2/27,2.47 
2007/2/28,1.97 
2007/3/1,1.76 
2007/3/2,1.68 
2007/3/5,1.65 
2007/3/6,1.60 
2007/3/7,1.54 
2007/3/8,1.51 
2007/3/9,1.48 
2007/3/12,1.46 
2007/3/13,1.44 
2007/3/14,1.43 
2007/3/15,1.45 
2007/3/16,1.51 
2007/3/19,1.65 
2007/3/20,1.69 
2007/3/21,1.75 
2007/3/22,1.80 
2007/3/23,1.86 
2007/3/26,1.94 
2007/3/27,1.95 
2007/3/28,1.96 
2007/3/29,1.96 
2007/3/30,1.96 
2007/4/2,1.93 
2007/4/3,1.94 
2007/4/4,1.95 
2007/4/5,1.99 
2007/4/6,2.18 
2007/4/9,2.29 
2007/4/10,2.36 
2007/4/11,2.37 
2007/4/12,2.39 
2007/4/13,2.48 
2007/4/16,2.96 
2007/4/17,2.98 
2007/4/18,3.45 
2007/4/19,4.12 
2007/4/20,4.21 
2007/4/23,4.54 
2007/4/24,4.77 
2007/4/25,4.75 
2007/4/26,4.12 
2007/4/27,3.29 
2007/4/28,2.20 
2007/4/29,2.06 
2007/4/30,1.80 
2007/5/8,1.79 
2007/5/9,1.80 
2007/5/10,1.87 
2007/5/11,3.02 
2007/5/14,3.20 
2007/5/15,3.06 
2007/5/16,2.97 
2007/5/17,2.85 
2007/5/18,2.53 
2007/5/21,2.51 
2007/5/22,2.47 
2007/5/23,2.39 
2007/5/24,2.36 
2007/5/25,2.34 
2007/5/28,2.33 
2007/5/29,2.30 
2007/5/30,2.32 
2007/5/31,2.47 
2007/6/1,2.82 
2007/6/4,2.84 
2007/6/5,2.79 
2007/6/6,2.75 
2007/6/7,2.48 
2007/6/8,2.30 
2007/6/11,2.29 
2007/6/12,2.27 
2007/6/13,2.27 
2007/6/14,3.34 
2007/6/15,4.32 
2007/6/18,4.28 
2007/6/19,3.99 
2007/6/20,2.99 
2007/6/21,2.28 
2007/6/22,2.19 
2007/6/25,2.01 
2007/6/26,1.96 
2007/6/27,1.85 
2007/6/28,1.84 
2007/6/29,2.90 
2007/7/2,3.65 
2007/7/3,3.94 
2007/7/4,2.40 
2007/7/5,2.38 
2007/7/6,2.37 
2007/7/9,2.90 
2007/7/10,3.82 
2007/7/11,3.91 
2007/7/12,3.22 
2007/7/13,3.10 
2007/7/16,2.86 
2007/7/17,2.69 
2007/7/18,2.22 
2007/7/19,2.15 
2007/7/20,2.11 
2007/7/23,2.15 
2007/7/24,2.15 
2007/7/25,2.14 
2007/7/26,2.11 
2007/7/27,2.12 
2007/7/30,2.09 
2007/7/31,2.69 
2007/8/1,2.71 
2007/8/2,2.19 
2007/8/3,2.03 
2007/8/6,2.02 
2007/8/7,2.06 
2007/8/8,2.14 
2007/8/9,2.15 
2007/8/10,2.26 
2007/8/13,2.17 
2007/8/14,2.11 
2007/8/15,2.08 
2007/8/16,1.98 
2007/8/17,1.97 
2007/8/20,1.98 
2007/8/21,1.96 
2007/8/22,2.19 
2007/8/23,2.38 
2007/8/24,2.43 
2007/8/27,2.33 
2007/8/28,2.44 
2007/8/29,2.42 
2007/8/30,2.66 
2007/8/31,2.45 
2007/9/3,2.46 
2007/9/4,2.18 
2007/9/5,2.36 
2007/9/6,2.47 
2007/9/7,2.85 
2007/9/10,3.68 
2007/9/11,3.81 
2007/9/12,3.84 
2007/9/13,4.03 
2007/9/14,5.72 
2007/9/17,5.93 
2007/9/18,5.91 
2007/9/19,6.52 
2007/9/20,6.76 
2007/9/21,6.84 
2007/9/24,6.95 
2007/9/25,7.10 
2007/9/26,4.87 
2007/9/27,3.29 
2007/9/28,2.02 
2007/9/29,1.96 
2007/9/30,1.99 
2007/10/8,2.01 
2007/10/9,2.05 
2007/10/10,2.08 
2007/10/11,2.11 
2007/10/12,2.22 
2007/10/15,2.31 
2007/10/16,2.30 
2007/10/17,2.36 
2007/10/18,2.38 
2007/10/19,2.52 
2007/10/22,2.95 
2007/10/23,5.88 
2007/10/24,8.00 
2007/10/25,8.90 
2007/10/26,10.12 
2007/10/29,2.98 
2007/10/30,2.88 
2007/10/31,3.08 
2007/11/1,3.00 
2007/11/2,3.08 
2007/11/5,3.04 
2007/11/6,3.03 
2007/11/7,2.97 
2007/11/8,2.66 
2007/11/9,2.73 
2007/11/12,2.43 
2007/11/13,2.29 
2007/11/14,2.14 
2007/11/15,2.18 
2007/11/16,2.09 
2007/11/19,3.18 
2007/11/20,4.04 
2007/11/21,4.26 
2007/11/22,2.32 
2007/11/23,2.75 
2007/11/26,2.77 
2007/11/27,2.71 
2007/11/28,2.10 
2007/11/29,2.93 
2007/11/30,3.08 
2007/12/3,4.23 
2007/12/4,4.35 
2007/12/5,4.12 
2007/12/6,3.92 
2007/12/7,2.45 
2007/12/10,2.50 
2007/12/11,4.11 
2007/12/12,4.46 
2007/12/13,4.84 
2007/12/14,3.34 
2007/12/17,3.18 
2007/12/18,2.83 
2007/12/19,2.47 
2007/12/20,2.33 
2007/12/21,2.15 
2007/12/24,2.07 
2007/12/25,2.19 
2007/12/26,2.35 
2007/12/27,2.28 
2007/12/28,2.48 
2007/12/29,2.78 
2008/1/2,2.87 
2008/1/3,2.93 
2008/1/4,2.78 
2008/1/7,2.74 
2008/1/8,2.50 
2008/1/9,2.44 
2008/1/10,2.45 
2008/1/11,2.03 
2008/1/14,2.07 
2008/1/15,2.42 
2008/1/16,2.56 
2008/1/17,2.72 
2008/1/18,2.64 
2008/1/21,2.72 
2008/1/22,3.81 
2008/1/23,4.89 
2008/1/24,5.10 
2008/1/25,3.54 
2008/1/28,3.00 
2008/1/29,2.96 
2008/1/30,3.21 
2008/1/31,3.20 
2008/2/1,2.95 
2008/2/2,2.83 
2008/2/3,2.90 
2008/2/4,2.87 
2008/2/5,2.57 
2008/2/13,2.59 
2008/2/14,2.61 
2008/2/15,2.59 
2008/2/18,2.57 
2008/2/19,2.58 
2008/2/20,2.64 
2008/2/21,3.87 
2008/2/22,3.82 
2008/2/25,4.47 
2008/2/26,4.19 
2008/2/27,2.83 
2008/2/28,2.83 
2008/2/29,2.81 
2008/3/3,2.81 
2008/3/4,2.61 
2008/3/5,2.59 
2008/3/6,2.56 
2008/3/7,2.37 
2008/3/10,2.33 
2008/3/11,2.50 
2008/3/12,2.69 
2008/3/13,2.55 
2008/3/14,2.55 
2008/3/17,2.54 
2008/3/18,2.48 
2008/3/19,2.44 
2008/3/20,2.43 
2008/3/21,2.42 
2008/3/24,2.37 
2008/3/25,2.38 
2008/3/26,2.46 
2008/3/27,2.38 
2008/3/28,2.39 
2008/3/31,2.89 
2008/4/1,3.09 
2008/4/2,3.15 
2008/4/3,2.78 
2008/4/7,3.23 
2008/4/8,3.58 
2008/4/9,3.95 
2008/4/10,3.46 
2008/4/11,2.80 
2008/4/14,3.06 
2008/4/15,3.23 
2008/4/16,3.33 
2008/4/17,3.30 
2008/4/18,2.84 
2008/4/21,2.81 
2008/4/22,2.79 
2008/4/23,2.69 
2008/4/24,2.69 
2008/4/25,2.89 
2008/4/28,2.85 
2008/4/29,2.93 
2008/4/30,2.81 
2008/5/4,2.81 
2008/5/5,2.97 
2008/5/6,2.98 
2008/5/7,3.05 
2008/5/8,3.01 
2008/5/9,2.95 
2008/5/12,3.20 
2008/5/13,3.30 
2008/5/14,3.37 
2008/5/15,3.48 
2008/5/16,3.92 
2008/5/19,3.93 
2008/5/20,3.93 
2008/5/21,3.73 
2008/5/22,3.82 
2008/5/23,3.49 
2008/5/26,3.48 
2008/5/27,3.39 
2008/5/28,3.08 
2008/5/29,3.20 
2008/5/30,3.13 
2008/6/2,3.14 
2008/6/3,3.12 
2008/6/4,3.28 
2008/6/5,3.31 
2008/6/6,3.34 
2008/6/10,4.94 
2008/6/11,4.06 
2008/6/12,3.55 
2008/6/13,3.34 
2008/6/16,3.24 
2008/6/17,3.21 
2008/6/18,3.18 
2008/6/19,3.37 
2008/6/20,3.15 
2008/6/23,3.04 
2008/6/24,3.07 
2008/6/25,3.14 
2008/6/26,3.26 
2008/6/27,3.25 
2008/6/30,3.29 
2008/7/1,3.00 
2008/7/2,3.16 
2008/7/3,2.90 
2008/7/4,2.93 
2008/7/7,3.02 
2008/7/8,3.19 
2008/7/9,3.11 
2008/7/10,2.92 
2008/7/11,2.77 
2008/7/14,3.02 
2008/7/15,3.08 
2008/7/16,2.92 
2008/7/17,3.03 
2008/7/18,3.16 
2008/7/21,3.03 
2008/7/22,3.04 
2008/7/23,2.98 
2008/7/24,3.08 
2008/7/25,3.03 
2008/7/28,3.13 
2008/7/29,3.41 
2008/7/30,3.41 
2008/7/31,3.76 
2008/8/1,3.79 
2008/8/4,3.86 
2008/8/5,3.88 
2008/8/6,3.77 
2008/8/7,3.23 
2008/8/8,3.16 
2008/8/11,3.14 
2008/8/12,3.14 
2008/8/13,3.15 
2008/8/14,3.21 
2008/8/15,2.79 
2008/8/18,3.27 
2008/8/19,3.13 
2008/8/20,3.11 
2008/8/21,3.01 
2008/8/22,3.10 
2008/8/25,3.00 
2008/8/26,3.04 
2008/8/27,3.02 
2008/8/28,3.21 
2008/8/29,3.00 
2008/9/1,3.03 
2008/9/2,3.07 
2008/9/3,3.05 
2008/9/4,3.15 
2008/9/5,2.97 
2008/9/8,2.91 
2008/9/9,3.06 
2008/9/10,2.99 
2008/9/11,3.02 
2008/9/12,3.01 
2008/9/16,2.97 
2008/9/17,3.11 
2008/9/18,3.22 
2008/9/19,3.37 
2008/9/22,3.46 
2008/9/23,3.42 
2008/9/24,3.35 
2008/9/25,3.39 
2008/9/26,3.43 
2008/9/27,3.42 
2008/9/28,3.25 
2008/10/6,3.56 
2008/10/7,3.73 
2008/10/8,3.36 
2008/10/9,3.31 
2008/10/10,3.43 
2008/10/13,3.33 
2008/10/14,3.15 
2008/10/15,3.23 
2008/10/16,3.20 
2008/10/17,3.07 
2008/10/20,3.01 
2008/10/21,3.00 
2008/10/22,2.92 
2008/10/23,3.00 
2008/10/24,3.00 
2008/10/27,2.91 
2008/10/28,2.89 
2008/10/29,2.95 
2008/10/30,2.89 
2008/10/31,2.80 
2008/11/3,2.88 
2008/11/4,2.94 
2008/11/5,2.87 
2008/11/6,2.85 
2008/11/7,2.79 
2008/11/10,2.79 
2008/11/11,2.79 
2008/11/12,2.78 
2008/11/13,2.69 
2008/11/14,2.71 
2008/11/17,2.69 
2008/11/18,2.64 
2008/11/19,2.63 
2008/11/20,2.60 
2008/11/21,2.52 
2008/11/24,2.59 
2008/11/25,2.58 
2008/11/26,2.54 
2008/11/27,1.99 
2008/11/28,2.10 
2008/12/1,1.98 
2008/12/2,1.97 
2008/12/3,1.98 
2008/12/4,1.98 
2008/12/5,1.85 
2008/12/8,1.85 
2008/12/9,1.75 
2008/12/10,1.57 
2008/12/11,1.49 
2008/12/12,1.54 
2008/12/15,1.51 
2008/12/16,1.51 
2008/12/17,1.43 
2008/12/18,1.37 
2008/12/19,1.40 
2008/12/22,1.37 
2008/12/23,1.37 
2008/12/24,1.22 
2008/12/25,1.22 
2008/12/26,1.18 
2008/12/29,1.15 
2008/12/30,1.07 
2008/12/31,1.00 
2009/1/4,0.99 
2009/1/5,1.00 
2009/1/6,0.99 
2009/1/7,1.01 
2009/1/8,0.99 
2009/1/9,0.94 
2009/1/12,0.94 
2009/1/13,0.92 
2009/1/14,0.93 
2009/1/15,0.91 
2009/1/16,0.92 
2009/1/19,0.91 
2009/1/20,0.87 
2009/1/21,0.94 
2009/1/22,1.03 
2009/1/23,1.02 
2009/1/24,0.88 
2009/2/1,0.92 
2009/2/2,0.91 
2009/2/3,0.94 
2009/2/4,0.97 
2009/2/5,0.94 
2009/2/6,0.94 
2009/2/9,0.95 
2009/2/10,0.94 
2009/2/11,0.93 
2009/2/12,0.94 
2009/2/13,0.97 
2009/2/16,0.96 
2009/2/17,0.97 
2009/2/18,0.97 
2009/2/19,0.95 
2009/2/20,0.99 
2009/2/23,1.01 
2009/2/24,0.97 
2009/2/25,0.96 
2009/2/26,0.95 
2009/2/27,0.94 
2009/3/2,0.96 
2009/3/3,0.96 
2009/3/4,0.96 
2009/3/5,0.95 
2009/3/6,0.94 
2009/3/9,0.97 
2009/3/10,0.95 
2009/3/11,0.97 
2009/3/12,0.95 
2009/3/13,0.95 
2009/3/16,0.98 
2009/3/17,0.94 
2009/3/18,0.91 
2009/3/19,0.98 
2009/3/20,0.98 
2009/3/23,0.98 
2009/3/24,0.94 
2009/3/25,0.94 
2009/3/26,0.93 
2009/3/27,0.98 
2009/3/30,0.94 
2009/3/31,0.94 
2009/4/1,0.95 
2009/4/2,0.96 
2009/4/3,0.96 
2009/4/7,0.96 
2009/4/8,0.96 
2009/4/9,0.95 
2009/4/10,0.95 
2009/4/13,0.92 
2009/4/14,0.91 
2009/4/15,0.92 
2009/4/16,0.93 
2009/4/17,0.92 
2009/4/20,0.92 
2009/4/21,0.92 
2009/4/22,0.96 
2009/4/23,0.96 
2009/4/24,0.97 
2009/4/27,0.95 
2009/4/28,0.95 
2009/4/29,0.94 
2009/4/30,0.96 
2009/5/4,0.95 
2009/5/5,0.93 
2009/5/6,0.93 
2009/5/7,0.94 
2009/5/8,0.94 
2009/5/11,0.93 
2009/5/12,0.96 
2009/5/13,0.94 
2009/5/14,0.94 
2009/5/15,0.96 
2009/5/18,0.95 
2009/5/19,0.97 
2009/5/20,0.97 
2009/5/21,0.96 
2009/5/22,0.97 
2009/5/25,0.95 
2009/5/26,0.96 
2009/5/27,0.96 
2009/5/31,0.95 
2009/6/1,0.94 
2009/6/2,0.95 
2009/6/3,0.95 
2009/6/4,0.95 
2009/6/5,0.95 
2009/6/8,0.95 
2009/6/9,0.94 
2009/6/10,0.95 
2009/6/11,0.94 
2009/6/12,0.94 
2009/6/15,0.94 
2009/6/16,0.95 
2009/6/17,0.95 
2009/6/18,0.95 
2009/6/19,0.99 
2009/6/22,1.10 
2009/6/23,1.12 
2009/6/24,1.19 
2009/6/25,1.14 
2009/6/26,1.17 
2009/6/29,1.20 
2009/6/30,1.21 
2009/7/1,1.17 
2009/7/2,1.28 
2009/7/3,1.24 
2009/7/6,1.22 
2009/7/7,1.22 
2009/7/8,1.22 
2009/7/9,1.23 
2009/7/10,1.23 
2009/7/13,1.27 
2009/7/14,1.38 
2009/7/15,1.44 
2009/7/16,1.52 
2009/7/17,1.56 
2009/7/20,1.74 
2009/7/21,2.11 
2009/7/22,2.06 
2009/7/23,1.93 
2009/7/24,1.72 
2009/7/27,1.60 
2009/7/28,1.56 
2009/7/29,1.53 
2009/7/30,1.64 
2009/7/31,1.94 
2009/8/3,2.15 
2009/8/4,1.50 
2009/8/5,1.81 
2009/8/6,1.62 
2009/8/7,1.60 
2009/8/10,1.63 
2009/8/11,1.55 
2009/8/12,1.50 
2009/8/13,1.44 
2009/8/14,1.41 
2009/8/17,1.42 
2009/8/18,1.29 
2009/8/19,1.28 
2009/8/20,1.29 
2009/8/21,1.26 
2009/8/24,1.29 
2009/8/25,1.34 
2009/8/26,1.37 
2009/8/27,1.37 
2009/8/28,1.40 
2009/8/31,1.48 
2009/9/1,1.35 
2009/9/2,1.56 
2009/9/3,1.68 
2009/9/4,1.73 
2009/9/7,1.72 
2009/9/8,1.70 
2009/9/9,1.67 
2009/9/10,1.54 
2009/9/11,1.44 
2009/9/14,1.46 
2009/9/15,1.46 
2009/9/16,1.48 
2009/9/17,1.47 
2009/9/18,1.54 
2009/9/21,1.61 
2009/9/22,1.59 
2009/9/23,1.58 
2009/9/24,1.77 
2009/9/25,1.63 
2009/9/27,1.61 
2009/9/28,1.58 
2009/9/29,1.64 
2009/9/30,1.84 
2009/10/9,1.70 
2009/10/10,1.67 
2009/10/12,1.58 
2009/10/13,1.58 
2009/10/14,1.55 
2009/10/15,1.53 
2009/10/16,1.53 
2009/10/19,1.54 
2009/10/20,1.50 
2009/10/21,1.54 
2009/10/22,1.48 
2009/10/23,1.42 
2009/10/26,1.48 
2009/10/27,1.43 
2009/10/28,1.47 
2009/10/29,1.40 
2009/10/30,1.34 
2009/11/2,1.34 
2009/11/3,1.46 
2009/11/4,1.36 
2009/11/5,1.44 
2009/11/6,1.44 
2009/11/9,1.47 
2009/11/10,1.48 
2009/11/11,1.46 
2009/11/12,1.47 
2009/11/13,1.48 
2009/11/16,1.36 
2009/11/17,1.43 
2009/11/18,1.39 
2009/11/19,1.40 
2009/11/20,1.45 
2009/11/23,1.47 
2009/11/24,1.40 
2009/11/25,1.42 
2009/11/26,1.43 
2009/11/27,1.46 
2009/11/30,1.45 
2009/12/1,1.45 
2009/12/2,1.47 
2009/12/3,1.49 
2009/12/4,1.50 
2009/12/7,1.50 
2009/12/8,1.42 
2009/12/9,1.47 
2009/12/10,1.46 
2009/12/11,1.48 
2009/12/14,1.48 
2009/12/15,1.45 
2009/12/16,1.43 
2009/12/17,1.46 
2009/12/18,1.46 
2009/12/21,1.44 
2009/12/22,1.44 
2009/12/23,1.40 
2009/12/24,1.39 
2009/12/25,1.46 
2009/12/28,1.53 
2009/12/29,1.60 
2009/12/30,1.59 
2009/12/31,1.56 
2010/1/4,1.40 
2010/1/5,1.40 
2010/1/6,1.39 
2010/1/7,1.37 
2010/1/8,1.39 
2010/1/11,1.37 
2010/1/12,1.40 
2010/1/13,1.37 
2010/1/14,1.45 
2010/1/15,1.42 
2010/1/18,1.39 
2010/1/19,1.35 
2010/1/20,1.47 
2010/1/21,1.40 
2010/1/22,1.48 
2010/1/25,1.35 
2010/1/26,1.54 
2010/1/27,1.58 
2010/1/28,1.84 
2010/1/29,1.86 
2010/2/1,1.81 
2010/2/2,1.79 
2010/2/3,1.76 
2010/2/4,1.78 
2010/2/5,1.73 
2010/2/8,1.83 
2010/2/9,1.89 
2010/2/10,2.04 
2010/2/11,2.85 
2010/2/12,2.56 
2010/2/20,1.95 
2010/2/21,1.50 
2010/2/22,1.48 
2010/2/23,1.59 
2010/2/24,1.66 
2010/2/25,1.69 
2010/2/26,1.68 
2010/3/1,1.65 
2010/3/2,1.72 
2010/3/3,1.77 
2010/3/4,1.69 
2010/3/5,1.69 
2010/3/8,1.64 
2010/3/9,1.69 
2010/3/10,1.75 
2010/3/11,1.69 
2010/3/12,1.68 
2010/3/15,1.63 
2010/3/16,1.64 
2010/3/17,1.65 
2010/3/18,1.65 
2010/3/19,1.64 
2010/3/22,1.60 
2010/3/23,1.58 
2010/3/24,1.57 
2010/3/25,1.57 
2010/3/26,1.56 
2010/3/29,1.54 
2010/3/30,1.62 
2010/3/31,1.60 
2010/4/1,1.57 
2010/4/2,1.59 
2010/4/6,1.62 
2010/4/7,1.68 
2010/4/8,1.70 
2010/4/9,1.69 
2010/4/12,1.64 
2010/4/13,1.69 
2010/4/14,1.66 
2010/4/15,1.68 
2010/4/16,1.68 
2010/4/19,1.58 
2010/4/20,1.65 
2010/4/21,1.69 
2010/4/22,1.65 
2010/4/23,1.70 
2010/4/26,1.64 
2010/4/27,1.65 
2010/4/28,1.61 
2010/4/29,1.60 
2010/4/30,1.60 
2010/5/4,1.62 
2010/5/5,1.66 
2010/5/6,1.70 
2010/5/7,1.71 
2010/5/10,1.70 
2010/5/11,1.71 
2010/5/12,1.73 
2010/5/13,1.74 
2010/5/14,1.75 
2010/5/17,1.74 
2010/5/18,1.74 
2010/5/19,1.78 
2010/5/20,1.79 
2010/5/21,1.83 
2010/5/24,1.88 
2010/5/25,1.95 
2010/5/26,2.21 
2010/5/27,2.43 
2010/5/28,2.31 
2010/5/31,2.51 
2010/6/1,3.19 
2010/6/2,3.28 
2010/6/3,3.15 
2010/6/4,2.21 
2010/6/7,1.92 
2010/6/8,2.19 
2010/6/9,2.23 
2010/6/10,2.50 
2010/6/11,2.73 
2010/6/12,2.77 
2010/6/13,2.63 
2010/6/17,2.62 
2010/6/18,2.73 
2010/6/21,2.67 
2010/6/22,2.82 
2010/6/23,2.70 
2010/6/24,2.90 
2010/6/25,3.13 
2010/6/28,2.83 
2010/6/29,2.87 
2010/6/30,2.65 
2010/7/1,2.65 
2010/7/2,2.60 
2010/7/5,2.55 
2010/7/6,2.67 
2010/7/7,2.45 
2010/7/8,2.39 
2010/7/9,2.29 
2010/7/12,2.05 
2010/7/13,1.99 
2010/7/14,1.81 
2010/7/15,1.87 
2010/7/16,1.86 
2010/7/19,1.85 
2010/7/20,1.81 
2010/7/21,1.84 
2010/7/22,1.72 
2010/7/23,1.78 
2010/7/26,1.73 
2010/7/27,1.74 
2010/7/28,1.69 
2010/7/29,1.68 
2010/7/30,1.67 
2010/8/2,1.64 
2010/8/3,1.69 
2010/8/4,1.64 
2010/8/5,1.70 
2010/8/6,1.69 
2010/8/9,1.68 
2010/8/10,1.75 
2010/8/11,1.70 
2010/8/12,1.74 
2010/8/13,1.74 
2010/8/16,1.78 
2010/8/17,1.79 
2010/8/18,1.77 
2010/8/19,1.74 
2010/8/20,1.75 
2010/8/23,1.72 
2010/8/24,1.76 
2010/8/25,1.78 
2010/8/26,1.84 
2010/8/27,2.26 
2010/8/30,2.51 
2010/8/31,2.93 
2010/9/1,3.19 
2010/9/2,2.49 
2010/9/3,2.34 
2010/9/6,2.24 
2010/9/7,2.25 
2010/9/8,2.22 
2010/9/9,2.28 
2010/9/10,2.29 
2010/9/13,2.40 
2010/9/14,2.37 
2010/9/15,2.27 
2010/9/16,2.53 
2010/9/17,2.00 
2010/9/19,1.99 
2010/9/20,2.25 
2010/9/21,2.25 
2010/9/25,2.24 
2010/9/26,3.02 
2010/9/27,2.46 
2010/9/28,2.56 
2010/9/29,2.77 
2010/9/30,2.85 
2010/10/8,2.68 
2010/10/9,1.89 
2010/10/11,1.95 
2010/10/12,1.90 
2010/10/13,1.92 
2010/10/14,1.93 
2010/10/15,1.93 
2010/10/18,1.95 
2010/10/19,1.91 
2010/10/20,1.95 
2010/10/21,1.94 
2010/10/22,1.94 
2010/10/25,1.94 
2010/10/26,1.95 
2010/10/27,2.04 
2010/10/28,2.02 
2010/10/29,2.02 
2010/11/1,1.99 
2010/11/2,1.82 
2010/11/3,1.83 
2010/11/4,1.82 
2010/11/5,1.61 
2010/11/8,1.63 
2010/11/9,1.64 
2010/11/10,1.63 
2010/11/11,1.68 
2010/11/12,1.70 
2010/11/15,1.78 
2010/11/16,1.75 
2010/11/17,1.93 
2010/11/18,2.01 
2010/11/19,2.09 
2010/11/22,2.16 
2010/11/23,2.23 
2010/11/24,2.35 
2010/11/25,2.54 
2010/11/26,2.72 
2010/11/29,2.72 
2010/11/30,3.33 
2010/12/1,3.35 
2010/12/2,3.35 
2010/12/3,3.33 
2010/12/6,3.05 
2010/12/7,2.20 
2010/12/8,2.51 
2010/12/9,2.49 
2010/12/10,2.49 
2010/12/13,2.58 
2010/12/14,3.29 
2010/12/15,3.64 
2010/12/16,3.41 
2010/12/17,3.72 
2010/12/20,3.53 
2010/12/21,4.05 
2010/12/22,4.19 
2010/12/23,5.71 
2010/12/24,5.42 
2010/12/27,5.06 
2010/12/28,5.82 
2010/12/29,6.12 
2010/12/30,6.37 
2010/12/31,5.17 
2011/1/4,4.19 
2011/1/5,3.19 
2011/1/6,3.09 
2011/1/7,2.81 
2011/1/10,2.38 
2011/1/11,2.46 
2011/1/12,2.49 
2011/1/13,2.33 
2011/1/14,2.53 
2011/1/17,2.60 
2011/1/18,2.80 
2011/1/19,4.08 
2011/1/20,6.11 
2011/1/21,7.50 
2011/1/24,5.27 
2011/1/25,7.69 
2011/1/26,7.82 
2011/1/27,8.26 
2011/1/28,8.02 
2011/1/30,8.62 
2011/1/31,8.13 
2011/2/1,3.27 
2011/2/9,4.14 
2011/2/10,3.96 
2011/2/11,3.92 
2011/2/12,2.68 
2011/2/14,2.73 
2011/2/15,2.65 
2011/2/16,2.60 
2011/2/17,2.94 
2011/2/18,2.84 
2011/2/21,6.11 
2011/2/22,6.22 
2011/2/23,6.25 
2011/2/24,3.56 
2011/2/25,3.15 
2011/2/28,3.00 
2011/3/1,2.98 
2011/3/2,2.99 
2011/3/3,2.47 
2011/3/4,2.21 
2011/3/7,2.18 
2011/3/8,2.22 
2011/3/9,2.15 
2011/3/10,2.28 
2011/3/11,2.05 
2011/3/14,2.01 
2011/3/15,1.99 
2011/3/16,2.00 
2011/3/17,2.01 
2011/3/18,2.02 
2011/3/21,2.96 
2011/3/22,2.84 
2011/3/23,2.72 
2011/3/24,2.64 
2011/3/25,2.28 
2011/3/28,2.30 
2011/3/29,2.13 
2011/3/30,2.64 
2011/3/31,2.83 
2011/4/1,2.78 
2011/4/2,2.28 
2011/4/6,2.41 
2011/4/7,2.07 
2011/4/8,2.48 
2011/4/11,2.01 
2011/4/12,2.01 
2011/4/13,2.01 
2011/4/14,2.39 
2011/4/15,2.36 
2011/4/18,2.70 
2011/4/19,2.96 
2011/4/20,2.99 
2011/4/21,3.95 
2011/4/22,3.54 
2011/4/25,4.11 
2011/4/26,4.40 
2011/4/27,3.70 
2011/4/28,3.04 
2011/4/29,2.94 
2011/5/3,2.97 
2011/5/4,3.00 
2011/5/5,2.97 
2011/5/6,2.77 
2011/5/9,2.76 
2011/5/10,2.79 
2011/5/11,2.78 
2011/5/12,2.76 
2011/5/13,3.61 
2011/5/16,4.66 
2011/5/17,4.59 
2011/5/18,3.28 
2011/5/19,3.62 
2011/5/20,4.08 
2011/5/23,4.72 
2011/5/24,4.77 
2011/5/25,5.32 
2011/5/26,5.02 
2011/5/27,4.39 
2011/5/30,3.47 
2011/5/31,3.85 
2011/6/1,3.91 
2011/6/2,3.52 
2011/6/3,3.47 
2011/6/7,3.24 
2011/6/8,3.82 
2011/6/9,4.14 
2011/6/10,4.61 
2011/6/13,4.51 
2011/6/14,4.18 
2011/6/15,6.23 
2011/6/16,6.62 
2011/6/17,6.71 
2011/6/20,7.51 
2011/6/21,8.34 
2011/6/22,8.81 
2011/6/23,9.04 
2011/6/24,8.41 
2011/6/27,7.25 
2011/6/28,6.63 
2011/6/29,6.38 
2011/6/30,6.56 
2011/7/1,5.90 
2011/7/4,4.80 
2011/7/5,6.88 
2011/7/6,7.42 
2011/7/7,5.60 
2011/7/8,6.15 
2011/7/11,5.32 
2011/7/12,4.83 
2011/7/13,3.79 
2011/7/14,4.98 
2011/7/15,4.13 
2011/7/18,4.53 
2011/7/19,4.64 
2011/7/20,5.49 
2011/7/21,5.92 
2011/7/22,5.41 
2011/7/25,5.27 
2011/7/26,5.03 
2011/7/27,4.97 
2011/7/28,5.07 
2011/7/29,5.10 
2011/8/1,5.01 
2011/8/2,4.87 
2011/8/3,4.10 
2011/8/4,3.27 
2011/8/5,3.02 
2011/8/8,3.00 
2011/8/9,3.11 
2011/8/10,3.12 
2011/8/11,3.10 
2011/8/12,3.09 
2011/8/15,3.24 
2011/8/16,3.23 
2011/8/17,3.25 
2011/8/18,3.85 
2011/8/19,4.52 
2011/8/22,5.01 
2011/8/23,5.20 
2011/8/24,4.45 
2011/8/25,4.49 
2011/8/26,4.07 
2011/8/29,4.41 
2011/8/30,4.96 
2011/8/31,4.94 
2011/9/1,4.75 
2011/9/2,4.21 
2011/9/5,4.89 
2011/9/6,4.49 
2011/9/7,4.35 
2011/9/8,3.99 
2011/9/9,3.63 
2011/9/13,3.28 
2011/9/14,3.30 
2011/9/15,3.33 
2011/9/16,3.32 
2011/9/19,3.57 
2011/9/20,3.99 
2011/9/21,4.09 
2011/9/22,3.93 
2011/9/23,4.12 
2011/9/26,3.79 
2011/9/27,4.69 
2011/9/28,4.85 
2011/9/29,5.08 
2011/9/30,5.02 
2011/10/8,4.97 
2011/10/9,4.81 
2011/10/10,4.44 
2011/10/11,4.20 
2011/10/12,3.34 
2011/10/13,3.14 
2011/10/14,3.14 
2011/10/17,3.35 
2011/10/18,3.48 
2011/10/19,3.37 
2011/10/20,3.47 
2011/10/21,3.45 
2011/10/24,3.41 
2011/10/25,4.00 
2011/10/26,4.11 
2011/10/27,4.56 
2011/10/28,5.04 
2011/10/31,4.97 
2011/11/1,4.40 
2011/11/2,3.71 
2011/11/3,3.40 
2011/11/4,3.50 
2011/11/7,3.58 
2011/11/8,3.56 
2011/11/9,3.53 
2011/11/10,3.48 
2011/11/11,3.50 
2011/11/14,3.30 
2011/11/15,3.32 
2011/11/16,3.36 
2011/11/17,3.56 
2011/11/18,3.71 
2011/11/21,4.22 
2011/11/22,4.41 
2011/11/23,4.35 
2011/11/24,4.14 
2011/11/25,4.04 
2011/11/28,3.99 
2011/11/29,3.67 
2011/11/30,3.97 
2011/12/1,3.98 
2011/12/2,3.70 
2011/12/5,3.29 
2011/12/6,3.38 
2011/12/7,3.44 
2011/12/8,3.47 
2011/12/9,3.52 
2011/12/12,3.54 
2011/12/13,3.48 
2011/12/14,3.23 
2011/12/15,3.45 
2011/12/16,3.08 
2011/12/19,3.02 
2011/12/20,3.24 
2011/12/21,3.60 
2011/12/22,3.77 
2011/12/23,3.74 
2011/12/26,4.18 
2011/12/27,4.45 
2011/12/28,4.80 
2011/12/29,5.39 
2011/12/30,5.60 
2011/12/31,6.33 
2012/1/4,4.08 
2012/1/5,4.48 
2012/1/6,4.31 
2012/1/9,4.52 
2012/1/10,4.08 
2012/1/11,3.99 
2012/1/12,4.18 
2012/1/13,4.90 
2012/1/16,6.16 
2012/1/17,7.15 
2012/1/18,7.72 
2012/1/19,5.98 
2012/1/20,5.01 
2012/1/21,4.13 
2012/1/29,4.22 
2012/1/30,4.36 
2012/1/31,4.33 
2012/2/1,4.35 
2012/2/2,4.33 
2012/2/3,3.35 
2012/2/6,3.45 
2012/2/7,3.50 
2012/2/8,3.72 
2012/2/9,3.67 
2012/2/10,3.63 
2012/2/13,3.66 
2012/2/14,3.79 
2012/2/15,3.91 
2012/2/16,4.37 
2012/2/17,5.31 
2012/2/20,5.38 
2012/2/21,5.25 
2012/2/22,5.10 
2012/2/23,5.51 
2012/2/24,4.48 
2012/2/27,3.66 
2012/2/28,3.66 
2012/2/29,3.48 
2012/3/1,3.28 
2012/3/2,3.28 
2012/3/5,3.15 
2012/3/6,3.14 
2012/3/7,3.10 
2012/3/8,2.94 
2012/3/9,2.99 
2012/3/12,2.80 
2012/3/13,3.00 
2012/3/14,3.00 
2012/3/15,2.88 
2012/3/16,2.90 
2012/3/19,2.89 
2012/3/20,3.01 
2012/3/21,3.08 
2012/3/22,3.18 
2012/3/23,2.97 
2012/3/26,3.30 
2012/3/27,3.31 
2012/3/28,3.53 
2012/3/29,3.51 
2012/3/30,3.71 
2012/3/31,3.45 
2012/4/1,3.45 
2012/4/5,3.99 
2012/4/6,4.23 
2012/4/9,3.75 
2012/4/10,3.70 
2012/4/11,3.78 
2012/4/12,3.80 
2012/4/13,3.80 
2012/4/16,3.81 
2012/4/17,3.76 
2012/4/18,3.76 
2012/4/19,3.81 
2012/4/20,3.95 
2012/4/23,3.79 
2012/4/24,3.74 
2012/4/25,3.93 
2012/4/26,3.99 
2012/4/27,3.88 
2012/4/28,3.78 
2012/5/2,3.81 
2012/5/3,3.85 
2012/5/4,3.84 
2012/5/7,3.76 
2012/5/8,3.70 
2012/5/9,3.33 
2012/5/10,3.23 
2012/5/11,3.19 
2012/5/14,3.12 
2012/5/15,2.83 
2012/5/16,2.79 
2012/5/17,2.69 
2012/5/18,2.69 
2012/5/21,2.67 
2012/5/22,2.69 
2012/5/23,2.44 
2012/5/24,2.23 
2012/5/25,2.50 
2012/5/28,2.50 
2012/5/29,2.59 
2012/5/30,2.35 
2012/5/31,2.17 
2012/6/1,2.38 
2012/6/4,2.53 
2012/6/5,2.60 
2012/6/6,2.59 
2012/6/7,2.69 
2012/6/8,2.46 
2012/6/11,2.42 
2012/6/12,2.55 
2012/6/13,2.70 
2012/6/14,2.70 
2012/6/15,2.73 
2012/6/18,2.57 
2012/6/19,2.98 
2012/6/20,3.45 
2012/6/21,4.34 
2012/6/25,4.20 
2012/6/26,4.30 
2012/6/27,4.25 
2012/6/28,3.98 
2012/6/29,4.14 
2012/7/2,4.17 
2012/7/3,4.17 
2012/7/4,3.87 
2012/7/5,4.02 
2012/7/6,3.48 
2012/7/9,3.36 
2012/7/10,3.33 
2012/7/11,3.28 
2012/7/12,3.19 
2012/7/13,3.34 
2012/7/16,3.28 
2012/7/17,3.28 
2012/7/18,3.47 
2012/7/19,3.53 
2012/7/20,3.58 
2012/7/23,3.57 
2012/7/24,3.39 
2012/7/25,3.34 
2012/7/26,3.38 
2012/7/27,3.15 
2012/7/30,3.14 
2012/7/31,3.36 
2012/8/1,3.41 
2012/8/2,3.49 
2012/8/3,3.39 
2012/8/6,3.41 
2012/8/7,3.25 
2012/8/8,3.26 
2012/8/9,3.29 
2012/8/10,3.30 
2012/8/13,3.34 
2012/8/14,3.35 
2012/8/15,3.43 
2012/8/16,3.55 
2012/8/17,3.89 
2012/8/20,3.62 
2012/8/21,3.75 
2012/8/22,3.80 
2012/8/23,3.80 
2012/8/24,3.61 
2012/8/27,3.45 
2012/8/28,3.10 
2012/8/29,3.52 
2012/8/30,3.60 
2012/8/31,3.52 
2012/9/3,3.37 
2012/9/4,2.50 
2012/9/5,3.43 
2012/9/6,3.40 
2012/9/7,3.40 
2012/9/10,3.00 
2012/9/11,3.00 
2012/9/12,3.43 
2012/9/13,3.44 
2012/9/14,3.36 
2012/9/17,3.24 
2012/9/18,3.15 
2012/9/19,3.33 
2012/9/20,3.92 
2012/9/21,4.43 
2012/9/24,4.51 
2012/9/25,4.70 
2012/9/26,3.85 
2012/9/27,3.81 
2012/9/28,3.04 
2012/9/29,3.13 
2012/10/8,3.83 
2012/10/9,3.76 
2012/10/10,3.16 
2012/10/11,3.19 
2012/10/12,3.18 
2012/10/15,2.81 
2012/10/16,2.80 
2012/10/17,2.87 
2012/10/18,2.69 
2012/10/19,2.68 
2012/10/22,2.72 
2012/10/23,2.92 
2012/10/24,3.17 
2012/10/25,3.62 
2012/10/26,3.72 
2012/10/29,4.32 
2012/10/30,3.28 
2012/10/31,3.23 
2012/11/1,3.44 
2012/11/2,3.37 
2012/11/5,3.33 
2012/11/6,3.20 
2012/11/7,3.12 
2012/11/8,3.28 
2012/11/9,3.11 
2012/11/12,3.10 
2012/11/13,3.16 
2012/11/14,3.35 
2012/11/15,3.32 
2012/11/16,2.90 
2012/11/19,3.20 
2012/11/20,3.35 
2012/11/21,3.20 
2012/11/22,3.23 
2012/11/23,2.84 
2012/11/26,2.88 
2012/11/27,2.89 
2012/11/28,3.36 
2012/11/29,3.34 
2012/11/30,3.38 
2012/12/3,3.35 
2012/12/4,2.88 
2012/12/5,2.80 
2012/12/6,2.89 
2012/12/7,3.04 
2012/12/10,3.04 
2012/12/11,3.02 
2012/12/12,3.01 
2012/12/13,2.68 
2012/12/14,3.00 
2012/12/17,3.03 
2012/12/18,3.01 
2012/12/19,3.05 
2012/12/20,3.47 
2012/12/21,3.42 
2012/12/24,3.16 
2012/12/25,3.72 
2012/12/26,3.81 
2012/12/27,4.17 
2012/12/28,4.12 
2012/12/31,4.58 
2013/1/4,4.04 
2013/1/5,3.69 
2013/1/6,3.50 
2013/1/7,3.17 
2013/1/8,3.11 
2013/1/9,2.99 
2013/1/10,2.92 
2013/1/11,2.73 
2013/1/14,2.75 
2013/1/15,2.81 
2013/1/16,2.78 
2013/1/17,2.75 
2013/1/18,2.84 
2013/1/21,2.94 
2013/1/22,2.98 
2013/1/23,2.98 
2013/1/24,2.84 
2013/1/25,2.70 
2013/1/28,2.98 
2013/1/29,3.11 
2013/1/30,3.22 
2013/1/31,3.25 
2013/2/1,3.33 
2013/2/4,3.47 
2013/2/5,3.38 
2013/2/6,3.73 
2013/2/7,4.09 
2013/2/8,3.53 
2013/2/16,2.74 
2013/2/17,2.92 
2013/2/18,2.91 
2013/2/19,2.91 
2013/2/20,2.95 
2013/2/21,3.00 
2013/2/22,3.10 
2013/2/25,3.29 
2013/2/26,3.82 
2013/2/27,4.27 
2013/2/28,4.30 
2013/3/1,4.43 
2013/3/4,4.29 
2013/3/5,3.19 
2013/3/6,2.99 
2013/3/7,2.53 
2013/3/8,2.49 
2013/3/11,2.99 
2013/3/12,3.04 
2013/3/13,3.02 
2013/3/14,3.09 
2013/3/15,3.36 
2013/3/18,3.03 
2013/3/19,2.96 
2013/3/20,3.29 
2013/3/21,3.06 
2013/3/22,2.94 
2013/3/25,2.92 
2013/3/26,3.04 
2013/3/27,2.86 
2013/3/28,3.19 
2013/3/29,3.44 
2013/4/1,3.41 
2013/4/2,3.42 
2013/4/3,3.24 
2013/4/7,3.32 
2013/4/8,3.28 
2013/4/9,3.27 
2013/4/10,3.21 
2013/4/11,3.03 
2013/4/12,2.95 
2013/4/15,2.97 
2013/4/16,3.03 
2013/4/17,3.00 
2013/4/18,2.90 
2013/4/19,3.11 
2013/4/22,3.16 
2013/4/23,3.64 
2013/4/24,4.74 
2013/4/25,4.99 
2013/4/26,3.55 
2013/4/27,3.49 
2013/4/28,2.99 
2013/5/2,2.95 
2013/5/3,3.23 
2013/5/6,3.20 
2013/5/7,3.18 
2013/5/8,2.99 
2013/5/9,3.11 
2013/5/10,2.97 
2013/5/13,2.90 
2013/5/14,2.80 
2013/5/15,2.78 
2013/5/16,3.21 
2013/5/17,3.70 
2013/5/20,4.38 
2013/5/21,4.44 
2013/5/22,4.03 
2013/5/23,4.22 
2013/5/24,4.16 
2013/5/27,4.09 
2013/5/28,3.54 
2013/5/29,3.71 
2013/5/30,4.18 
2013/5/31,4.81 
2013/6/3,4.66 
2013/6/4,4.74 
2013/6/5,4.80 
2013/6/6,5.32 
2013/6/7,6.85 
2013/6/8,7.84 
2013/6/9,5.97 
2013/6/13,6.39 
2013/6/14,6.90 
2013/6/17,6.89 
2013/6/18,6.82 
2013/6/19,8.26 
2013/6/20,11.62 
2013/6/21,9.25 
2013/6/24,7.53 
2013/6/25,7.44 
2013/6/26,7.29 
2013/6/27,6.74 
2013/6/28,6.16 
2013/7/1,5.45 
2013/7/2,4.76 
2013/7/3,4.23 
2013/7/4,3.96 
2013/7/5,3.81 
2013/7/8,3.67 
2013/7/9,3.61 
2013/7/10,3.60 
2013/7/11,3.83 
2013/7/12,3.81 
2013/7/15,3.81 
2013/7/16,3.71 
2013/7/17,3.61 
2013/7/18,3.74 
2013/7/19,3.77 
2013/7/22,3.94 
2013/7/23,4.01 
2013/7/24,4.05 
2013/7/25,4.30 
2013/7/26,4.41 
2013/7/29,5.12 
2013/7/30,5.00 
2013/7/31,4.99 
2013/8/1,4.59 
2013/8/2,4.33 
2013/8/5,4.35 
2013/8/6,4.14 
2013/8/7,3.89 
2013/8/8,3.79 
2013/8/9,3.66 
2013/8/12,3.68 
2013/8/13,3.73 
2013/8/14,3.88 
2013/8/15,4.01 
2013/8/16,3.83 
2013/8/19,4.18 
2013/8/20,4.51 
2013/8/21,4.32 
2013/8/22,4.16 
2013/8/23,4.18 
2013/8/26,4.06 
2013/8/27,4.25 
2013/8/28,4.30 
2013/8/29,4.35 
2013/8/30,3.74 
2013/9/2,3.75 
2013/9/3,3.73 
2013/9/4,3.49 
2013/9/5,3.47 
2013/9/6,3.47 
2013/9/9,3.56 
2013/9/10,3.63 
2013/9/11,3.49 
2013/9/12,3.57 
2013/9/13,3.59 
2013/9/16,3.50 
2013/9/17,3.66 
2013/9/18,3.83 
2013/9/22,4.01 
2013/9/23,4.40 
2013/9/24,4.52 
2013/9/25,4.03 
2013/9/26,4.14 
2013/9/27,3.69 
2013/9/29,3.85 
2013/9/30,4.25 
2013/10/8,4.41 
2013/10/9,4.53 
2013/10/10,4.49 
2013/10/11,4.25 
2013/10/12,4.23 
2013/10/14,3.82 
2013/10/15,3.85 
2013/10/16,3.34 
2013/10/17,3.36 
2013/10/18,3.49 
2013/10/21,3.57 
2013/10/22,3.58 
2013/10/23,4.05 
2013/10/24,4.79 
2013/10/25,5.06 
2013/10/28,5.00 
2013/10/29,5.04 
2013/10/30,5.69 
2013/10/31,5.03 
2013/11/1,4.60 
2013/11/4,4.42 
2013/11/5,4.24 
2013/11/6,3.88 
2013/11/7,3.90 
2013/11/8,3.95 
2013/11/11,3.82 
2013/11/12,3.60 
2013/11/13,3.74 
2013/11/14,4.29 
2013/11/15,5.45 
2013/11/18,5.44 
2013/11/19,4.93 
2013/11/20,4.82 
2013/11/21,4.90 
2013/11/22,4.88 
2013/11/25,4.86 
2013/11/26,4.76 
2013/11/27,4.78 
2013/11/28,4.92 
2013/11/29,4.72 
2013/12/2,4.63 
2013/12/3,4.62 
2013/12/4,4.58 
2013/12/5,4.57 
2013/12/6,4.55 
2013/12/9,4.49 
2013/12/10,4.43 
2013/12/11,4.34 
2013/12/12,4.31 
2013/12/13,4.31 
2013/12/16,4.45 
2013/12/17,4.78 
2013/12/18,6.30 
2013/12/19,7.06 
2013/12/20,8.21 
2013/12/23,8.94 
2013/12/24,6.44 
2013/12/25,5.58 
2013/12/26,5.33 
2013/12/27,5.10 
2013/12/30,4.93 
2013/12/31,5.40 
2014/1/2,4.98 
2014/1/3,4.70 
2014/1/6,4.60 
2014/1/7,4.26 
2014/1/8,4.08 
2014/1/9,4.02 
2014/1/10,4.03 
2014/1/13,4.01 
2014/1/14,4.03 
2014/1/15,4.02 
2014/1/16,4.35 
2014/1/17,5.17 
2014/1/20,6.59 
2014/1/21,5.55 
2014/1/22,5.30 
2014/1/23,5.40 
2014/1/24,4.64 
2014/1/26,4.84 
2014/1/27,4.96 
2014/1/28,5.16 
2014/1/29,5.35 
2014/1/30,4.99 
2014/2/7,5.43 
2014/2/8,5.24 
2014/2/10,5.31 
2014/2/11,5.20 
2014/2/12,5.19 
2014/2/13,5.00 
2014/2/14,4.36 
2014/2/17,3.84 
2014/2/18,3.76 
2014/2/19,3.75 
2014/2/20,3.68 
2014/2/21,3.36 
2014/2/24,3.27 
2014/2/25,3.22 
2014/2/26,3.09 
2014/2/27,3.44 
2014/2/28,3.52 
2014/3/3,2.82 
2014/3/4,3.50 
2014/3/5,3.78 
2014/3/6,2.48 
2014/3/7,2.42 
2014/3/10,2.30 
2014/3/11,2.26 
2014/3/12,2.23 
2014/3/13,2.51 
2014/3/14,2.60 
2014/3/17,2.66 
2014/3/18,2.89 
2014/3/19,3.46 
2014/3/20,3.50 
2014/3/21,3.57 
2014/3/24,3.58 
2014/3/25,3.64 
2014/3/26,3.89 
2014/3/27,4.84 
2014/3/28,4.22 
2014/3/31,4.19 
2014/4/1,4.21 
2014/4/2,4.20 
2014/4/3,4.09 
2014/4/4,3.02 
2014/4/8,3.60 
2014/4/9,3.68 
2014/4/10,3.71 
2014/4/11,3.75 
2014/4/14,3.52 
2014/4/15,3.41 
2014/4/16,2.73 
2014/4/17,2.74 
2014/4/18,2.82 
2014/4/21,2.70 
2014/4/22,3.07 
2014/4/23,3.11 
2014/4/24,3.53 
2014/4/25,3.51 
2014/4/28,4.02 
2014/4/29,4.11 
2014/4/30,4.07 
2014/5/4,3.63 
2014/5/5,3.14 
2014/5/6,3.11 
2014/5/7,3.11 
2014/5/8,3.20 
2014/5/9,3.17 
2014/5/12,3.16 
2014/5/13,3.18 
2014/5/14,3.20 
2014/5/15,3.13 
2014/5/16,3.10 
2014/5/19,3.09 
2014/5/20,3.37 
2014/5/21,3.39 
2014/5/22,3.41 
2014/5/23,3.38 
2014/5/26,3.20 
2014/5/27,3.21 
2014/5/28,3.21 
2014/5/29,3.24 
2014/5/30,3.24 
2014/6/3,3.19 
2014/6/4,3.15 
2014/6/5,3.07 
2014/6/6,3.16 
2014/6/9,3.13 
2014/6/10,3.13 
2014/6/11,3.15 
2014/6/12,3.16 
2014/6/13,3.05 
2014/6/16,3.02 
2014/6/17,3.08 
2014/6/18,3.09 
2014/6/19,3.18 
2014/6/20,3.49 
2014/6/23,3.47 
2014/6/24,3.52 
2014/6/25,3.60 
2014/6/26,3.65 
2014/6/27,3.86 
2014/6/30,4.00 
2014/7/1,4.45 
2014/7/2,3.91 
2014/7/3,3.42 
2014/7/4,3.42 
2014/7/7,3.47 
2014/7/8,3.56 
2014/7/9,3.77 
2014/7/10,3.78 
2014/7/11,3.77 
2014/7/14,3.78 
2014/7/15,3.71 
2014/7/16,3.70 
2014/7/17,3.71 
2014/7/18,3.76 
2014/7/21,3.85 
2014/7/22,4.00 
2014/7/23,4.30 
2014/7/24,4.16 
2014/7/25,4.12 
2014/7/28,4.03 
2014/7/29,3.99 
2014/7/30,3.97 
2014/7/31,4.02 
2014/8/1,3.90 
2014/8/4,3.81 
2014/8/5,3.66 
2014/8/6,3.56 
2014/8/7,3.50 
2014/8/8,3.47 
2014/8/11,3.43 
2014/8/12,3.39 
2014/8/13,3.40 
2014/8/14,3.36 
2014/8/15,3.39 
2014/8/18,3.25 
2014/8/19,3.29 
2014/8/20,3.42 
2014/8/21,3.45 
2014/8/22,3.39 
2014/8/25,3.36 
2014/8/26,3.35 
2014/8/27,3.59 
2014/8/28,3.72 
2014/8/29,3.67 
2014/9/1,3.56 
2014/9/2,3.49 
2014/9/3,3.39 
2014/9/4,3.28 
2014/9/5,3.20 
2014/9/9,3.16 
2014/9/10,3.23 
2014/9/11,3.28 
2014/9/12,3.26 
2014/9/15,3.28 
2014/9/16,3.33 
2014/9/17,3.38 
2014/9/18,3.38 
2014/9/19,3.34 
2014/9/22,3.23 
2014/9/23,3.14 
2014/9/24,3.33 
2014/9/25,3.42 
2014/9/26,3.30 
2014/9/28,3.04 
2014/9/29,2.90 
2014/9/30,2.91 
2014/10/8,2.99 
2014/10/9,3.01 
2014/10/10,3.07 
2014/10/11,3.01 
2014/10/13,3.06 
2014/10/14,3.07 
2014/10/15,3.06 
2014/10/16,3.02 
2014/10/17,3.00 
2014/10/20,2.97 
2014/10/21,2.95 
2014/10/22,2.98 
2014/10/23,3.06 
2014/10/24,3.07 
2014/10/27,3.09 
2014/10/28,3.16 
2014/10/29,3.23 
2014/10/30,3.28 
2014/10/31,3.25 
2014/11/3,3.26 
2014/11/4,3.22 
2014/11/5,3.17 
2014/11/6,3.15 
2014/11/7,3.18 
2014/11/10,3.15 
2014/11/11,3.12 
2014/11/12,3.13 
2014/11/13,3.14 
2014/11/14,3.12 
2014/11/17,3.10 
2014/11/18,3.09 
2014/11/19,3.21 
2014/11/20,3.28 
2014/11/21,3.66 
2014/11/24,3.51 
2014/11/25,3.36 
2014/11/26,3.32 
2014/11/27,3.40 
2014/11/28,3.48 
2014/12/1,3.40 
2014/12/2,3.42 
2014/12/3,3.45 
2014/12/4,3.46 
2014/12/5,3.42 
2014/12/8,3.48 
2014/12/9,3.57 
2014/12/10,3.64 
2014/12/11,3.81 
2014/12/12,3.75 
2014/12/15,3.68 
2014/12/16,3.61 
2014/12/17,4.03 
2014/12/18,5.61 
2014/12/19,6.08 
2014/12/22,6.38 
2014/12/23,5.55 
2014/12/24,5.06 
2014/12/25,4.90 
2014/12/26,4.73 
2014/12/29,4.67 
2014/12/30,4.75 
2014/12/31,5.07 
2015/1/4,4.84 
2015/1/5,4.40 
2015/1/6,4.00 
2015/1/7,3.86 
2015/1/8,3.74 
2015/1/9,3.78 
2015/1/12,3.84 
2015/1/13,3.85 
2015/1/14,3.85 
2015/1/15,3.86 
2015/1/16,3.88 
2015/1/19,3.76 
2015/1/20,3.87 
2015/1/21,4.13 
2015/1/22,4.18 
2015/1/23,3.94 
2015/1/26,3.92 
2015/1/27,3.91 
2015/1/28,3.98 
2015/1/29,4.16 
2015/1/30,4.34 
2015/2/2,4.51 
2015/2/3,4.58 
2015/2/4,4.60 
2015/2/5,4.44 
2015/2/6,4.41 
2015/2/9,4.40 
2015/2/10,4.41 
2015/2/11,4.56 
2015/2/12,4.66 
2015/2/13,4.72 
2015/2/15,4.72 
2015/2/16,4.91 
2015/2/17,4.83 
2015/2/25,4.77 
2015/2/26,4.74 
2015/2/27,4.96 
2015/2/28,4.84 
2015/3/2,4.82 
2015/3/3,4.81 
2015/3/4,4.75 
2015/3/5,4.79 
2015/3/6,4.84 
2015/3/9,4.85 
2015/3/10,4.82 
2015/3/11,4.76 
2015/3/12,4.77 
2015/3/13,4.72 
2015/3/16,4.66 
2015/3/17,4.64 
2015/3/18,4.60 
2015/3/19,4.41 
2015/3/20,4.23 
2015/3/23,4.07 
2015/3/24,3.99 
2015/3/25,3.93 
2015/3/26,3.98 
2015/3/27,4.08 
2015/3/30,4.07 
2015/3/31,3.98 
2015/4/1,3.78 
2015/4/2,3.61 
2015/4/3,3.43 
2015/4/7,3.26 
2015/4/8,3.12 
2015/4/9,3.09 
2015/4/10,3.03 
2015/4/13,2.99 
2015/4/14,2.99 
2015/4/15,2.99 
2015/4/16,2.98 
2015/4/17,2.92 
2015/4/20,2.79 
2015/4/21,2.64 
2015/4/22,2.56 
2015/4/23,2.54 
2015/4/24,2.47 
2015/4/27,2.47 
2015/4/28,2.48 
2015/4/29,2.50 
2015/4/30,2.42 
2015/5/4,2.44 
2015/5/5,2.47 
2015/5/6,2.42 
2015/5/7,2.40 
2015/5/8,2.34 
2015/5/11,2.26 
2015/5/12,2.18 
2015/5/13,2.10 
2015/5/14,2.01 
2015/5/15,1.94 
2015/5/18,1.96 
2015/5/19,1.97 
2015/5/20,2.00 
2015/5/21,2.02 
2015/5/22,1.98 
2015/5/25,1.99 
2015/5/26,1.98 
2015/5/27,1.95 
2015/5/28,2.00 
2015/5/29,1.99 
2015/6/1,2.01 
2015/6/2,2.20 
2015/6/3,2.25 
2015/6/4,2.23 
2015/6/5,2.05 
2015/6/8,2.06 
2015/6/9,2.04 
2015/6/10,2.05 
2015/6/11,2.14 
2015/6/12,2.11 
2015/6/15,2.17 
2015/6/16,2.34 
2015/6/17,2.46 
2015/6/18,2.65 
2015/6/19,2.87 
2015/6/23,2.84 
2015/6/24,3.08 
2015/6/25,3.11 
2015/6/26,3.20 
2015/6/29,2.85 
2015/6/30,2.81 
2015/7/1,2.88 
2015/7/2,2.90 
2015/7/3,2.94 
2015/7/6,2.61 
2015/7/7,2.60 
2015/7/8,2.57 
2015/7/9,2.57 
2015/7/10,2.54 
2015/7/13,2.55 
2015/7/14,2.55 
2015/7/15,2.46 
2015/7/16,2.44 
2015/7/17,2.44 
2015/7/20,2.44 
2015/7/21,2.47 
2015/7/22,2.53 
2015/7/23,2.57 
2015/7/24,2.53 
2015/7/27,2.52 
2015/7/28,2.46 
2015/7/29,2.46 
2015/7/30,2.47 
2015/7/31,2.48 
2015/8/3,2.46 
2015/8/4,2.43 
2015/8/5,2.40 
2015/8/6,2.30 
2015/8/7,2.42 
2015/8/10,2.40 
2015/8/11,2.39 
2015/8/12,2.45 
2015/8/13,2.48 
2015/8/14,2.50 
2015/8/17,2.51 
2015/8/18,2.52 
2015/8/19,2.57 
2015/8/20,2.62 
2015/8/21,2.58 
2015/8/24,2.55 
2015/8/25,2.60 
2015/8/26,2.43 
2015/8/27,2.37 
2015/8/28,2.40 
2015/8/31,2.50 
2015/9/1,2.43 
2015/9/2,2.46 
2015/9/6,2.38 
2015/9/7,2.43 
2015/9/8,2.44 
2015/9/9,2.40 
2015/9/10,2.45 
2015/9/11,2.38 
2015/9/14,2.38 
2015/9/15,2.39 
2015/9/16,2.41 
2015/9/17,2.39 
2015/9/18,2.42 
2015/9/21,2.39 
2015/9/22,2.41 
2015/9/23,2.38 
2015/9/24,2.48 
2015/9/25,2.38 
2015/9/28,2.38 
2015/9/29,2.40 
2015/9/30,2.39 
2015/10/8,2.42 
2015/10/9,2.48 
2015/10/10,2.36 
2015/10/12,2.42 
2015/10/13,2.46 
2015/10/14,2.47 
2015/10/15,2.46 
2015/10/16,2.43 
2015/10/19,2.44 
2015/10/20,2.43 
2015/10/21,2.43 
2015/10/22,2.45 
2015/10/23,2.45 
2015/10/26,2.44 
2015/10/27,2.35 
2015/10/28,2.34 
2015/10/29,2.39 
2015/10/30,2.38 
2015/11/2,2.37 
2015/11/3,2.44 
2015/11/4,2.39 
2015/11/5,2.35 
2015/11/6,2.35 
2015/11/9,2.34 
2015/11/10,2.36 
2015/11/11,2.36 
2015/11/12,2.35 
2015/11/13,2.34 
2015/11/16,2.34 
2015/11/17,2.37 
2015/11/18,2.32 
2015/11/19,2.35 
2015/11/20,2.32 
2015/11/23,2.33 
2015/11/24,2.34 
2015/11/25,2.36 
2015/11/26,2.42 
2015/11/27,2.41 
2015/11/30,2.41 
2015/12/1,2.44 
2015/12/2,2.42 
2015/12/3,2.37 
2015/12/4,2.39 
2015/12/7,2.39 
2015/12/8,2.39 
2015/12/9,2.41 
2015/12/10,2.46 
2015/12/11,2.44 
2015/12/14,2.44 
2015/12/15,2.44 
2015/12/16,2.42 
2015/12/17,2.47 
2015/12/18,2.45 
2015/12/21,2.46 
2015/12/22,2.46 
2015/12/23,2.41 
2015/12/24,2.37 
2015/12/25,2.49 
2015/12/28,2.59 
2015/12/29,2.66 
2015/12/30,2.62 
2015/12/31,2.39 
2016/1/4,2.46 
2016/1/5,2.48 
2016/1/6,2.54 
2016/1/7,2.43 
2016/1/8,2.37 
2016/1/11,2.41 
2016/1/12,2.39 
2016/1/13,2.40 
2016/1/14,2.43 
2016/1/15,2.42 
2016/1/18,2.45 
2016/1/19,2.60 
2016/1/20,2.61 
2016/1/21,2.72 
2016/1/22,2.62 
2016/1/25,2.56 
2016/1/26,2.55 
2016/1/27,2.47 
2016/1/28,2.52 
2016/1/29,2.42 
2016/2/1,2.46 
2016/2/2,2.53 
2016/2/3,2.43 
2016/2/4,2.55 
2016/2/5,2.37 
2016/2/6,2.27 
2016/2/14,2.28 
2016/2/15,2.39 
2016/2/16,2.44 
2016/2/17,2.39 
2016/2/18,2.37 
2016/2/19,2.34 
2016/2/22,2.34 
2016/2/23,2.35 
2016/2/24,2.49 
2016/2/25,2.47 
2016/2/26,2.50 
2016/2/29,2.58 
2016/3/1,2.42 
2016/3/2,2.38 
2016/3/3,2.35 
2016/3/4,2.33 
2016/3/7,2.36 
2016/3/8,2.37 
2016/3/9,2.34 
2016/3/10,2.36 
2016/3/11,2.32 
2016/3/14,2.37 
2016/3/15,2.37 
2016/3/16,2.39 
2016/3/17,2.41 
2016/3/18,2.52 
2016/3/21,2.59 
2016/3/22,2.56 
2016/3/23,2.57 
2016/3/24,2.45 
2016/3/25,2.45 
2016/3/28,2.52 
2016/3/29,2.52 
2016/3/30,2.79 
2016/3/31,2.85 
2016/4/1,2.44 
2016/4/5,2.42 
2016/4/6,2.39 
2016/4/7,2.39 
2016/4/8,2.37 
2016/4/11,2.37 
2016/4/12,2.43 
2016/4/13,2.49 
2016/4/14,2.51 
2016/4/15,2.47 
2016/4/18,2.41 
2016/4/19,2.42 
2016/4/20,2.52 
2016/4/21,2.55 
2016/4/22,2.67 
2016/4/25,2.64 
2016/4/26,2.60 
2016/4/27,2.67 
2016/4/28,2.63 
2016/4/29,2.52 
2016/5/3,2.43 
2016/5/4,2.44 
2016/5/5,2.43 
2016/5/6,2.43 
2016/5/9,2.45 
2016/5/10,2.41 
2016/5/11,2.47 
2016/5/12,2.47 
2016/5/13,2.45 
2016/5/16,2.44 
2016/5/17,2.41 
2016/5/18,2.45 
2016/5/19,2.39 
2016/5/20,2.37 
2016/5/23,2.36 
2016/5/24,2.34 
2016/5/25,2.48 
2016/5/26,2.51 
2016/5/27,2.50 
2016/5/30,2.45 
2016/5/31,2.40 
2016/6/1,2.47 
2016/6/2,2.37 
2016/6/3,2.37 
2016/6/6,2.39 
2016/6/7,2.39 
2016/6/8,2.42 
2016/6/12,2.32 
2016/6/13,2.39 
2016/6/14,2.35 
2016/6/15,2.38 
2016/6/16,2.38 
2016/6/17,2.35 
2016/6/20,2.35 
2016/6/21,2.36 
2016/6/22,2.44 
2016/6/23,2.45 
2016/6/24,2.55 
2016/6/27,2.62 
2016/6/28,2.76 
2016/6/29,2.78 
2016/6/30,2.72 
2016/7/1,2.38 
2016/7/4,2.38 
2016/7/5,2.37 
2016/7/6,2.40 
2016/7/7,2.42 
2016/7/8,2.42 
2016/7/11,2.44 
2016/7/12,2.38 
2016/7/13,2.42 
2016/7/14,2.41 
2016/7/15,2.42 
2016/7/18,2.42 
2016/7/19,2.43 
2016/7/20,2.46 
2016/7/21,2.46 
2016/7/22,2.56 
2016/7/25,2.68 
2016/7/26,2.76 
2016/7/27,2.66 
2016/7/28,2.55 
2016/7/29,2.49 
2016/8/1,2.42 
2016/8/2,2.38 
2016/8/3,2.40 
2016/8/4,2.39 
2016/8/5,2.39 
2016/8/8,2.44 
2016/8/9,2.44 
2016/8/10,2.53 
2016/8/11,2.58 
2016/8/12,2.46 
2016/8/15,2.49 
2016/8/16,2.43 
2016/8/17,2.46 
2016/8/18,2.50 
2016/8/19,2.47 
2016/8/22,2.47 
2016/8/23,2.61 
2016/8/24,2.70 
2016/8/25,2.73 
2016/8/26,2.55 
2016/8/29,2.44 
2016/8/30,2.41 
2016/8/31,2.39 
2016/9/1,2.39 
2016/9/2,2.40 
2016/9/5,2.40 
2016/9/6,2.37 
2016/9/7,2.39 
2016/9/8,2.34 
2016/9/9,2.32 
2016/9/12,2.41 
2016/9/13,2.54 
2016/9/14,2.62 
2016/9/18,2.43 
2016/9/19,2.66 
2016/9/20,2.67 
2016/9/21,2.68 
2016/9/22,2.69 
2016/9/23,2.42 
2016/9/26,2.49 
2016/9/27,2.57 
2016/9/28,2.64 
2016/9/29,2.76 
2016/9/30,2.58 
2016/10/8,2.34 
2016/10/9,2.31 
2016/10/10,2.43 
2016/10/11,2.38 
2016/10/12,2.41 
2016/10/13,2.44 
2016/10/14,2.40 
2016/10/17,2.46 
2016/10/18,2.73 
2016/10/19,2.78 
2016/10/20,2.84 
2016/10/21,2.91 
2016/10/24,2.84 
2016/10/25,2.72 
2016/10/26,2.89 
2016/10/27,3.21 
2016/10/28,2.98 
2016/10/31,3.07 
2016/11/1,2.73 
2016/11/2,2.51 
2016/11/3,2.45 
2016/11/4,2.43 
2016/11/7,2.42 
2016/11/8,2.38 
2016/11/9,2.40 
2016/11/10,2.55 
2016/11/11,2.62 
2016/11/14,2.63 
2016/11/15,2.73 
2016/11/16,2.86 
2016/11/17,2.81 
2016/11/18,2.71 
2016/11/21,2.71 
2016/11/22,2.69 
2016/11/23,2.67 
2016/11/24,2.84 
2016/11/25,2.88 
2016/11/28,2.92 
2016/11/29,3.06 
2016/11/30,3.49 
2016/12/1,3.26 
2016/12/2,2.73 
2016/12/5,2.55 
2016/12/6,2.55 
2016/12/7,2.58 
2016/12/8,2.59 
2016/12/9,2.57 
2016/12/12,2.61 
2016/12/13,2.65 
2016/12/14,2.93 
2016/12/15,3.36 
2016/12/16,3.67 
2016/12/19,3.68 
2016/12/20,3.64 
2016/12/21,3.28 
2016/12/22,2.79 
2016/12/23,2.58 
2016/12/26,2.78 
2016/12/27,3.11 
2016/12/28,4.05 
2016/12/29,3.56 
2016/12/30,3.01 
2016/12/31,2.71 
2017/1/3,2.77 
2017/1/4,2.50 
2017/1/5,2.50 
2017/1/6,2.42 
2017/1/9,2.37 
2017/1/10,2.38 
2017/1/11,2.42 
2017/1/12,2.38 
2017/1/13,2.39 
2017/1/16,2.58 
2017/1/17,2.68 
2017/1/18,3.45 
2017/1/19,3.57 
2017/1/20,2.90 
2017/1/22,2.58 
2017/1/23,2.71 
2017/1/24,2.90 
2017/1/25,2.68 
2017/1/26,2.65 
2017/2/3,2.71 
2017/2/4,2.52 
2017/2/6,2.64 
2017/2/7,2.69 
2017/2/8,2.78 
2017/2/9,2.70 
2017/2/10,2.61 
2017/2/13,2.75 
2017/2/14,2.85 
2017/2/15,3.16 
2017/2/16,3.13 
2017/2/17,3.12 
2017/2/20,3.35 
2017/2/21,3.74 
2017/2/22,3.78 
2017/2/23,3.51 
2017/2/24,3.24 
2017/2/27,3.07 
2017/2/28,3.72 
2017/3/1,3.31 
2017/3/2,3.15 
2017/3/3,2.73 
2017/3/6,2.83 
2017/3/7,3.17 
2017/3/8,2.97 
2017/3/9,2.87 
2017/3/10,2.74 
2017/3/13,2.81 
2017/3/14,2.86 
2017/3/15,2.93 
2017/3/16,3.76 
2017/3/17,3.55 
2017/3/20,3.88 
2017/3/21,5.01 
2017/3/22,4.59 
2017/3/23,4.02 
2017/3/24,3.20 
2017/3/27,3.44 
2017/3/28,3.07 
2017/3/29,4.15 
2017/3/30,4.17 
2017/3/31,4.58 
2017/4/1,2.69 
2017/4/5,2.97 
2017/4/6,3.20 
2017/4/7,2.91 
2017/4/10,2.85 
2017/4/11,2.77 
2017/4/12,2.80 
2017/4/13,2.82 
2017/4/14,2.84 
2017/4/17,3.29 
2017/4/18,3.34 
2017/4/19,3.36 
2017/4/20,3.58 
2017/4/21,3.54 
2017/4/24,3.60 
2017/4/25,3.84 
2017/4/26,3.96 
2017/4/27,4.36 
2017/4/28,4.18 
2017/5/2,3.62 
2017/5/3,3.92 
2017/5/4,3.83 
2017/5/5,3.28 
2017/5/8,3.21 
2017/5/9,3.25 
2017/5/10,3.23 
2017/5/11,3.23 
2017/5/12,3.15 
2017/5/15,3.14 
2017/5/16,3.20 
2017/5/17,3.20 
2017/5/18,3.25 
2017/5/19,3.09 
2017/5/22,3.00 
2017/5/23,2.98 
2017/5/24,2.98 
2017/5/25,3.45 
2017/5/26,3.40 
2017/5/27,2.98 
2017/5/31,3.12 
2017/6/1,3.31 
2017/6/2,3.44 
2017/6/5,3.40 
2017/6/6,3.46 
2017/6/7,3.37 
2017/6/8,3.34 
2017/6/9,3.22 
2017/6/12,3.31 
2017/6/13,3.28 
2017/6/14,3.27 
2017/6/15,3.34 
2017/6/16,3.39 
2017/6/19,3.49 
2017/6/20,3.55 
2017/6/21,3.53 
2017/6/22,3.36 
2017/6/23,3.08 
2017/6/26,3.65 
2017/6/27,3.70 
2017/6/28,3.85 
2017/6/29,3.76 
2017/6/30,3.97 
2017/7/3,3.25 
2017/7/4,3.09 
2017/7/5,2.97 
2017/7/6,2.93 
2017/7/7,2.84 
2017/7/10,2.87 
2017/7/11,3.04 
2017/7/12,3.11 
2017/7/13,3.11 
2017/7/14,2.94 
2017/7/17,3.07 
2017/7/18,3.53 
2017/7/19,4.00 
2017/7/20,3.62 
2017/7/21,3.46 
2017/7/24,3.33 
2017/7/25,3.61 
2017/7/26,3.71 
2017/7/27,3.80 
2017/7/28,3.67 
2017/7/31,3.75 
2017/8/1,3.69 
2017/8/2,3.49 
2017/8/3,3.21 
2017/8/4,3.04 
2017/8/7,3.07 
2017/8/8,3.29 
2017/8/9,3.25 
2017/8/10,3.19 
2017/8/11,3.07 
2017/8/14,3.25 
2017/8/15,3.46 
2017/8/16,3.94 
2017/8/17,4.02 
2017/8/18,3.53 
2017/8/21,3.57 
2017/8/22,3.81 
2017/8/23,3.80 
2017/8/24,3.63 
2017/8/25,3.58 
2017/8/28,3.61 
2017/8/29,3.86 
2017/8/30,4.21 
2017/8/31,4.07 
2017/9/1,3.36 
2017/9/4,3.26 
2017/9/5,3.14 
2017/9/6,3.14 
2017/9/7,3.13 
2017/9/8,3.13 
2017/9/11,3.16 
2017/9/12,3.33 
2017/9/13,3.46 
2017/9/14,3.42 
2017/9/15,3.58 
2017/9/18,3.68 
2017/9/19,3.90 
2017/9/20,3.84 
2017/9/21,3.67 
2017/9/22,3.48 
2017/9/25,3.45 
2017/9/26,3.62 
2017/9/27,3.66 
2017/9/28,3.64 
2017/9/29,4.00 
2017/9/30,3.20 
2017/10/9,3.50 
2017/10/10,3.84 
2017/10/11,3.31 
2017/10/12,3.13 
2017/10/13,3.03 
2017/10/16,3.11 
2017/10/17,3.21 
2017/10/18,3.18 
2017/10/19,3.07 
2017/10/20,2.99 
2017/10/23,2.99 
2017/10/24,3.15 
2017/10/25,3.57 
