date,eri
1994-08-31,8.56
1994-09-01,8.56
1994-09-02,8.56
1994-09-05,8.55
1994-09-06,8.55
1994-09-07,8.55
1994-09-08,8.55
1994-09-09,8.54
1994-09-10,8.54
1994-09-13,8.54
1994-09-14,8.54
1994-09-15,8.54
1994-09-16,8.54
1994-09-17,8.54
1994-09-20,8.53
1994-09-21,8.53
1994-09-22,8.53
1994-09-23,8.53
1994-09-24,8.53
1994-09-27,8.53
1994-09-28,8.53
1994-09-29,8.53
1994-09-30,8.53
1994-10-01,8.53
1994-10-06,8.53
1994-10-07,8.53
1994-10-08,8.53
1994-10-11,8.53
1994-10-12,8.53
1994-10-13,8.53
1994-10-14,8.53
1994-10-15,8.53
1994-10-18,8.53
1994-10-19,8.53
1994-10-20,8.53
1994-10-21,8.53
1994-10-22,8.53
1994-10-25,8.53
1994-10-26,8.53
1994-10-27,8.53
1994-10-28,8.53
1994-10-29,8.53
1994-11-01,8.53
1994-11-02,8.53
1994-11-03,8.52
1994-11-04,8.52
1994-11-05,8.52
1994-11-08,8.52
1994-11-09,8.52
1994-11-10,8.52
1994-11-11,8.52
1994-11-12,8.52
1994-11-15,8.52
1994-11-16,8.52
1994-11-17,8.52
1994-11-18,8.51
1994-11-19,8.51
1994-11-22,8.51
1994-11-23,8.51
1994-11-24,8.51
1994-11-25,8.51
1994-11-26,8.51
1994-11-29,8.51
1994-11-30,8.51
1994-12-01,8.51
1994-12-02,8.51
1994-12-03,8.51
1994-12-06,8.51
1994-12-07,8.51
1994-12-08,8.5
1994-12-09,8.5
1994-12-10,8.5
1994-12-13,8.5
1994-12-14,8.49
1994-12-15,8.49
1994-12-16,8.49
1994-12-17,8.48
1994-12-20,8.48
1994-12-21,8.48
1994-12-22,8.47
1994-12-23,8.47
1994-12-24,8.46
1994-12-27,8.46
1994-12-28,8.46
1994-12-29,8.45
1994-12-30,8.45
1994-12-31,8.45
1995-01-04,8.44
1995-01-05,8.44
1995-01-06,8.44
1995-01-07,8.44
1995-01-10,8.44
1995-01-11,8.44
1995-01-12,8.44
1995-01-13,8.44
1995-01-14,8.44
1995-01-17,8.44
1995-01-18,8.44
1995-01-19,8.44
1995-01-20,8.44
1995-01-21,8.44
1995-01-24,8.44
1995-01-25,8.44
1995-01-26,8.44
1995-01-27,8.44
1995-02-06,8.44
1995-02-07,8.44
1995-02-08,8.44
1995-02-09,8.44
1995-02-10,8.44
1995-02-11,8.44
1995-02-14,8.44
1995-02-15,8.44
1995-02-16,8.44
1995-02-17,8.44
1995-02-18,8.43
1995-02-21,8.43
1995-02-22,8.43
1995-02-23,8.43
1995-02-24,8.43
1995-02-25,8.43
1995-02-28,8.43
1995-03-01,8.43
1995-03-02,8.43
1995-03-03,8.43
1995-03-04,8.43
1995-03-06,8.43
1995-03-07,8.43
1995-03-08,8.43
1995-03-09,8.43
1995-03-10,8.43
1995-03-11,8.43
1995-03-14,8.43
1995-03-15,8.43
1995-03-16,8.43
1995-03-17,8.43
1995-03-18,8.43
1995-03-21,8.43
1995-03-22,8.43
1995-03-23,8.43
1995-03-24,8.43
1995-03-25,8.43
1995-03-28,8.43
1995-03-29,8.43
1995-03-30,8.43
1995-03-31,8.43
1995-04-03,8.43
1995-04-04,8.43
1995-04-05,8.43
1995-04-06,8.43
1995-04-07,8.43
1995-04-08,8.43
1995-04-10,8.43
1995-04-11,8.43
1995-04-12,8.43
1995-04-13,8.42
1995-04-14,8.42
1995-04-17,8.42
1995-04-18,8.42
1995-04-19,8.42
1995-04-20,8.42
1995-04-21,8.42
1995-04-22,8.42
1995-04-24,8.42
1995-04-25,8.42
1995-04-26,8.42
1995-04-27,8.41
1995-04-28,8.41
1995-05-02,8.41
1995-05-03,8.4
1995-05-04,8.38
1995-05-05,8.36
1995-05-08,8.34
1995-05-09,8.33
1995-05-10,8.32
1995-05-11,8.31
1995-05-12,8.3
1995-05-15,8.28
1995-05-16,8.27
1995-05-17,8.28
1995-05-18,8.29
1995-05-19,8.29
1995-05-22,8.29
1995-05-23,8.29
1995-05-24,8.3
1995-05-25,8.3
1995-05-26,8.3
1995-05-29,8.31
1995-05-30,8.31
1995-05-31,8.31
1995-06-01,8.31
1995-06-02,8.3
1995-06-05,8.3
1995-06-06,8.3
1995-06-07,8.3
1995-06-08,8.3
1995-06-09,8.3
1995-06-12,8.3
1995-06-13,8.3
1995-06-14,8.3
1995-06-15,8.3
1995-06-16,8.3
1995-06-19,8.3
1995-06-20,8.3
1995-06-21,8.3
1995-06-22,8.3
1995-06-23,8.3
1995-06-26,8.3
1995-06-27,8.3
1995-06-28,8.3
1995-06-29,8.3
1995-06-30,8.3
1995-07-03,8.3
1995-07-04,8.3
1995-07-05,8.3
1995-07-06,8.3
1995-07-07,8.3
1995-07-10,8.3
1995-07-11,8.3
1995-07-12,8.3
1995-07-13,8.3
1995-07-14,8.3
1995-07-17,8.3
1995-07-18,8.3
1995-07-19,8.3
1995-07-20,8.3
1995-07-21,8.3
1995-07-24,8.3
1995-07-25,8.3
1995-07-26,8.3
1995-07-27,8.3
1995-07-28,8.3
1995-07-31,8.3
1995-08-01,8.3
1995-08-02,8.3
1995-08-03,8.3
1995-08-04,8.3
1995-08-07,8.3
1995-08-08,8.3
1995-08-09,8.3
1995-08-10,8.3
1995-08-11,8.3
1995-08-14,8.3
1995-08-15,8.3
1995-08-16,8.31
1995-08-17,8.31
1995-08-18,8.31
1995-08-21,8.31
1995-08-22,8.31
1995-08-23,8.31
1995-08-24,8.31
1995-08-25,8.31
1995-08-28,8.32
1995-08-29,8.32
1995-08-30,8.32
1995-08-31,8.32
1995-09-01,8.32
1995-09-04,8.32
1995-09-05,8.32
1995-09-06,8.32
1995-09-07,8.32
1995-09-08,8.32
1995-09-11,8.32
1995-09-12,8.32
1995-09-13,8.32
1995-09-14,8.32
1995-09-15,8.32
1995-09-18,8.32
1995-09-19,8.32
1995-09-20,8.32
1995-09-21,8.32
1995-09-22,8.32
1995-09-25,8.32
1995-09-26,8.32
1995-09-27,8.32
1995-09-28,8.32
1995-09-29,8.32
1995-10-04,8.32
1995-10-05,8.32
1995-10-06,8.32
1995-10-09,8.32
1995-10-10,8.32
1995-10-11,8.32
1995-10-12,8.32
1995-10-13,8.31
1995-10-16,8.31
1995-10-17,8.31
1995-10-18,8.31
1995-10-19,8.31
1995-10-20,8.31
1995-10-23,8.31
1995-10-24,8.31
1995-10-25,8.31
1995-10-26,8.31
1995-10-27,8.31
1995-10-30,8.31
1995-10-31,8.31
1995-11-01,8.31
1995-11-02,8.31
1995-11-03,8.31
1995-11-06,8.31
1995-11-07,8.31
1995-11-08,8.31
1995-11-09,8.31
1995-11-10,8.31
1995-11-13,8.31
1995-11-14,8.31
1995-11-15,8.31
1995-11-16,8.31
1995-11-17,8.31
1995-11-20,8.31
1995-11-21,8.31
1995-11-22,8.31
1995-11-23,8.31
1995-11-24,8.31
1995-11-27,8.31
1995-11-28,8.31
1995-11-29,8.31
1995-11-30,8.31
1995-12-01,8.31
1995-12-04,8.31
1995-12-05,8.31
1995-12-06,8.31
1995-12-07,8.31
1995-12-08,8.31
1995-12-11,8.31
1995-12-12,8.31
1995-12-13,8.31
1995-12-14,8.31
1995-12-15,8.32
1995-12-18,8.32
1995-12-19,8.32
1995-12-20,8.32
1995-12-21,8.32
1995-12-22,8.32
1995-12-25,8.32
1995-12-26,8.32
1995-12-27,8.32
1995-12-28,8.32
1995-12-29,8.32
1995-12-31,8.32
1996-01-01,8.32
1996-01-02,8.32
1996-01-03,8.32
1996-01-04,8.32
1996-01-05,8.32
1996-01-08,8.32
1996-01-09,8.32
1996-01-10,8.32
1996-01-11,8.32
1996-01-12,8.32
1996-01-15,8.32
1996-01-16,8.32
1996-01-17,8.32
1996-01-18,8.32
1996-01-19,8.32
1996-01-22,8.32
1996-01-23,8.32
1996-01-24,8.32
1996-01-25,8.32
1996-01-26,8.32
1996-01-29,8.32
1996-01-30,8.32
1996-01-31,8.31
1996-02-01,8.31
1996-02-02,8.33
1996-02-05,8.31
1996-02-06,8.31
1996-02-07,8.31
1996-02-08,8.31
1996-02-09,8.31
1996-02-12,8.31
1996-02-13,8.31
1996-02-14,8.31
1996-02-15,8.31
1996-02-16,8.31
1996-02-17,8.31
1996-02-18,8.31
1996-02-26,8.32
1996-02-27,8.32
1996-02-28,8.32
1996-02-29,8.32
1996-03-01,8.32
1996-03-04,8.32
1996-03-05,8.32
1996-03-06,8.32
1996-03-07,8.32
1996-03-08,8.32
1996-03-11,8.32
1996-03-12,8.33
1996-03-13,8.33
1996-03-14,8.33
1996-03-15,8.33
1996-03-18,8.33
1996-03-19,8.33
1996-03-20,8.33
1996-03-21,8.33
1996-03-22,8.33
1996-03-25,8.33
1996-03-26,8.33
1996-03-27,8.33
1996-03-28,8.33
1996-03-29,8.34
1996-04-01,8.33
1996-04-02,8.33
1996-04-03,8.33
1996-04-04,8.33
1996-04-05,8.33
1996-04-08,8.33
1996-04-09,8.33
1996-04-10,8.33
1996-04-11,8.33
1996-04-12,8.33
1996-04-15,8.33
1996-04-16,8.33
1996-04-17,8.33
1996-04-18,8.33
1996-04-19,8.33
1996-04-22,8.33
1996-04-23,8.33
1996-04-24,8.33
1996-04-25,8.33
1996-04-26,8.33
1996-04-29,8.33
1996-04-30,8.33
1996-05-02,8.33
1996-05-03,8.33
1996-05-06,8.33
1996-05-07,8.33
1996-05-08,8.33
1996-05-09,8.33
1996-05-10,8.33
1996-05-13,8.33
1996-05-14,8.33
1996-05-15,8.33
1996-05-16,8.33
1996-05-17,8.33
1996-05-20,8.33
1996-05-21,8.33
1996-05-22,8.33
1996-05-23,8.33
1996-05-24,8.33
1996-05-27,8.33
1996-05-28,8.33
1996-05-29,8.32
1996-05-30,8.33
1996-05-31,8.33
1996-06-03,8.33
1996-06-04,8.33
1996-06-05,8.32
1996-06-06,8.32
1996-06-07,8.32
1996-06-10,8.32
1996-06-11,8.32
1996-06-12,8.32
1996-06-13,8.32
1996-06-17,8.32
1996-06-19,8.32
1996-06-20,8.32
1996-06-21,8.32
1996-06-24,8.32
1996-06-25,8.32
1996-06-26,8.32
1996-06-27,8.32
1996-06-28,8.32
1996-07-01,8.32
1996-07-02,8.32
1996-07-03,8.32
1996-07-04,8.32
1996-07-05,8.32
1996-07-08,8.32
1996-07-09,8.32
1996-07-10,8.32
1996-07-11,8.32
1996-07-12,8.32
1996-07-15,8.32
1996-07-16,8.32
1996-07-17,8.32
1996-07-18,8.32
1996-07-19,8.31
1996-07-22,8.32
1996-07-23,8.31
1996-07-24,8.31
1996-07-25,8.31
1996-07-26,8.31
1996-07-29,8.31
1996-07-30,8.31
1996-07-31,8.31
1996-08-01,8.31
1996-08-02,8.31
1996-08-05,8.31
1996-08-06,8.31
1996-08-07,8.31
1996-08-08,8.31
1996-08-09,8.31
1996-08-12,8.31
1996-08-13,8.31
1996-08-14,8.31
1996-08-15,8.31
1996-08-16,8.31
1996-08-19,8.31
1996-08-20,8.31
1996-08-21,8.31
1996-08-22,8.31
1996-08-23,8.31
1996-08-26,8.31
1996-08-27,8.31
1996-08-28,8.31
1996-08-29,8.31
1996-08-30,8.31
1996-09-02,8.31
1996-09-03,8.31
1996-09-04,8.31
1996-09-05,8.31
1996-09-06,8.31
1996-09-09,8.31
1996-09-10,8.31
1996-09-11,8.31
1996-09-12,8.31
1996-09-13,8.31
1996-09-16,8.31
1996-09-17,8.3
1996-09-18,8.3
1996-09-19,8.3
1996-09-20,8.3
1996-09-23,8.3
1996-09-24,8.3
1996-09-25,8.3
1996-09-26,8.3
1996-09-27,8.3
1996-10-02,8.3
1996-10-03,8.3
1996-10-04,8.3
1996-10-07,8.3
1996-10-08,8.3
1996-10-09,8.3
1996-10-10,8.3
1996-10-11,8.3
1996-10-14,8.3
1996-10-15,8.3
1996-10-16,8.3
1996-10-17,8.3
1996-10-18,8.3
1996-10-21,8.3
1996-10-22,8.3
1996-10-23,8.3
1996-10-24,8.3
1996-10-25,8.3
1996-10-28,8.3
1996-10-29,8.3
1996-10-30,8.3
1996-10-31,8.3
1996-11-01,8.3
1996-11-04,8.3
1996-11-05,8.3
1996-11-06,8.3
1996-11-07,8.3
1996-11-08,8.3
1996-11-11,8.3
1996-11-12,8.3
1996-11-13,8.3
1996-11-14,8.3
1996-11-15,8.3
1996-11-18,8.3
1996-11-19,8.3
1996-11-20,8.3
1996-11-21,8.3
1996-11-22,8.3
1996-11-25,8.3
1996-11-27,8.3
1996-11-28,8.3
1996-11-29,8.3
1996-12-02,8.3
1996-12-03,8.3
1996-12-04,8.3
1996-12-05,8.3
1996-12-06,8.3
1996-12-09,8.3
1996-12-10,8.3
1996-12-11,8.3
1996-12-12,8.3
1996-12-13,8.3
1996-12-16,8.3
1996-12-17,8.3
1996-12-18,8.3
1996-12-19,8.3
1996-12-20,8.3
1996-12-23,8.3
1996-12-24,8.3
1996-12-25,8.3
1996-12-26,8.3
1996-12-27,8.3
1996-12-30,8.3
1996-12-31,8.3
1997-01-01,8.3
1997-01-02,8.3
1997-01-03,8.3
1997-01-06,8.3
1997-01-07,8.3
1997-01-08,8.3
1997-01-09,8.3
1997-01-10,8.3
1997-01-13,8.3
1997-01-14,8.3
1997-01-15,8.3
1997-01-16,8.3
1997-01-17,8.3
1997-01-20,8.3
1997-01-21,8.3
1997-01-22,8.3
1997-01-23,8.3
1997-01-24,8.3
1997-01-27,8.3
1997-01-28,8.29
1997-01-29,8.29
1997-01-30,8.29
1997-01-31,8.29
1997-02-03,8.29
1997-02-04,8.29
1997-02-05,8.29
1997-02-06,8.29
1997-02-12,8.29
1997-02-13,8.29
1997-02-14,8.29
1997-02-17,8.29
1997-02-18,8.29
1997-02-19,8.29
1997-02-20,8.29
1997-02-21,8.29
1997-02-24,8.29
1997-02-25,8.29
1997-02-26,8.29
1997-02-27,8.29
1997-02-28,8.29
1997-03-03,8.3
1997-03-04,8.3
1997-03-05,8.3
1997-03-06,8.3
1997-03-07,8.3
1997-03-10,8.3
1997-03-11,8.3
1997-03-12,8.3
1997-03-13,8.3
1997-03-14,8.3
1997-03-17,8.3
1997-03-18,8.3
1997-03-19,8.3
1997-03-20,8.3
1997-03-21,8.3
1997-03-24,8.3
1997-03-25,8.3
1997-03-26,8.3
1997-03-27,8.3
1997-03-28,8.3
1997-03-31,8.3
1997-04-01,8.3
1997-04-02,8.3
1997-04-03,8.3
1997-04-04,8.3
1997-04-07,8.3
1997-04-08,8.3
1997-04-09,8.3
1997-04-10,8.3
1997-04-11,8.3
1997-04-14,8.3
1997-04-15,8.3
1997-04-16,8.3
1997-04-17,8.3
1997-04-18,8.3
1997-04-21,8.3
1997-04-22,8.29
1997-04-23,8.29
1997-04-24,8.29
1997-04-25,8.29
1997-04-28,8.29
1997-04-29,8.29
1997-04-30,8.29
1997-05-05,8.29
1997-05-06,8.29
1997-05-07,8.29
1997-05-08,8.29
1997-05-09,8.29
1997-05-12,8.29
1997-05-13,8.29
1997-05-14,8.29
1997-05-15,8.29
1997-05-16,8.29
1997-05-19,8.29
1997-05-20,8.29
1997-05-21,8.29
1997-05-22,8.29
1997-05-23,8.29
1997-05-26,8.29
1997-05-27,8.29
1997-05-28,8.29
1997-05-29,8.29
1997-05-30,8.29
1997-06-02,8.29
1997-06-03,8.29
1997-06-04,8.29
1997-06-05,8.29
1997-06-06,8.29
1997-06-09,8.29
1997-06-10,8.29
1997-06-11,8.29
1997-06-12,8.29
1997-06-13,8.29
1997-06-16,8.29
1997-06-17,8.29
1997-06-18,8.29
1997-06-19,8.29
1997-06-20,8.29
1997-06-23,8.29
1997-06-24,8.29
1997-06-25,8.29
1997-06-26,8.29
1997-06-27,8.29
1997-06-28,8.29
1997-07-02,8.29
1997-07-03,8.29
1997-07-04,8.29
1997-07-07,8.29
1997-07-08,8.29
1997-07-09,8.29
1997-07-10,8.29
1997-07-11,8.29
1997-07-14,8.29
1997-07-15,8.29
1997-07-16,8.29
1997-07-17,8.29
1997-07-18,8.29
1997-07-21,8.29
1997-07-22,8.29
1997-07-23,8.29
1997-07-24,8.29
1997-07-25,8.29
1997-07-28,8.29
1997-07-29,8.29
1997-07-30,8.29
1997-07-31,8.29
1997-08-01,8.29
1997-08-04,8.29
1997-08-05,8.29
1997-08-06,8.29
1997-08-07,8.29
1997-08-08,8.29
1997-08-11,8.29
1997-08-12,8.29
1997-08-13,8.29
1997-08-14,8.29
1997-08-15,8.29
1997-08-18,8.29
1997-08-19,8.29
1997-08-20,8.29
1997-08-21,8.29
1997-08-22,8.29
1997-08-25,8.29
1997-08-26,8.29
1997-08-27,8.29
1997-08-28,8.29
1997-08-29,8.29
1997-09-01,8.29
1997-09-02,8.29
1997-09-03,8.29
1997-09-04,8.29
1997-09-05,8.29
1997-09-08,8.29
1997-09-09,8.29
1997-09-10,8.29
1997-09-11,8.29
1997-09-12,8.29
1997-09-15,8.29
1997-09-16,8.29
1997-09-17,8.29
1997-09-18,8.29
1997-09-19,8.29
1997-09-22,8.29
1997-09-23,8.29
1997-09-24,8.29
1997-09-25,8.29
1997-09-26,8.29
1997-09-29,8.29
1997-09-30,8.29
1997-10-05,8.29
1997-10-06,8.29
1997-10-07,8.28
1997-10-08,8.28
1997-10-09,8.28
1997-10-10,8.28
1997-10-13,8.28
1997-10-14,8.28
1997-10-15,8.28
1997-10-16,8.28
1997-10-17,8.28
1997-10-20,8.28
1997-10-21,8.28
1997-10-22,8.28
1997-10-23,8.28
1997-10-24,8.28
1997-10-27,8.28
1997-10-28,8.28
1997-10-29,8.28
1997-10-30,8.28
1997-10-31,8.28
1997-11-03,8.28
1997-11-04,8.28
1997-11-05,8.28
1997-11-06,8.28
1997-11-07,8.28
1997-11-10,8.28
1997-11-11,8.28
1997-11-12,8.28
1997-11-13,8.28
1997-11-14,8.28
1997-11-17,8.28
1997-11-18,8.28
1997-11-19,8.28
1997-11-20,8.28
1997-11-21,8.28
1997-11-24,8.28
1997-11-25,8.28
1997-11-26,8.28
1997-11-27,8.28
1997-11-28,8.28
1997-12-01,8.28
1997-12-02,8.28
1997-12-03,8.28
1997-12-04,8.28
1997-12-05,8.28
1997-12-08,8.28
1997-12-09,8.28
1997-12-10,8.28
1997-12-11,8.28
1997-12-12,8.28
1997-12-15,8.28
1997-12-16,8.28
1997-12-17,8.28
1997-12-18,8.28
1997-12-19,8.28
1997-12-22,8.28
1997-12-23,8.28
1997-12-24,8.28
1997-12-25,8.28
1997-12-26,8.28
1997-12-29,8.28
1997-12-30,8.28
1997-12-31,8.28
1998-01-04,8.28
1998-01-05,8.28
1998-01-06,8.28
1998-01-07,8.28
1998-01-08,8.28
1998-01-09,8.28
1998-01-12,8.28
1998-01-13,8.28
1998-01-14,8.28
1998-01-15,8.28
1998-01-16,8.28
1998-01-19,8.28
1998-01-20,8.28
1998-01-21,8.28
1998-01-22,8.28
1998-01-23,8.28
1998-01-24,8.28
1998-01-25,8.28
1998-01-26,8.28
1998-01-27,8.28
1998-02-04,8.28
1998-02-05,8.28
1998-02-06,8.28
1998-02-09,8.28
1998-02-10,8.28
1998-02-11,8.28
1998-02-12,8.28
1998-02-13,8.28
1998-02-16,8.28
1998-02-17,8.28
1998-02-18,8.28
1998-02-19,8.28
1998-02-20,8.28
1998-02-23,8.28
1998-02-24,8.28
1998-02-25,8.28
1998-02-26,8.28
1998-02-27,8.28
1998-03-02,8.28
1998-03-03,8.28
1998-03-04,8.28
1998-03-05,8.28
1998-03-06,8.28
1998-03-09,8.28
1998-03-10,8.28
1998-03-11,8.28
1998-03-12,8.28
1998-03-13,8.28
1998-03-16,8.28
1998-03-17,8.28
1998-03-18,8.28
1998-03-19,8.28
1998-03-20,8.28
1998-03-23,8.28
1998-03-24,8.28
1998-03-25,8.28
1998-03-26,8.28
1998-03-27,8.28
1998-03-30,8.28
1998-03-31,8.28
1998-04-01,8.28
1998-04-02,8.28
1998-04-03,8.28
1998-04-06,8.28
1998-04-07,8.28
1998-04-08,8.28
1998-04-09,8.28
1998-04-10,8.28
1998-04-13,8.28
1998-04-14,8.28
1998-04-15,8.28
1998-04-16,8.28
1998-04-17,8.28
1998-04-20,8.28
1998-04-21,8.28
1998-04-22,8.28
1998-04-23,8.28
1998-04-24,8.28
1998-04-27,8.28
1998-04-28,8.28
1998-04-29,8.28
1998-04-30,8.28
1998-05-04,8.28
1998-05-05,8.28
1998-05-06,8.28
1998-05-07,8.28
1998-05-08,8.28
1998-05-11,8.28
1998-05-12,8.28
1998-05-13,8.28
1998-05-14,8.28
1998-05-15,8.28
1998-05-18,8.28
1998-05-19,8.28
1998-05-20,8.28
1998-05-21,8.28
1998-05-22,8.28
1998-05-25,8.28
1998-05-26,8.28
1998-05-27,8.28
1998-05-28,8.28
1998-05-29,8.28
1998-06-01,8.28
1998-06-02,8.28
1998-06-03,8.28
1998-06-04,8.28
1998-06-05,8.28
1998-06-08,8.28
1998-06-09,8.28
1998-06-10,8.28
1998-06-11,8.28
1998-06-12,8.28
1998-06-15,8.28
1998-06-16,8.28
1998-06-17,8.28
1998-06-18,8.28
1998-06-19,8.28
1998-06-22,8.28
1998-06-23,8.28
1998-06-24,8.28
1998-06-25,8.28
1998-06-26,8.28
1998-06-29,8.28
1998-06-30,8.28
1998-07-01,8.28
1998-07-02,8.28
1998-07-03,8.28
1998-07-06,8.28
1998-07-07,8.28
1998-07-08,8.28
1998-07-09,8.28
1998-07-10,8.28
1998-07-13,8.28
1998-07-14,8.28
1998-07-15,8.28
1998-07-16,8.28
1998-07-17,8.28
1998-07-20,8.28
1998-07-21,8.28
1998-07-22,8.28
1998-07-23,8.28
1998-07-24,8.28
1998-07-27,8.28
1998-07-28,8.28
1998-07-29,8.28
1998-07-30,8.28
1998-07-31,8.28
1998-08-03,8.28
1998-08-04,8.28
1998-08-05,8.28
1998-08-06,8.28
1998-08-07,8.28
1998-08-10,8.28
1998-08-11,8.28
1998-08-12,8.28
1998-08-13,8.28
1998-08-14,8.28
1998-08-17,8.28
1998-08-18,8.28
1998-08-19,8.28
1998-08-20,8.28
1998-08-21,8.28
1998-08-24,8.28
1998-08-25,8.28
1998-08-26,8.28
1998-08-27,8.28
1998-08-28,8.28
1998-08-31,8.28
1998-09-01,8.28
1998-09-02,8.28
1998-09-03,8.28
1998-09-04,8.28
1998-09-07,8.28
1998-09-08,8.28
1998-09-09,8.28
1998-09-10,8.28
1998-09-11,8.28
1998-09-14,8.28
1998-09-15,8.28
1998-09-16,8.28
1998-09-17,8.28
1998-09-18,8.28
1998-09-21,8.28
1998-09-22,8.28
1998-09-23,8.28
1998-09-24,8.28
1998-09-25,8.28
1998-09-28,8.28
1998-09-29,8.28
1998-09-30,8.28
1998-10-05,8.28
1998-10-06,8.28
1998-10-07,8.28
1998-10-08,8.28
1998-10-09,8.28
1998-10-12,8.28
1998-10-13,8.28
1998-10-14,8.28
1998-10-15,8.28
1998-10-16,8.28
1998-10-19,8.28
1998-10-20,8.28
1998-10-21,8.28
1998-10-22,8.28
1998-10-23,8.28
1998-10-26,8.28
1998-10-27,8.28
1998-10-28,8.28
1998-10-29,8.28
1998-10-30,8.28
1998-11-02,8.28
1998-11-03,8.28
1998-11-04,8.28
1998-11-05,8.28
1998-11-06,8.28
1998-11-09,8.28
1998-11-10,8.28
1998-11-11,8.28
1998-11-12,8.28
1998-11-13,8.28
1998-11-17,8.28
1998-11-18,8.28
1998-11-19,8.28
1998-11-20,8.28
1998-11-23,8.28
1998-11-24,8.28
1998-11-25,8.28
1998-11-26,8.28
1998-11-27,8.28
1998-11-30,8.28
1998-12-01,8.28
1998-12-02,8.28
1998-12-03,8.28
1998-12-04,8.28
1998-12-07,8.28
1998-12-08,8.28
1998-12-09,8.28
1998-12-10,8.28
1998-12-11,8.28
1998-12-14,8.28
1998-12-15,8.28
1998-12-16,8.28
1998-12-17,8.28
1998-12-18,8.28
1998-12-21,8.28
1998-12-22,8.28
1998-12-23,8.28
1998-12-24,8.28
1998-12-25,8.28
1998-12-28,8.28
1998-12-29,8.28
1998-12-30,8.28
1998-12-31,8.28
1999-01-04,8.28
1999-01-05,8.28
1999-01-06,8.28
1999-01-07,8.28
1999-01-08,8.28
1999-01-11,8.28
1999-01-12,8.28
1999-01-13,8.28
1999-01-14,8.28
1999-01-15,8.28
1999-01-18,8.28
1999-01-19,8.28
1999-01-20,8.28
1999-01-21,8.28
1999-01-22,8.28
1999-01-25,8.28
1999-01-26,8.28
1999-01-27,8.28
1999-01-28,8.28
1999-01-29,8.28
1999-02-01,8.28
1999-02-02,8.28
1999-02-03,8.28
1999-02-04,8.28
1999-02-05,8.28
1999-02-08,8.28
1999-02-09,8.28
1999-02-10,8.28
1999-02-11,8.28
1999-02-12,8.28
1999-02-13,8.28
1999-02-14,8.28
1999-02-15,8.28
1999-02-23,8.28
1999-02-24,8.28
1999-02-25,8.28
1999-02-26,8.28
1999-03-01,8.28
1999-03-02,8.28
1999-03-03,8.28
1999-03-04,8.28
1999-03-05,8.28
1999-03-08,8.28
1999-03-09,8.28
1999-03-10,8.28
1999-03-11,8.28
1999-03-12,8.28
1999-03-15,8.28
1999-03-16,8.28
1999-03-17,8.28
1999-03-18,8.28
1999-03-19,8.28
1999-03-22,8.28
1999-03-23,8.28
1999-03-24,8.28
1999-03-25,8.28
1999-03-26,8.28
1999-03-29,8.28
1999-03-30,8.28
1999-03-31,8.28
1999-04-01,8.28
1999-04-02,8.28
1999-04-05,8.28
1999-04-06,8.28
1999-04-07,8.28
1999-04-08,8.28
1999-04-09,8.28
1999-04-12,8.28
1999-04-13,8.28
1999-04-14,8.28
1999-04-15,8.28
1999-04-16,8.28
1999-04-19,8.28
1999-04-20,8.28
1999-04-21,8.28
1999-04-22,8.28
1999-04-23,8.28
1999-04-26,8.28
1999-04-27,8.28
1999-04-28,8.28
1999-04-29,8.28
1999-04-30,8.28
1999-05-04,8.28
1999-05-05,8.28
1999-05-06,8.28
1999-05-07,8.28
1999-05-10,8.28
1999-05-11,8.28
1999-05-12,8.28
1999-05-13,8.28
1999-05-14,8.28
1999-05-17,8.28
1999-05-18,8.28
1999-05-19,8.28
1999-05-20,8.28
1999-05-21,8.28
1999-05-24,8.28
1999-05-25,8.28
1999-05-26,8.28
1999-05-27,8.28
1999-05-28,8.28
1999-05-31,8.28
1999-06-01,8.28
1999-06-02,8.28
1999-06-03,8.28
1999-06-04,8.28
1999-06-07,8.28
1999-06-08,8.28
1999-06-09,8.28
1999-06-10,8.28
1999-06-11,8.28
1999-06-14,8.28
1999-06-15,8.28
1999-06-16,8.28
1999-06-17,8.28
1999-06-18,8.28
1999-06-21,8.28
1999-06-22,8.28
1999-06-23,8.28
1999-06-24,8.28
1999-06-25,8.28
1999-06-28,8.28
1999-06-29,8.28
1999-06-30,8.28
1999-07-01,8.28
1999-07-02,8.28
1999-07-05,8.28
1999-07-06,8.28
1999-07-07,8.28
1999-07-08,8.28
1999-07-09,8.28
1999-07-12,8.28
1999-07-13,8.28
1999-07-14,8.28
1999-07-15,8.28
1999-07-16,8.28
1999-07-19,8.28
1999-07-20,8.28
1999-07-21,8.28
1999-07-22,8.28
1999-07-23,8.28
1999-07-26,8.28
1999-07-27,8.28
1999-07-28,8.28
1999-07-29,8.28
1999-07-30,8.28
1999-08-02,8.28
1999-08-03,8.28
1999-08-04,8.28
1999-08-05,8.28
1999-08-06,8.28
1999-08-09,8.28
1999-08-10,8.28
1999-08-11,8.28
1999-08-12,8.28
1999-08-13,8.28
1999-08-16,8.28
1999-08-17,8.28
1999-08-18,8.28
1999-08-19,8.28
1999-08-20,8.28
1999-08-23,8.28
1999-08-24,8.28
1999-08-25,8.28
1999-08-26,8.28
1999-08-27,8.28
1999-08-30,8.28
1999-08-31,8.28
1999-09-01,8.28
1999-09-02,8.28
1999-09-03,8.28
1999-09-06,8.28
1999-09-07,8.28
1999-09-08,8.28
1999-09-09,8.28
1999-09-10,8.28
1999-09-13,8.28
1999-09-14,8.28
1999-09-15,8.28
1999-09-16,8.28
1999-09-17,8.28
1999-09-20,8.28
1999-09-21,8.28
1999-09-22,8.28
1999-09-23,8.28
1999-09-24,8.28
1999-09-28,8.28
1999-09-29,8.28
1999-09-30,8.28
1999-10-08,8.28
1999-10-09,8.28
1999-10-10,8.28
1999-10-11,8.28
1999-10-12,8.28
1999-10-13,8.28
1999-10-14,8.28
1999-10-15,8.28
1999-10-18,8.28
1999-10-19,8.28
1999-10-20,8.28
1999-10-21,8.28
1999-10-22,8.28
1999-10-25,8.28
1999-10-26,8.28
1999-10-27,8.28
1999-10-28,8.28
1999-10-29,8.28
1999-11-01,8.28
1999-11-02,8.28
1999-11-03,8.28
1999-11-04,8.28
1999-11-05,8.28
1999-11-08,8.28
1999-11-09,8.28
1999-11-10,8.28
1999-11-11,8.28
1999-11-12,8.28
1999-11-15,8.28
1999-11-16,8.28
1999-11-17,8.28
1999-11-18,8.28
1999-11-19,8.28
1999-11-22,8.28
1999-11-23,8.28
1999-11-24,8.28
1999-11-25,8.28
1999-11-26,8.28
1999-11-29,8.28
1999-11-30,8.28
1999-12-01,8.28
1999-12-02,8.28
1999-12-03,8.28
1999-12-06,8.28
1999-12-07,8.28
1999-12-08,8.28
1999-12-09,8.28
1999-12-10,8.28
1999-12-13,8.28
1999-12-14,8.28
1999-12-15,8.28
1999-12-16,8.28
1999-12-17,8.28
1999-12-21,8.28
1999-12-22,8.28
1999-12-23,8.28
1999-12-24,8.28
1999-12-27,8.28
1999-12-28,8.28
1999-12-29,8.28
1999-12-30,8.28
2000-01-03,8.28
2000-01-04,8.28
2000-01-05,8.28
2000-01-06,8.28
2000-01-07,8.28
2000-01-10,8.28
2000-01-11,8.28
2000-01-12,8.28
2000-01-13,8.28
2000-01-14,8.28
2000-01-17,8.28
2000-01-18,8.28
2000-01-19,8.28
2000-01-20,8.28
2000-01-21,8.28
2000-01-24,8.28
2000-01-25,8.28
2000-01-26,8.28
2000-01-27,8.28
2000-01-28,8.28
2000-01-31,8.28
2000-02-01,8.28
2000-02-02,8.28
2000-02-03,8.28
2000-02-04,8.28
2000-02-12,8.28
2000-02-13,8.28
2000-02-14,8.28
2000-02-15,8.28
2000-02-16,8.28
2000-02-17,8.28
2000-02-18,8.28
2000-02-21,8.28
2000-02-22,8.28
2000-02-23,8.28
2000-02-24,8.28
2000-02-25,8.28
2000-02-28,8.28
2000-02-29,8.28
2000-03-01,8.28
2000-03-02,8.28
2000-03-03,8.28
2000-03-06,8.28
2000-03-07,8.28
2000-03-08,8.28
2000-03-09,8.28
2000-03-10,8.28
2000-03-13,8.28
2000-03-14,8.28
2000-03-15,8.28
2000-03-16,8.28
2000-03-17,8.28
2000-03-20,8.28
2000-03-21,8.28
2000-03-22,8.28
2000-03-23,8.28
2000-03-24,8.28
2000-03-27,8.28
2000-03-28,8.28
2000-03-29,8.28
2000-03-30,8.28
2000-03-31,8.28
2000-04-03,8.28
2000-04-04,8.28
2000-04-05,8.28
2000-04-06,8.28
2000-04-07,8.28
2000-04-10,8.28
2000-04-11,8.28
2000-04-12,8.28
2000-04-13,8.28
2000-04-14,8.28
2000-04-17,8.28
2000-04-18,8.28
2000-04-19,8.28
2000-04-20,8.28
2000-04-21,8.28
2000-04-24,8.28
2000-04-25,8.28
2000-04-26,8.28
2000-04-27,8.28
2000-04-28,8.28
2000-04-29,8.28
2000-04-30,8.28
2000-05-08,8.28
2000-05-09,8.28
2000-05-10,8.28
2000-05-11,8.28
2000-05-12,8.28
2000-05-15,8.28
2000-05-16,8.28
2000-05-17,8.28
2000-05-18,8.28
2000-05-19,8.28
2000-05-22,8.28
2000-05-23,8.28
2000-05-24,8.28
2000-05-25,8.28
2000-05-26,8.28
2000-05-29,8.28
2000-05-30,8.28
2000-05-31,8.28
2000-06-01,8.28
2000-06-02,8.28
2000-06-05,8.28
2000-06-06,8.28
2000-06-07,8.28
2000-06-08,8.28
2000-06-09,8.28
2000-06-12,8.28
2000-06-13,8.28
2000-06-14,8.28
2000-06-15,8.28
2000-06-16,8.28
2000-06-19,8.28
2000-06-20,8.28
2000-06-21,8.28
2000-06-22,8.28
2000-06-23,8.28
2000-06-26,8.28
2000-06-27,8.28
2000-06-28,8.28
2000-06-29,8.28
2000-06-30,8.28
2000-07-03,8.28
2000-07-04,8.28
2000-07-05,8.28
2000-07-06,8.28
2000-07-07,8.28
2000-07-10,8.28
2000-07-11,8.28
2000-07-12,8.28
2000-07-13,8.28
2000-07-14,8.28
2000-07-17,8.28
2000-07-18,8.28
2000-07-19,8.28
2000-07-20,8.28
2000-07-21,8.28
2000-07-24,8.28
2000-07-25,8.28
2000-07-26,8.28
2000-07-27,8.28
2000-07-28,8.28
2000-07-31,8.28
2000-08-01,8.28
2000-08-02,8.28
2000-08-03,8.28
2000-08-04,8.28
2000-08-07,8.28
2000-08-08,8.28
2000-08-09,8.28
2000-08-10,8.28
2000-08-11,8.28
2000-08-14,8.28
2000-08-15,8.28
2000-08-16,8.28
2000-08-17,8.28
2000-08-18,8.28
2000-08-21,8.28
2000-08-22,8.28
2000-08-23,8.28
2000-08-24,8.28
2000-08-25,8.28
2000-08-28,8.28
2000-08-29,8.28
2000-08-30,8.28
2000-08-31,8.28
2000-09-01,8.28
2000-09-04,8.28
2000-09-05,8.28
2000-09-06,8.28
2000-09-07,8.28
2000-09-08,8.28
2000-09-11,8.28
2000-09-12,8.28
2000-09-13,8.28
2000-09-14,8.28
2000-09-15,8.28
2000-09-18,8.28
2000-09-19,8.28
2000-09-20,8.28
2000-09-21,8.28
2000-09-22,8.28
2000-09-25,8.28
2000-09-26,8.28
2000-09-27,8.28
2000-09-28,8.28
2000-09-29,8.28
2000-09-30,8.28
2000-10-08,8.28
2000-10-09,8.28
2000-10-10,8.28
2000-10-11,8.28
2000-10-12,8.28
2000-10-13,8.28
2000-10-16,8.28
2000-10-17,8.28
2000-10-18,8.28
2000-10-19,8.28
2000-10-20,8.28
2000-10-23,8.28
2000-10-24,8.28
2000-10-25,8.28
2000-10-26,8.28
2000-10-27,8.28
2000-10-30,8.28
2000-10-31,8.28
2000-11-01,8.28
2000-11-02,8.28
2000-11-03,8.28
2000-11-06,8.28
2000-11-07,8.28
2000-11-08,8.28
2000-11-09,8.28
2000-11-10,8.28
2000-11-13,8.28
2000-11-14,8.28
2000-11-15,8.28
2000-11-16,8.28
2000-11-17,8.28
2000-11-20,8.28
2000-11-21,8.28
2000-11-22,8.28
2000-11-23,8.28
2000-11-24,8.28
2000-11-27,8.28
2000-11-28,8.28
2000-11-29,8.28
2000-11-30,8.28
2000-12-01,8.28
2000-12-04,8.28
2000-12-05,8.28
2000-12-06,8.28
2000-12-07,8.28
2000-12-08,8.28
2000-12-11,8.28
2000-12-12,8.28
2000-12-13,8.28
2000-12-14,8.28
2000-12-15,8.28
2000-12-18,8.28
2000-12-19,8.28
2000-12-20,8.28
2000-12-21,8.28
2000-12-22,8.28
2000-12-25,8.28
2000-12-26,8.28
2000-12-27,8.28
2000-12-28,8.28
2000-12-29,8.28
2001-01-02,8.28
2001-01-03,8.28
2001-01-04,8.28
2001-01-05,8.28
2001-01-08,8.28
2001-01-09,8.28
2001-01-10,8.28
2001-01-11,8.28
2001-01-12,8.28
2001-01-15,8.28
2001-01-16,8.28
2001-01-17,8.28
2001-01-18,8.28
2001-01-19,8.28
2001-01-20,8.28
2001-01-21,8.28
2001-01-22,8.28
2001-01-23,8.28
2001-01-31,8.28
2001-02-01,8.28
2001-02-02,8.28
2001-02-05,8.28
2001-02-06,8.28
2001-02-07,8.28
2001-02-08,8.28
2001-02-09,8.28
2001-02-12,8.28
2001-02-13,8.28
2001-02-14,8.28
2001-02-15,8.28
2001-02-16,8.28
2001-02-19,8.28
2001-02-20,8.28
2001-02-21,8.28
2001-02-22,8.28
2001-02-23,8.28
2001-02-26,8.28
2001-02-27,8.28
2001-02-28,8.28
2001-03-01,8.28
2001-03-02,8.28
2001-03-05,8.28
2001-03-06,8.28
2001-03-07,8.28
2001-03-08,8.28
2001-03-09,8.28
2001-03-12,8.28
2001-03-13,8.28
2001-03-14,8.28
2001-03-15,8.28
2001-03-16,8.28
2001-03-19,8.28
2001-03-20,8.28
2001-03-21,8.28
2001-03-22,8.28
2001-03-23,8.28
2001-03-26,8.28
2001-03-27,8.28
2001-03-28,8.28
2001-03-29,8.28
2001-03-30,8.28
2001-04-02,8.28
2001-04-03,8.28
2001-04-04,8.28
2001-04-05,8.28
2001-04-06,8.28
2001-04-09,8.28
2001-04-10,8.28
2001-04-11,8.28
2001-04-12,8.28
2001-04-13,8.28
2001-04-16,8.28
2001-04-17,8.28
2001-04-18,8.28
2001-04-19,8.28
2001-04-20,8.28
2001-04-23,8.28
2001-04-24,8.28
2001-04-25,8.28
2001-04-26,8.28
2001-04-27,8.28
2001-04-28,8.28
2001-04-29,8.28
2001-04-30,8.28
2001-05-08,8.28
2001-05-09,8.28
2001-05-10,8.28
2001-05-11,8.28
2001-05-14,8.28
2001-05-15,8.28
2001-05-16,8.28
2001-05-17,8.28
2001-05-18,8.28
2001-05-21,8.28
2001-05-22,8.28
2001-05-23,8.28
2001-05-24,8.28
2001-05-25,8.28
2001-05-28,8.28
2001-05-29,8.28
2001-05-30,8.28
2001-05-31,8.28
2001-06-01,8.28
2001-06-04,8.28
2001-06-05,8.28
2001-06-06,8.28
2001-06-07,8.28
2001-06-08,8.28
2001-06-11,8.28
2001-06-12,8.28
2001-06-13,8.28
2001-06-14,8.28
2001-06-15,8.28
2001-06-18,8.28
2001-06-19,8.28
2001-06-20,8.28
2001-06-21,8.28
2001-06-22,8.28
2001-06-25,8.28
2001-06-26,8.28
2001-06-27,8.28
2001-06-28,8.28
2001-06-29,8.28
2001-07-02,8.28
2001-07-03,8.28
2001-07-04,8.28
2001-07-05,8.28
2001-07-06,8.28
2001-07-09,8.28
2001-07-10,8.28
2001-07-11,8.28
2001-07-12,8.28
2001-07-13,8.28
2001-07-16,8.28
2001-07-17,8.28
2001-07-18,8.28
2001-07-19,8.28
2001-07-20,8.28
2001-07-23,8.28
2001-07-24,8.28
2001-07-25,8.28
2001-07-26,8.28
2001-07-27,8.28
2001-07-30,8.28
2001-07-31,8.28
2001-08-01,8.28
2001-08-02,8.28
2001-08-03,8.28
2001-08-06,8.28
2001-08-07,8.28
2001-08-08,8.28
2001-08-09,8.28
2001-08-10,8.28
2001-08-13,8.28
2001-08-14,8.28
2001-08-15,8.28
2001-08-16,8.28
2001-08-17,8.28
2001-08-20,8.28
2001-08-21,8.28
2001-08-22,8.28
2001-08-23,8.28
2001-08-24,8.28
2001-08-27,8.28
2001-08-28,8.28
2001-08-29,8.28
2001-08-30,8.28
2001-08-31,8.28
2001-09-03,8.28
2001-09-04,8.28
2001-09-05,8.28
2001-09-06,8.28
2001-09-07,8.28
2001-09-10,8.28
2001-09-11,8.28
2001-09-12,8.28
2001-09-13,8.28
2001-09-14,8.28
2001-09-17,8.28
2001-09-18,8.28
2001-09-19,8.28
2001-09-20,8.28
2001-09-21,8.28
2001-09-24,8.28
2001-09-25,8.28
2001-09-26,8.28
2001-09-27,8.28
2001-09-28,8.28
2001-09-29,8.28
2001-09-30,8.28
2001-10-08,8.28
2001-10-09,8.28
2001-10-10,8.28
2001-10-11,8.28
2001-10-12,8.28
2001-10-15,8.28
2001-10-16,8.28
2001-10-17,8.28
2001-10-18,8.28
2001-10-19,8.28
2001-10-22,8.28
2001-10-23,8.28
2001-10-24,8.28
2001-10-25,8.28
2001-10-26,8.28
2001-10-29,8.28
2001-10-30,8.28
2001-10-31,8.28
2001-11-01,8.28
2001-11-02,8.28
2001-11-05,8.28
2001-11-06,8.28
2001-11-07,8.28
2001-11-08,8.28
2001-11-09,8.28
2001-11-12,8.28
2001-11-13,8.28
2001-11-14,8.28
2001-11-15,8.28
2001-11-16,8.28
2001-11-19,8.28
2001-11-20,8.28
2001-11-21,8.28
2001-11-22,8.28
2001-11-23,8.28
2001-11-26,8.28
2001-11-27,8.28
2001-11-28,8.28
2001-11-29,8.28
2001-11-30,8.28
2001-12-03,8.28
2001-12-04,8.28
2001-12-05,8.28
2001-12-06,8.28
2001-12-07,8.28
2001-12-10,8.28
2001-12-11,8.28
2001-12-12,8.28
2001-12-13,8.28
2001-12-14,8.28
2001-12-17,8.28
2001-12-18,8.28
2001-12-19,8.28
2001-12-20,8.28
2001-12-21,8.28
2001-12-24,8.28
2001-12-25,8.28
2001-12-26,8.28
2001-12-27,8.28
2001-12-28,8.28
2001-12-29,8.28
2001-12-30,8.28
2001-12-31,8.28
2002-01-01,8.28
2002-01-02,8.28
2002-01-04,8.28
2002-01-07,8.28
2002-01-08,8.28
2002-01-09,8.28
2002-01-10,8.28
2002-01-11,8.28
2002-01-14,8.28
2002-01-15,8.28
2002-01-16,8.28
2002-01-17,8.28
2002-01-18,8.28
2002-01-21,8.28
2002-01-22,8.28
2002-01-23,8.28
2002-01-24,8.28
2002-01-25,8.28
2002-01-28,8.28
2002-01-29,8.28
2002-01-30,8.28
2002-01-31,8.28
2002-02-01,8.28
2002-02-04,8.28
2002-02-05,8.28
2002-02-06,8.28
2002-02-07,8.28
2002-02-08,8.28
2002-02-19,8.28
2002-02-21,8.28
2002-02-25,8.28
2002-02-26,8.28
2002-02-27,8.28
2002-02-28,8.28
2002-03-01,8.28
2002-03-04,8.28
2002-03-05,8.28
2002-03-06,8.28
2002-03-07,8.28
2002-03-08,8.28
2002-03-11,8.28
2002-03-12,8.28
2002-03-13,8.28
2002-03-14,8.28
2002-03-15,8.28
2002-03-18,8.28
2002-03-19,8.28
2002-03-20,8.28
2002-03-21,8.28
2002-03-22,8.28
2002-03-25,8.28
2002-03-26,8.28
2002-03-27,8.28
2002-03-28,8.28
2002-03-29,8.28
2002-04-01,8.28
2002-04-02,8.28
2002-04-03,8.28
2002-04-04,8.28
2002-04-05,8.28
2002-04-08,8.28
2002-04-09,8.28
2002-04-10,8.28
2002-04-11,8.28
2002-04-12,8.28
2002-04-15,8.28
2002-04-16,8.28
2002-04-17,8.28
2002-04-18,8.28
2002-04-19,8.28
2002-04-22,8.28
2002-04-23,8.28
2002-04-24,8.28
2002-04-25,8.28
2002-04-26,8.28
2002-04-29,8.28
2002-04-30,8.28
2002-05-08,8.28
2002-05-09,8.28
2002-05-10,8.28
2002-05-13,8.28
2002-05-14,8.28
2002-05-15,8.28
2002-05-16,8.28
2002-05-17,8.28
2002-05-20,8.28
2002-05-21,8.28
2002-05-22,8.28
2002-05-23,8.28
2002-05-24,8.28
2002-05-27,8.28
2002-05-28,8.28
2002-05-29,8.28
2002-05-30,8.28
2002-05-31,8.28
2002-06-03,8.28
2002-06-04,8.28
2002-06-05,8.28
2002-06-06,8.28
2002-06-07,8.28
2002-06-10,8.28
2002-06-11,8.28
2002-06-12,8.28
2002-06-13,8.28
2002-06-14,8.28
2002-06-17,8.28
2002-06-18,8.28
2002-06-19,8.28
2002-06-20,8.28
2002-06-21,8.28
2002-06-24,8.28
2002-06-25,8.28
2002-06-26,8.28
2002-06-27,8.28
2002-06-28,8.28
2002-07-01,8.28
2002-07-02,8.28
2002-07-03,8.28
2002-07-04,8.28
2002-07-05,8.28
2002-07-08,8.28
2002-07-09,8.28
2002-07-10,8.28
2002-07-11,8.28
2002-07-12,8.28
2002-07-15,8.28
2002-07-16,8.28
2002-07-17,8.28
2002-07-18,8.28
2002-07-19,8.28
2002-07-22,8.28
2002-07-23,8.28
2002-07-24,8.28
2002-07-25,8.28
2002-07-26,8.28
2002-07-29,8.28
2002-07-30,8.28
2002-07-31,8.28
2002-08-01,8.28
2002-08-02,8.28
2002-08-05,8.28
2002-08-06,8.28
2002-08-07,8.28
2002-08-08,8.28
2002-08-09,8.28
2002-08-12,8.28
2002-08-13,8.28
2002-08-14,8.28
2002-08-15,8.28
2002-08-16,8.28
2002-08-19,8.28
2002-08-20,8.28
2002-08-21,8.28
2002-08-22,8.28
2002-08-23,8.28
2002-08-26,8.28
2002-08-27,8.28
2002-08-28,8.28
2002-08-29,8.28
2002-08-30,8.28
2002-09-02,8.28
2002-09-03,8.28
2002-09-04,8.28
2002-09-05,8.28
2002-09-06,8.28
2002-09-09,8.28
2002-09-10,8.28
2002-09-11,8.28
2002-09-12,8.28
2002-09-13,8.28
2002-09-16,8.28
2002-09-17,8.28
2002-09-18,8.28
2002-09-19,8.28
2002-09-20,8.28
2002-09-23,8.28
2002-09-24,8.28
2002-09-25,8.28
2002-09-26,8.28
2002-09-27,8.28
2002-09-30,8.28
2002-10-08,8.28
2002-10-09,8.28
2002-10-10,8.28
2002-10-11,8.28
2002-10-14,8.28
2002-10-15,8.28
2002-10-16,8.28
2002-10-17,8.28
2002-10-18,8.28
2002-10-21,8.28
2002-10-22,8.28
2002-10-23,8.28
2002-10-24,8.28
2002-10-25,8.28
2002-10-28,8.28
2002-10-29,8.28
2002-10-30,8.28
2002-10-31,8.28
2002-11-01,8.28
2002-11-04,8.28
2002-11-05,8.28
2002-11-06,8.28
2002-11-07,8.28
2002-11-08,8.28
2002-11-11,8.28
2002-11-12,8.28
2002-11-13,8.28
2002-11-14,8.28
2002-11-15,8.28
2002-11-18,8.28
2002-11-19,8.28
2002-11-20,8.28
2002-11-21,8.28
2002-11-22,8.28
2002-11-25,8.28
2002-11-26,8.28
2002-11-27,8.28
2002-11-28,8.28
2002-11-29,8.28
2002-12-02,8.28
2002-12-03,8.28
2002-12-04,8.28
2002-12-05,8.28
2002-12-06,8.28
2002-12-09,8.28
2002-12-10,8.28
2002-12-11,8.28
2002-12-12,8.28
2002-12-13,8.28
2002-12-16,8.28
2002-12-17,8.28
2002-12-18,8.28
2002-12-19,8.28
2002-12-20,8.28
2002-12-23,8.28
2002-12-24,8.28
2002-12-25,8.28
2002-12-26,8.28
2002-12-27,8.28
2002-12-30,8.28
2002-12-31,8.28
2003-01-02,8.28
2003-01-03,8.28
2003-01-06,8.28
2003-01-07,8.28
2003-01-08,8.28
2003-01-09,8.28
2003-01-10,8.28
2003-01-13,8.28
2003-01-14,8.28
2003-01-15,8.28
2003-01-16,8.28
2003-01-17,8.28
2003-01-20,8.28
2003-01-21,8.28
2003-01-22,8.28
2003-01-23,8.28
2003-01-24,8.28
2003-01-27,8.28
2003-01-28,8.28
2003-01-29,8.28
2003-02-10,8.28
2003-02-11,8.28
2003-02-12,8.28
2003-02-13,8.28
2003-02-14,8.28
2003-02-17,8.28
2003-02-18,8.28
2003-02-19,8.28
2003-02-20,8.28
2003-02-21,8.28
2003-02-24,8.28
2003-02-25,8.28
2003-02-26,8.28
2003-02-27,8.28
2003-02-28,8.28
2003-03-03,8.28
2003-03-04,8.28
2003-03-05,8.28
2003-03-06,8.28
2003-03-07,8.28
2003-03-10,8.28
2003-03-11,8.28
2003-03-12,8.28
2003-03-13,8.28
2003-03-14,8.28
2003-03-17,8.28
2003-03-18,8.28
2003-03-19,8.28
2003-03-20,8.28
2003-03-21,8.28
2003-03-24,8.28
2003-03-25,8.28
2003-03-26,8.28
2003-03-27,8.28
2003-03-28,8.28
2003-03-31,8.28
2003-04-01,8.28
2003-04-02,8.28
2003-04-03,8.28
2003-04-04,8.28
2003-04-07,8.28
2003-04-08,8.28
2003-04-09,8.28
2003-04-10,8.28
2003-04-11,8.28
2003-04-14,8.28
2003-04-15,8.28
2003-04-16,8.28
2003-04-17,8.28
2003-04-18,8.28
2003-04-21,8.28
2003-04-22,8.28
2003-04-23,8.28
2003-04-24,8.28
2003-04-25,8.28
2003-04-28,8.28
2003-04-29,8.28
2003-04-30,8.28
2003-05-12,8.28
2003-05-13,8.28
2003-05-14,8.28
2003-05-15,8.28
2003-05-16,8.28
2003-05-19,8.28
2003-05-20,8.28
2003-05-21,8.28
2003-05-22,8.28
2003-05-23,8.28
2003-05-26,8.28
2003-05-27,8.28
2003-05-28,8.28
2003-05-29,8.28
2003-05-30,8.28
2003-06-02,8.28
2003-06-03,8.28
2003-06-04,8.28
2003-06-05,8.28
2003-06-06,8.28
2003-06-09,8.28
2003-06-10,8.28
2003-06-11,8.28
2003-06-12,8.28
2003-06-13,8.28
2003-06-16,8.28
2003-06-17,8.28
2003-06-18,8.28
2003-06-19,8.28
2003-06-20,8.28
2003-06-23,8.28
2003-06-24,8.28
2003-06-25,8.28
2003-06-26,8.28
2003-06-27,8.28
2003-06-30,8.28
2003-07-01,8.28
2003-07-02,8.28
2003-07-03,8.28
2003-07-04,8.28
2003-07-07,8.28
2003-07-08,8.28
2003-07-09,8.28
2003-07-10,8.28
2003-07-11,8.28
2003-07-14,8.28
2003-07-15,8.28
2003-07-16,8.28
2003-07-17,8.28
2003-07-18,8.28
2003-07-21,8.28
2003-07-22,8.28
2003-07-23,8.28
2003-07-24,8.28
2003-07-25,8.28
2003-07-28,8.28
2003-07-29,8.28
2003-07-30,8.28
2003-07-31,8.28
2003-08-01,8.28
2003-08-04,8.28
2003-08-05,8.28
2003-08-06,8.28
2003-08-07,8.28
2003-08-08,8.28
2003-08-11,8.28
2003-08-12,8.28
2003-08-13,8.28
2003-08-14,8.28
2003-08-15,8.28
2003-08-18,8.28
2003-08-19,8.28
2003-08-20,8.28
2003-08-21,8.28
2003-08-22,8.28
2003-08-25,8.28
2003-08-26,8.28
2003-08-27,8.28
2003-08-28,8.28
2003-08-29,8.28
2003-09-01,8.28
2003-09-02,8.28
2003-09-03,8.28
2003-09-04,8.28
2003-09-05,8.28
2003-09-08,8.28
2003-09-09,8.28
2003-09-10,8.28
2003-09-11,8.28
2003-09-12,8.28
2003-09-15,8.28
2003-09-16,8.28
2003-09-17,8.28
2003-09-18,8.28
2003-09-19,8.28
2003-09-22,8.28
2003-09-23,8.28
2003-09-24,8.28
2003-09-25,8.28
2003-09-26,8.28
2003-09-29,8.28
2003-09-30,8.28
2003-10-08,8.28
2003-10-09,8.28
2003-10-10,8.28
2003-10-13,8.28
2003-10-14,8.28
2003-10-15,8.28
2003-10-16,8.28
2003-10-17,8.28
2003-10-20,8.28
2003-10-21,8.28
2003-10-22,8.28
2003-10-23,8.28
2003-10-24,8.28
2003-10-27,8.28
2003-10-28,8.28
2003-10-29,8.28
2003-10-30,8.28
2003-10-31,8.28
2003-11-03,8.28
2003-11-04,8.28
2003-11-05,8.28
2003-11-06,8.28
2003-11-07,8.28
2003-11-10,8.28
2003-11-11,8.28
2003-11-12,8.28
2003-11-13,8.28
2003-11-14,8.28
2003-11-17,8.28
2003-11-18,8.28
2003-11-19,8.28
2003-11-20,8.28
2003-11-21,8.28
2003-11-24,8.28
2003-11-25,8.28
2003-11-26,8.28
2003-11-28,8.28
2003-12-01,8.28
2003-12-02,8.28
2003-12-03,8.28
2003-12-04,8.28
2003-12-05,8.28
2003-12-08,8.28
2003-12-09,8.28
2003-12-10,8.28
2003-12-11,8.28
2003-12-12,8.28
2003-12-15,8.28
2003-12-16,8.28
2003-12-17,8.28
2003-12-19,8.28
2003-12-22,8.28
2003-12-23,8.28
2003-12-24,8.28
2003-12-25,8.28
2003-12-26,8.28
2003-12-29,8.28
2003-12-30,8.28
2003-12-31,8.28
2004-01-02,8.28
2004-01-05,8.28
2004-01-06,8.28
2004-01-07,8.28
2004-01-08,8.28
2004-01-09,8.28
2004-01-12,8.28
2004-01-13,8.28
2004-01-14,8.28
2004-01-15,8.28
2004-01-16,8.28
2004-01-29,8.28
2004-01-30,8.28
2004-02-02,8.28
2004-02-03,8.28
2004-02-04,8.28
2004-02-05,8.28
2004-02-06,8.28
2004-02-09,8.28
2004-02-10,8.28
2004-02-11,8.28
2004-02-12,8.28
2004-02-13,8.28
2004-02-16,8.28
2004-02-17,8.28
2004-02-18,8.28
2004-02-19,8.28
2004-02-20,8.28
2004-02-23,8.28
2004-02-24,8.28
2004-02-25,8.28
2004-02-26,8.28
2004-02-27,8.28
2004-03-01,8.28
2004-03-02,8.28
2004-03-03,8.28
2004-03-04,8.28
2004-03-05,8.28
2004-03-08,8.28
2004-03-09,8.28
2004-03-10,8.28
2004-03-11,8.28
2004-03-12,8.28
2004-03-15,8.28
2004-03-16,8.28
2004-03-17,8.28
2004-03-18,8.28
2004-03-19,8.28
2004-03-22,8.28
2004-03-23,8.28
2004-03-24,8.28
2004-03-25,8.28
2004-03-26,8.28
2004-03-29,8.28
2004-03-30,8.28
2004-03-31,8.28
2004-04-01,8.28
2004-04-02,8.28
2004-04-05,8.28
2004-04-06,8.28
2004-04-07,8.28
2004-04-08,8.28
2004-04-09,8.28
2004-04-12,8.28
2004-04-13,8.28
2004-04-14,8.28
2004-04-15,8.28
2004-04-16,8.28
2004-04-19,8.28
2004-04-20,8.28
2004-04-21,8.28
2004-04-22,8.28
2004-04-23,8.28
2004-04-26,8.28
2004-04-27,8.28
2004-04-28,8.28
2004-04-29,8.28
2004-04-30,8.28
2004-05-08,8.28
2004-05-09,8.28
2004-05-10,8.28
2004-05-11,8.28
2004-05-12,8.28
2004-05-13,8.28
2004-05-14,8.28
2004-05-17,8.28
2004-05-18,8.28
2004-05-19,8.28
2004-05-20,8.28
2004-05-21,8.28
2004-05-24,8.28
2004-05-25,8.28
2004-05-26,8.28
2004-05-27,8.28
2004-05-28,8.28
2004-05-31,8.28
2004-06-01,8.28
2004-06-02,8.28
2004-06-03,8.28
2004-06-04,8.28
2004-06-07,8.28
2004-06-08,8.28
2004-06-09,8.28
2004-06-10,8.28
2004-06-11,8.28
2004-06-14,8.28
2004-06-15,8.28
2004-06-16,8.28
2004-06-17,8.28
2004-06-18,8.28
2004-06-21,8.28
2004-06-22,8.28
2004-06-23,8.28
2004-06-24,8.28
2004-06-25,8.28
2004-06-28,8.28
2004-06-29,8.28
2004-06-30,8.28
2004-07-01,8.28
2004-07-02,8.28
2004-07-05,8.28
2004-07-06,8.28
2004-07-07,8.28
2004-07-08,8.28
2004-07-09,8.28
2004-07-12,8.28
2004-07-13,8.28
2004-07-14,8.28
2004-07-15,8.28
2004-07-16,8.28
2004-07-19,8.28
2004-07-20,8.28
2004-07-21,8.28
2004-07-22,8.28
2004-07-23,8.28
2004-07-26,8.28
2004-07-27,8.28
2004-07-28,8.28
2004-07-29,8.28
2004-07-30,8.28
2004-08-02,8.28
2004-08-03,8.28
2004-08-04,8.28
2004-08-05,8.28
2004-08-06,8.28
2004-08-09,8.28
2004-08-10,8.28
2004-08-11,8.28
2004-08-12,8.28
2004-08-13,8.28
2004-08-16,8.28
2004-08-17,8.28
2004-08-18,8.28
2004-08-19,8.28
2004-08-20,8.28
2004-08-23,8.28
2004-08-24,8.28
2004-08-25,8.28
2004-08-26,8.28
2004-08-27,8.28
2004-08-30,8.28
2004-08-31,8.28
2004-09-01,8.28
2004-09-02,8.28
2004-09-03,8.28
2004-09-06,8.28
2004-09-07,8.28
2004-09-08,8.28
2004-09-09,8.28
2004-09-10,8.28
2004-09-13,8.28
2004-09-14,8.28
2004-09-15,8.28
2004-09-16,8.28
2004-09-17,8.28
2004-09-20,8.28
2004-09-22,8.28
2004-09-23,8.28
2004-09-24,8.28
2004-09-27,8.28
2004-09-28,8.28
2004-09-29,8.28
2004-09-30,8.28
2004-10-08,8.28
2004-10-11,8.28
2004-10-12,8.28
2004-10-13,8.28
2004-10-14,8.28
2004-10-15,8.28
2004-10-18,8.28
2004-10-19,8.28
2004-10-20,8.28
2004-10-21,8.28
2004-10-22,8.28
2004-10-26,8.28
2004-10-27,8.28
2004-10-28,8.28
2004-10-29,8.28
2004-11-01,8.28
2004-11-02,8.28
2004-11-03,8.28
2004-11-04,8.28
2004-11-05,8.28
2004-11-08,8.28
2004-11-09,8.28
2004-11-10,8.28
2004-11-11,8.28
2004-11-12,8.28
2004-11-15,8.28
2004-11-16,8.28
2004-11-17,8.28
2004-11-18,8.28
2004-11-19,8.28
2004-11-22,8.28
2004-11-23,8.28
2004-11-24,8.28
2004-11-25,8.28
2004-11-26,8.28
2004-11-29,8.28
2004-11-30,8.28
2004-12-01,8.28
2004-12-02,8.28
2004-12-03,8.28
2004-12-06,8.28
2004-12-07,8.28
2004-12-08,8.28
2004-12-09,8.28
2004-12-10,8.28
2004-12-13,8.28
2004-12-14,8.28
2004-12-15,8.28
2004-12-16,8.28
2004-12-17,8.28
2004-12-20,8.28
2004-12-21,8.28
2004-12-22,8.28
2004-12-23,8.28
2004-12-24,8.28
2004-12-27,8.28
2004-12-28,8.28
2004-12-29,8.28
2004-12-30,8.28
2004-12-31,8.28
2005-01-04,8.28
2005-01-05,8.28
2005-01-06,8.28
2005-01-07,8.28
2005-01-10,8.28
2005-01-11,8.28
2005-01-12,8.28
2005-01-13,8.28
2005-01-14,8.28
2005-01-17,8.28
2005-01-18,8.28
2005-01-19,8.28
2005-01-20,8.28
2005-01-21,8.28
2005-01-24,8.28
2005-01-25,8.28
2005-01-26,8.28
2005-01-27,8.28
2005-01-28,8.28
2005-01-31,8.28
2005-02-01,8.28
2005-02-02,8.28
2005-02-03,8.28
2005-02-04,8.28
2005-02-16,8.28
2005-02-17,8.28
2005-02-18,8.28
2005-02-21,8.28
2005-02-22,8.28
2005-02-23,8.28
2005-02-24,8.28
2005-02-25,8.28
2005-02-28,8.28
2005-03-01,8.28
2005-03-02,8.28
2005-03-03,8.28
2005-03-04,8.28
2005-03-07,8.28
2005-03-08,8.28
2005-03-09,8.28
2005-03-10,8.28
2005-03-11,8.28
2005-03-14,8.28
2005-03-15,8.28
2005-03-16,8.28
2005-03-17,8.28
2005-03-18,8.28
2005-03-21,8.28
2005-03-22,8.28
2005-03-23,8.28
2005-03-24,8.28
2005-03-25,8.28
2005-03-28,8.28
2005-03-29,8.28
2005-03-30,8.28
2005-03-31,8.28
2005-04-01,8.28
2005-04-04,8.28
2005-04-05,8.28
2005-04-06,8.28
2005-04-07,8.28
2005-04-08,8.28
2005-04-11,8.28
2005-04-12,8.28
2005-04-13,8.28
2005-04-14,8.28
2005-04-15,8.28
2005-04-18,8.28
2005-04-19,8.28
2005-04-20,8.28
2005-04-21,8.28
2005-04-22,8.28
2005-04-25,8.28
2005-04-26,8.28
2005-04-27,8.28
2005-04-28,8.28
2005-04-29,8.28
2005-05-09,8.28
2005-05-10,8.28
2005-05-11,8.28
2005-05-12,8.28
2005-05-13,8.28
2005-05-16,8.28
2005-05-17,8.28
2005-05-18,8.28
2005-05-19,8.28
2005-05-20,8.28
2005-05-23,8.28
2005-05-24,8.28
2005-05-25,8.28
2005-05-26,8.28
2005-05-27,8.28
2005-05-30,8.28
2005-05-31,8.28
2005-06-01,8.28
2005-06-02,8.28
2005-06-03,8.28
2005-06-06,8.28
2005-06-07,8.28
2005-06-08,8.28
2005-06-09,8.28
2005-06-10,8.28
2005-06-13,8.28
2005-06-14,8.28
2005-06-15,8.28
2005-06-16,8.28
2005-06-17,8.28
2005-06-20,8.28
2005-06-21,8.28
2005-06-22,8.28
2005-06-23,8.28
2005-06-24,8.28
2005-06-27,8.28
2005-06-28,8.28
2005-06-29,8.28
2005-06-30,8.28
2005-07-01,8.28
2005-07-04,8.28
2005-07-05,8.28
2005-07-06,8.28
2005-07-07,8.28
2005-07-08,8.28
2005-07-11,8.28
2005-07-12,8.28
2005-07-13,8.28
2005-07-14,8.28
2005-07-15,8.28
2005-07-18,8.28
2005-07-19,8.28
2005-07-20,8.28
2005-07-21,8.28
2005-07-22,8.11
2005-07-25,8.11
2005-07-26,8.11
2005-07-27,8.11
2005-07-28,8.11
2005-07-29,8.11
2005-08-01,8.11
2005-08-02,8.1
2005-08-03,8.1
2005-08-04,8.11
2005-08-05,8.1
2005-08-08,8.1
2005-08-09,8.11
2005-08-10,8.11
2005-08-11,8.11
2005-08-12,8.1
2005-08-15,8.1
2005-08-16,8.1
2005-08-17,8.1
2005-08-18,8.1
2005-08-19,8.1
2005-08-22,8.1
2005-08-23,8.11
2005-08-24,8.1
2005-08-25,8.1
2005-08-26,8.1
2005-08-29,8.1
2005-08-30,8.1
2005-08-31,8.1
2005-09-01,8.1
2005-09-02,8.09
2005-09-05,8.09
2005-09-06,8.09
2005-09-07,8.09
2005-09-08,8.09
2005-09-09,8.09
2005-09-12,8.1
2005-09-13,8.09
2005-09-14,8.09
2005-09-15,8.09
2005-09-16,8.09
2005-09-19,8.09
2005-09-20,8.09
2005-09-21,8.09
2005-09-22,8.09
2005-09-23,8.09
2005-09-26,8.09
2005-09-27,8.09
2005-09-28,8.09
2005-09-29,8.09
2005-09-30,8.09
2005-10-10,8.09
2005-10-11,8.09
2005-10-12,8.09
2005-10-13,8.09
2005-10-14,8.09
2005-10-17,8.09
2005-10-18,8.09
2005-10-19,8.09
2005-10-20,8.09
2005-10-21,8.09
2005-10-24,8.09
2005-10-25,8.09
2005-10-26,8.09
2005-10-27,8.09
2005-10-28,8.09
2005-10-31,8.08
2005-11-01,8.08
2005-11-02,8.09
2005-11-03,8.09
2005-11-04,8.08
2005-11-07,8.09
2005-11-08,8.09
2005-11-09,8.09
2005-11-10,8.09
2005-11-11,8.08
2005-11-14,8.09
2005-11-15,8.08
2005-11-16,8.08
2005-11-17,8.08
2005-11-18,8.08
2005-11-21,8.08
2005-11-22,8.08
2005-11-23,8.08
2005-11-24,8.08
2005-11-25,8.08
2005-11-28,8.08
2005-11-29,8.08
2005-11-30,8.08
2005-12-01,8.08
2005-12-02,8.08
2005-12-05,8.08
2005-12-06,8.08
2005-12-07,8.08
2005-12-08,8.08
2005-12-09,8.08
2005-12-12,8.08
2005-12-13,8.08
2005-12-14,8.08
2005-12-15,8.07
2005-12-16,8.07
2005-12-19,8.07
2005-12-20,8.07
2005-12-21,8.07
2005-12-22,8.08
2005-12-23,8.08
2005-12-26,8.08
2005-12-27,8.08
2005-12-28,8.07
2005-12-29,8.07
2005-12-30,8.07
2005-12-31,8.07
2006-01-04,8.07
2006-01-05,8.07
2006-01-06,8.07
2006-01-09,8.07
2006-01-10,8.07
2006-01-11,8.07
2006-01-12,8.07
2006-01-13,8.07
2006-01-16,8.07
2006-01-17,8.07
2006-01-18,8.07
2006-01-19,8.07
2006-01-20,8.06
2006-01-23,8.06
2006-01-24,8.06
2006-01-25,8.06
2006-01-26,8.06
2006-01-27,8.06
2006-02-06,8.06
2006-02-07,8.06
2006-02-08,8.05
2006-02-09,8.06
2006-02-10,8.05
2006-02-13,8.05
2006-02-14,8.05
2006-02-15,8.05
2006-02-16,8.05
2006-02-17,8.05
2006-02-20,8.05
2006-02-21,8.05
2006-02-22,8.05
2006-02-23,8.05
2006-02-24,8.04
2006-02-27,8.04
2006-02-28,8.04
2006-03-01,8.04
2006-03-02,8.04
2006-03-03,8.04
2006-03-06,8.04
2006-03-07,8.04
2006-03-08,8.05
2006-03-09,8.05
2006-03-10,8.05
2006-03-13,8.05
2006-03-14,8.05
2006-03-15,8.04
2006-03-16,8.04
2006-03-17,8.03
2006-03-20,8.03
2006-03-21,8.03
2006-03-22,8.03
2006-03-23,8.03
2006-03-24,8.03
2006-03-27,8.02
2006-03-28,8.02
2006-03-29,8.03
2006-03-30,8.03
2006-03-31,8.02
2006-04-03,8.02
2006-04-04,8.02
2006-04-05,8.01
2006-04-06,8.01
2006-04-07,8.01
2006-04-10,8.0
2006-04-11,8.01
2006-04-12,8.01
2006-04-13,8.02
2006-04-14,8.02
2006-04-17,8.02
2006-04-18,8.01
2006-04-19,8.01
2006-04-20,8.01
2006-04-21,8.02
2006-04-24,8.02
2006-04-25,8.02
2006-04-26,8.02
2006-04-27,8.02
2006-04-28,8.02
2006-05-08,8.01
2006-05-09,8.01
2006-05-10,8.0
2006-05-11,8.01
2006-05-12,8.01
2006-05-15,8.0
2006-05-16,8.02
2006-05-17,8.01
2006-05-18,8.02
2006-05-19,8.02
2006-05-22,8.02
2006-05-23,8.02
2006-05-24,8.02
2006-05-25,8.03
2006-05-26,8.02
2006-05-29,8.03
2006-05-30,8.03
2006-05-31,8.02
2006-06-01,8.02
2006-06-02,8.02
2006-06-05,8.01
2006-06-06,8.01
2006-06-07,8.02
2006-06-08,8.02
2006-06-09,8.02
2006-06-12,8.02
2006-06-13,8.01
2006-06-14,8.01
2006-06-15,8.0
2006-06-16,8.0
2006-06-19,8.0
2006-06-20,8.0
2006-06-21,8.0
2006-06-22,8.0
2006-06-23,8.0
2006-06-26,8.0
2006-06-27,8.0
2006-06-28,8.0
2006-06-29,8.0
2006-06-30,8.0
2006-07-03,7.99
2006-07-04,7.99
2006-07-05,7.99
2006-07-06,8.0
2006-07-07,7.99
2006-07-10,7.99
2006-07-11,7.99
2006-07-12,7.99
2006-07-13,7.99
2006-07-14,8.0
2006-07-17,8.0
2006-07-18,8.0
2006-07-19,8.0
2006-07-20,7.99
2006-07-21,7.99
2006-07-24,7.98
2006-07-25,7.99
2006-07-26,7.99
2006-07-27,7.98
2006-07-28,7.98
2006-07-31,7.97
2006-08-01,7.97
2006-08-02,7.97
2006-08-03,7.98
2006-08-04,7.98
2006-08-07,7.97
2006-08-08,7.97
2006-08-09,7.98
2006-08-10,7.97
2006-08-11,7.97
2006-08-14,7.99
2006-08-15,8.0
2006-08-16,7.98
2006-08-17,7.97
2006-08-18,7.97
2006-08-21,7.97
2006-08-22,7.97
2006-08-23,7.97
2006-08-24,7.97
2006-08-25,7.97
2006-08-28,7.97
2006-08-29,7.97
2006-08-30,7.96
2006-08-31,7.96
2006-09-01,7.96
2006-09-04,7.95
2006-09-05,7.94
2006-09-06,7.95
2006-09-07,7.95
2006-09-08,7.96
2006-09-11,7.96
2006-09-12,7.96
2006-09-13,7.96
2006-09-14,7.95
2006-09-15,7.95
2006-09-18,7.94
2006-09-19,7.93
2006-09-20,7.93
2006-09-21,7.93
2006-09-22,7.92
2006-09-25,7.92
2006-09-26,7.92
2006-09-27,7.91
2006-09-28,7.9
2006-09-29,7.91
2006-10-09,7.91
2006-10-10,7.91
2006-10-11,7.92
2006-10-12,7.92
2006-10-13,7.91
2006-10-16,7.91
2006-10-17,7.91
2006-10-18,7.91
2006-10-19,7.91
2006-10-20,7.9
2006-10-23,7.9
2006-10-24,7.9
2006-10-25,7.9
2006-10-26,7.89
2006-10-27,7.89
2006-10-30,7.88
2006-10-31,7.88
2006-11-01,7.87
2006-11-02,7.88
2006-11-03,7.87
2006-11-06,7.88
2006-11-07,7.88
2006-11-08,7.87
2006-11-09,7.87
2006-11-10,7.87
2006-11-13,7.86
2006-11-14,7.87
2006-11-15,7.87
2006-11-16,7.87
2006-11-17,7.87
2006-11-20,7.87
2006-11-21,7.87
2006-11-22,7.87
2006-11-23,7.86
2006-11-24,7.85
2006-11-27,7.84
2006-11-28,7.85
2006-11-29,7.84
2006-11-30,7.84
2006-12-01,7.83
2006-12-04,7.82
2006-12-05,7.83
2006-12-06,7.82
2006-12-07,7.83
2006-12-08,7.83
2006-12-11,7.84
2006-12-12,7.83
2006-12-13,7.83
2006-12-14,7.82
2006-12-15,7.82
2006-12-18,7.83
2006-12-19,7.83
2006-12-20,7.82
2006-12-21,7.82
2006-12-22,7.82
2006-12-25,7.82
2006-12-26,7.82
2006-12-27,7.82
2006-12-28,7.81
2006-12-29,7.81
2007-01-04,7.81
2007-01-05,7.81
2007-01-08,7.81
2007-01-09,7.81
2007-01-10,7.81
2007-01-11,7.8
2007-01-12,7.8
2007-01-15,7.79
2007-01-16,7.79
2007-01-17,7.78
2007-01-18,7.78
2007-01-19,7.78
2007-01-22,7.78
2007-01-23,7.78
2007-01-24,7.78
2007-01-25,7.77
2007-01-26,7.78
2007-01-29,7.78
2007-01-30,7.78
2007-01-31,7.78
2007-02-01,7.76
2007-02-02,7.76
2007-02-05,7.76
2007-02-06,7.76
2007-02-07,7.75
2007-02-08,7.75
2007-02-09,7.76
2007-02-12,7.76
2007-02-13,7.77
2007-02-14,7.76
2007-02-15,7.75
2007-02-16,7.74
2007-02-26,7.75
2007-02-27,7.75
2007-02-28,7.74
2007-03-01,7.75
2007-03-02,7.75
2007-03-05,7.74
2007-03-06,7.75
2007-03-07,7.74
2007-03-08,7.74
2007-03-09,7.74
2007-03-12,7.75
2007-03-13,7.74
2007-03-14,7.74
2007-03-15,7.74
2007-03-16,7.74
2007-03-19,7.74
2007-03-20,7.74
2007-03-21,7.74
2007-03-22,7.73
2007-03-23,7.74
2007-03-26,7.74
2007-03-27,7.73
2007-03-28,7.73
2007-03-29,7.73
2007-03-30,7.73
2007-04-02,7.73
2007-04-03,7.73
2007-04-04,7.73
2007-04-05,7.73
2007-04-06,7.73
2007-04-09,7.73
2007-04-10,7.73
2007-04-11,7.73
2007-04-12,7.73
2007-04-13,7.72
2007-04-16,7.72
2007-04-17,7.73
2007-04-18,7.72
2007-04-19,7.72
2007-04-20,7.72
2007-04-23,7.73
2007-04-24,7.73
2007-04-25,7.72
2007-04-26,7.72
2007-04-27,7.71
2007-04-30,7.71
2007-05-08,7.7
2007-05-09,7.7
2007-05-10,7.7
2007-05-11,7.68
2007-05-14,7.67
2007-05-15,7.69
2007-05-16,7.68
2007-05-17,7.68
2007-05-18,7.68
2007-05-21,7.67
2007-05-22,7.66
2007-05-23,7.65
2007-05-24,7.65
2007-05-25,7.65
2007-05-28,7.65
2007-05-29,7.65
2007-05-30,7.65
2007-05-31,7.65
2007-06-01,7.65
2007-06-04,7.65
2007-06-05,7.64
2007-06-06,7.64
2007-06-07,7.65
2007-06-08,7.67
2007-06-11,7.68
2007-06-12,7.65
2007-06-13,7.63
2007-06-14,7.63
2007-06-15,7.62
2007-06-18,7.62
2007-06-19,7.62
2007-06-20,7.62
2007-06-21,7.62
2007-06-22,7.62
2007-06-25,7.62
2007-06-26,7.62
2007-06-27,7.62
2007-06-28,7.62
2007-06-29,7.62
2007-07-02,7.61
2007-07-03,7.6
2007-07-04,7.6
2007-07-05,7.61
2007-07-06,7.61
2007-07-09,7.61
2007-07-10,7.58
2007-07-11,7.57
2007-07-12,7.58
2007-07-13,7.57
2007-07-16,7.57
2007-07-17,7.57
2007-07-18,7.57
2007-07-19,7.56
2007-07-20,7.57
2007-07-23,7.56
2007-07-24,7.57
2007-07-25,7.56
2007-07-26,7.58
2007-07-27,7.57
2007-07-30,7.58
2007-07-31,7.57
2007-08-01,7.57
2007-08-02,7.57
2007-08-03,7.57
2007-08-06,7.56
2007-08-07,7.57
2007-08-08,7.58
2007-08-09,7.56
2007-08-10,7.57
2007-08-13,7.58
2007-08-14,7.58
2007-08-15,7.59
2007-08-16,7.6
2007-08-17,7.6
2007-08-20,7.6
2007-08-21,7.6
2007-08-22,7.6
2007-08-23,7.58
2007-08-24,7.57
2007-08-27,7.56
2007-08-28,7.55
2007-08-29,7.55
2007-08-30,7.56
2007-08-31,7.56
2007-09-03,7.55
2007-09-04,7.56
2007-09-05,7.55
2007-09-06,7.54
2007-09-07,7.54
2007-09-10,7.53
2007-09-11,7.53
2007-09-12,7.53
2007-09-13,7.52
2007-09-14,7.52
2007-09-17,7.52
2007-09-18,7.53
2007-09-19,7.52
2007-09-20,7.52
2007-09-21,7.51
2007-09-24,7.51
2007-09-25,7.51
2007-09-26,7.51
2007-09-27,7.52
2007-09-28,7.51
2007-10-08,7.51
2007-10-09,7.52
2007-10-10,7.52
2007-10-11,7.51
2007-10-12,7.51
2007-10-15,7.52
2007-10-16,7.51
2007-10-17,7.52
2007-10-18,7.51
2007-10-19,7.51
2007-10-22,7.51
2007-10-23,7.5
2007-10-24,7.49
2007-10-25,7.49
2007-10-26,7.48
2007-10-29,7.47
2007-10-30,7.47
2007-10-31,7.47
2007-11-01,7.46
2007-11-02,7.46
2007-11-05,7.46
2007-11-06,7.46
2007-11-07,7.45
2007-11-08,7.43
2007-11-09,7.42
2007-11-12,7.41
2007-11-13,7.43
2007-11-14,7.43
2007-11-15,7.43
2007-11-16,7.43
2007-11-19,7.43
2007-11-20,7.43
2007-11-21,7.42
2007-11-22,7.41
2007-11-23,7.4
2007-11-26,7.39
2007-11-27,7.39
2007-11-28,7.39
2007-11-29,7.4
2007-11-30,7.4
2007-12-03,7.41
2007-12-04,7.41
2007-12-05,7.4
2007-12-06,7.42
2007-12-07,7.41
2007-12-10,7.4
2007-12-11,7.38
2007-12-12,7.36
2007-12-13,7.36
2007-12-14,7.36
2007-12-17,7.38
2007-12-18,7.38
2007-12-19,7.37
2007-12-20,7.36
2007-12-21,7.36
2007-12-24,7.33
2007-12-25,7.33
2007-12-26,7.33
2007-12-27,7.31
2007-12-28,7.3
2008-01-02,7.3
2008-01-03,7.28
2008-01-04,7.28
2008-01-07,7.27
2008-01-08,7.28
2008-01-09,7.27
2008-01-10,7.28
2008-01-11,7.27
2008-01-14,7.26
2008-01-15,7.25
2008-01-16,7.24
2008-01-17,7.25
2008-01-18,7.26
2008-01-21,7.26
2008-01-22,7.26
2008-01-23,7.24
2008-01-24,7.23
2008-01-25,7.21
2008-01-28,7.2
2008-01-29,7.2
2008-01-30,7.2
2008-01-31,7.19
2008-02-01,7.19
2008-02-04,7.19
2008-02-05,7.18
2008-02-13,7.2
2008-02-14,7.19
2008-02-15,7.18
2008-02-18,7.17
2008-02-19,7.16
2008-02-20,7.15
2008-02-21,7.15
2008-02-22,7.15
2008-02-25,7.15
2008-02-26,7.15
2008-02-27,7.15
2008-02-28,7.12
2008-02-29,7.11
2008-03-03,7.11
2008-03-04,7.12
2008-03-05,7.12
2008-03-06,7.12
2008-03-07,7.11
2008-03-10,7.11
2008-03-11,7.1
2008-03-12,7.11
2008-03-13,7.1
2008-03-14,7.09
2008-03-17,7.08
2008-03-18,7.09
2008-03-19,7.06
2008-03-20,7.05
2008-03-21,7.06
2008-03-24,7.05
2008-03-25,7.04
2008-03-26,7.03
2008-03-27,7.01
2008-03-28,7.01
2008-03-31,7.02
2008-04-01,7.02
2008-04-02,7.03
2008-04-03,7.02
2008-04-07,7.0
2008-04-08,7.0
2008-04-09,7.0
2008-04-10,6.99
2008-04-11,7.0
2008-04-14,7.0
2008-04-15,7.0
2008-04-16,7.0
2008-04-17,6.99
2008-04-18,7.0
2008-04-21,7.01
2008-04-22,6.99
2008-04-23,6.98
2008-04-24,6.99
2008-04-25,6.99
2008-04-28,7.0
2008-04-29,6.99
2008-04-30,7.0
2008-05-05,7.0
2008-05-06,6.99
2008-05-07,6.98
2008-05-08,7.0
2008-05-09,7.0
2008-05-12,6.98
2008-05-13,6.99
2008-05-14,7.0
2008-05-15,7.0
2008-05-16,6.99
2008-05-19,6.97
2008-05-20,6.98
2008-05-21,6.96
2008-05-22,6.94
2008-05-23,6.95
2008-05-26,6.94
2008-05-27,6.94
2008-05-28,6.94
2008-05-29,6.94
2008-05-30,6.95
2008-06-02,6.94
2008-06-03,6.93
2008-06-04,6.94
2008-06-05,6.94
2008-06-06,6.92
2008-06-10,6.92
2008-06-11,6.92
2008-06-12,6.9
2008-06-13,6.9
2008-06-16,6.9
2008-06-17,6.89
2008-06-18,6.88
2008-06-19,6.88
2008-06-20,6.88
2008-06-23,6.87
2008-06-24,6.87
2008-06-25,6.87
2008-06-26,6.86
2008-06-27,6.86
2008-06-30,6.86
2008-07-01,6.86
2008-07-02,6.86
2008-07-03,6.85
2008-07-04,6.86
2008-07-07,6.86
2008-07-08,6.86
2008-07-09,6.86
2008-07-10,6.85
2008-07-11,6.84
2008-07-14,6.83
2008-07-15,6.82
2008-07-16,6.81
2008-07-17,6.82
2008-07-18,6.82
2008-07-21,6.83
2008-07-22,6.82
2008-07-23,6.83
2008-07-24,6.83
2008-07-25,6.83
2008-07-28,6.83
2008-07-29,6.82
2008-07-30,6.84
2008-07-31,6.84
2008-08-01,6.84
2008-08-04,6.85
2008-08-05,6.85
2008-08-06,6.85
2008-08-07,6.86
2008-08-08,6.86
2008-08-11,6.86
2008-08-12,6.87
2008-08-13,6.86
2008-08-14,6.86
2008-08-15,6.86
2008-08-18,6.87
2008-08-19,6.86
2008-08-20,6.85
2008-08-21,6.85
2008-08-22,6.84
2008-08-25,6.84
2008-08-26,6.84
2008-08-27,6.84
2008-08-28,6.83
2008-08-29,6.83
2008-09-01,6.83
2008-09-02,6.84
2008-09-03,6.84
2008-09-04,6.84
2008-09-05,6.84
2008-09-08,6.85
2008-09-09,6.84
2008-09-10,6.84
2008-09-11,6.85
2008-09-12,6.85
2008-09-16,6.82
2008-09-17,6.83
2008-09-18,6.82
2008-09-19,6.83
2008-09-22,6.82
2008-09-23,6.8
2008-09-24,6.81
2008-09-25,6.82
2008-09-26,6.82
2008-10-06,6.83
2008-10-07,6.83
2008-10-08,6.83
2008-10-09,6.83
2008-10-10,6.83
2008-10-13,6.83
2008-10-14,6.83
2008-10-15,6.83
2008-10-16,6.83
2008-10-17,6.83
2008-10-20,6.83
2008-10-21,6.83
2008-10-22,6.83
2008-10-23,6.84
2008-10-24,6.84
2008-10-27,6.84
2008-10-28,6.84
2008-10-29,6.83
2008-10-30,6.83
2008-10-31,6.83
2008-11-03,6.83
2008-11-04,6.83
2008-11-05,6.82
2008-11-06,6.83
2008-11-07,6.83
2008-11-10,6.83
2008-11-11,6.83
2008-11-12,6.83
2008-11-13,6.83
2008-11-14,6.83
2008-11-17,6.83
2008-11-18,6.83
2008-11-19,6.83
2008-11-20,6.83
2008-11-21,6.83
2008-11-24,6.83
2008-11-25,6.83
2008-11-26,6.83
2008-11-27,6.83
2008-11-28,6.83
2008-12-01,6.85
2008-12-02,6.85
2008-12-03,6.85
2008-12-04,6.85
2008-12-05,6.85
2008-12-08,6.85
2008-12-09,6.85
2008-12-10,6.85
2008-12-11,6.85
2008-12-12,6.85
2008-12-15,6.84
2008-12-16,6.84
2008-12-17,6.84
2008-12-18,6.83
2008-12-19,6.84
2008-12-22,6.84
2008-12-23,6.84
2008-12-24,6.84
2008-12-25,6.84
2008-12-26,6.84
2008-12-29,6.84
2008-12-30,6.84
2008-12-31,6.83
2009-01-05,6.84
2009-01-06,6.84
2009-01-07,6.84
2009-01-08,6.84
2009-01-09,6.84
2009-01-12,6.84
2009-01-13,6.84
2009-01-14,6.84
2009-01-15,6.84
2009-01-16,6.84
2009-01-19,6.84
2009-01-20,6.84
2009-01-21,6.84
2009-01-22,6.84
2009-01-23,6.84
2009-02-02,6.84
2009-02-03,6.84
2009-02-04,6.83
2009-02-05,6.84
2009-02-06,6.84
2009-02-09,6.83
2009-02-10,6.83
2009-02-11,6.83
2009-02-12,6.83
2009-02-13,6.83
2009-02-16,6.83
2009-02-17,6.84
2009-02-18,6.84
2009-02-19,6.84
2009-02-20,6.84
2009-02-23,6.83
2009-02-24,6.84
2009-02-25,6.84
2009-02-26,6.84
2009-02-27,6.84
2009-03-02,6.84
2009-03-03,6.84
2009-03-04,6.84
2009-03-05,6.84
2009-03-06,6.84
2009-03-09,6.84
2009-03-10,6.84
2009-03-11,6.83
2009-03-12,6.83
2009-03-13,6.83
2009-03-16,6.83
2009-03-17,6.83
2009-03-18,6.83
2009-03-19,6.83
2009-03-20,6.83
2009-03-23,6.83
2009-03-24,6.83
2009-03-25,6.83
2009-03-26,6.83
2009-03-27,6.83
2009-03-30,6.83
2009-03-31,6.84
2009-04-01,6.83
2009-04-02,6.83
2009-04-03,6.83
2009-04-07,6.83
2009-04-08,6.84
2009-04-09,6.84
2009-04-10,6.83
2009-04-13,6.83
2009-04-14,6.83
2009-04-15,6.83
2009-04-16,6.83
2009-04-17,6.83
2009-04-20,6.83
2009-04-21,6.83
2009-04-22,6.83
2009-04-23,6.83
2009-04-24,6.83
2009-04-27,6.83
2009-04-28,6.83
2009-04-29,6.83
2009-04-30,6.83
2009-05-04,6.82
2009-05-05,6.82
2009-05-06,6.82
2009-05-07,6.82
2009-05-08,6.82
2009-05-11,6.82
2009-05-12,6.82
2009-05-13,6.82
2009-05-14,6.83
2009-05-15,6.82
2009-05-18,6.83
2009-05-19,6.83
2009-05-20,6.83
2009-05-21,6.82
2009-05-22,6.82
2009-05-25,6.82
2009-05-26,6.83
2009-05-27,6.83
2009-06-01,6.83
2009-06-02,6.83
2009-06-03,6.83
2009-06-04,6.83
2009-06-05,6.83
2009-06-08,6.84
2009-06-09,6.84
2009-06-10,6.83
2009-06-11,6.83
2009-06-12,6.83
2009-06-15,6.83
2009-06-16,6.84
2009-06-17,6.83
2009-06-18,6.83
2009-06-19,6.83
2009-06-22,6.83
2009-06-23,6.83
2009-06-24,6.83
2009-06-25,6.83
2009-06-26,6.83
2009-06-29,6.83
2009-06-30,6.83
2009-07-01,6.83
2009-07-02,6.83
2009-07-03,6.83
2009-07-06,6.83
2009-07-07,6.83
2009-07-08,6.83
2009-07-09,6.83
2009-07-10,6.83
2009-07-13,6.83
2009-07-14,6.83
2009-07-15,6.83
2009-07-16,6.83
2009-07-17,6.83
2009-07-20,6.83
2009-07-21,6.83
2009-07-22,6.83
2009-07-23,6.83
2009-07-24,6.83
2009-07-27,6.83
2009-07-28,6.83
2009-07-29,6.83
2009-07-30,6.83
2009-07-31,6.83
2009-08-03,6.83
2009-08-04,6.83
2009-08-05,6.83
2009-08-06,6.83
2009-08-07,6.83
2009-08-10,6.83
2009-08-11,6.84
2009-08-12,6.84
2009-08-13,6.83
2009-08-14,6.83
2009-08-17,6.83
2009-08-18,6.83
2009-08-19,6.83
2009-08-20,6.83
2009-08-21,6.83
2009-08-24,6.83
2009-08-25,6.83
2009-08-26,6.83
2009-08-27,6.83
2009-08-28,6.83
2009-08-31,6.83
2009-09-01,6.83
2009-09-02,6.83
2009-09-03,6.83
2009-09-04,6.83
2009-09-07,6.83
2009-09-08,6.83
2009-09-09,6.83
2009-09-10,6.83
2009-09-11,6.83
2009-09-14,6.83
2009-09-15,6.83
2009-09-16,6.83
2009-09-17,6.83
2009-09-18,6.83
2009-09-21,6.83
2009-09-22,6.83
2009-09-23,6.83
2009-09-24,6.83
2009-09-25,6.83
2009-09-28,6.83
2009-09-29,6.83
2009-09-30,6.83
2009-10-09,6.83
2009-10-12,6.83
2009-10-13,6.83
2009-10-14,6.83
2009-10-15,6.83
2009-10-16,6.83
2009-10-19,6.83
2009-10-20,6.83
2009-10-21,6.83
2009-10-22,6.83
2009-10-23,6.83
2009-10-26,6.83
2009-10-27,6.83
2009-10-28,6.83
2009-10-29,6.83
2009-10-30,6.83
2009-11-02,6.83
2009-11-03,6.83
2009-11-04,6.83
2009-11-05,6.83
2009-11-06,6.83
2009-11-09,6.83
2009-11-10,6.83
2009-11-11,6.83
2009-11-12,6.83
2009-11-13,6.83
2009-11-16,6.83
2009-11-17,6.83
2009-11-18,6.83
2009-11-19,6.83
2009-11-20,6.83
2009-11-23,6.83
2009-11-24,6.83
2009-11-25,6.83
2009-11-26,6.83
2009-11-27,6.83
2009-11-30,6.83
2009-12-01,6.83
2009-12-02,6.83
2009-12-03,6.83
2009-12-04,6.83
2009-12-07,6.83
2009-12-08,6.83
2009-12-09,6.83
2009-12-10,6.83
2009-12-11,6.83
2009-12-14,6.83
2009-12-15,6.83
2009-12-16,6.83
2009-12-17,6.83
2009-12-18,6.83
2009-12-21,6.83
2009-12-22,6.83
2009-12-23,6.83
2009-12-24,6.83
2009-12-25,6.83
2009-12-28,6.83
2009-12-29,6.83
2009-12-30,6.83
2009-12-31,6.83
2010-01-04,6.83
2010-01-05,6.83
2010-01-06,6.83
2010-01-07,6.83
2010-01-08,6.83
2010-01-11,6.83
2010-01-12,6.83
2010-01-13,6.83
2010-01-14,6.83
2010-01-15,6.83
2010-01-18,6.83
2010-01-19,6.83
2010-01-20,6.83
2010-01-21,6.83
2010-01-22,6.83
2010-01-25,6.83
2010-01-26,6.83
2010-01-27,6.83
2010-01-28,6.83
2010-01-29,6.83
2010-02-01,6.83
2010-02-02,6.83
2010-02-03,6.83
2010-02-04,6.83
2010-02-05,6.83
2010-02-08,6.83
2010-02-09,6.83
2010-02-10,6.83
2010-02-11,6.83
2010-02-12,6.83
2010-02-22,6.83
2010-02-23,6.83
2010-02-24,6.83
2010-02-25,6.83
2010-02-26,6.83
2010-03-01,6.83
2010-03-02,6.83
2010-03-03,6.83
2010-03-04,6.83
2010-03-05,6.83
2010-03-08,6.83
2010-03-09,6.83
2010-03-10,6.83
2010-03-11,6.83
2010-03-12,6.83
2010-03-15,6.83
2010-03-16,6.83
2010-03-17,6.83
2010-03-18,6.83
2010-03-19,6.83
2010-03-22,6.83
2010-03-23,6.83
2010-03-24,6.83
2010-03-25,6.83
2010-03-26,6.83
2010-03-29,6.83
2010-03-30,6.83
2010-03-31,6.83
2010-04-01,6.83
2010-04-02,6.83
2010-04-06,6.83
2010-04-07,6.83
2010-04-08,6.83
2010-04-09,6.83
2010-04-12,6.83
2010-04-13,6.83
2010-04-14,6.83
2010-04-15,6.83
2010-04-16,6.83
2010-04-19,6.83
2010-04-20,6.83
2010-04-21,6.83
2010-04-22,6.83
2010-04-23,6.83
2010-04-26,6.83
2010-04-27,6.83
2010-04-28,6.83
2010-04-29,6.83
2010-04-30,6.83
2010-05-04,6.83
2010-05-05,6.83
2010-05-06,6.83
2010-05-07,6.83
2010-05-10,6.83
2010-05-11,6.83
2010-05-12,6.83
2010-05-13,6.83
2010-05-14,6.83
2010-05-17,6.83
2010-05-18,6.83
2010-05-19,6.83
2010-05-20,6.83
2010-05-21,6.83
2010-05-24,6.83
2010-05-25,6.83
2010-05-26,6.83
2010-05-27,6.83
2010-05-28,6.83
2010-05-31,6.83
2010-06-01,6.83
2010-06-02,6.83
2010-06-03,6.83
2010-06-04,6.83
2010-06-07,6.83
2010-06-08,6.83
2010-06-09,6.83
2010-06-10,6.83
2010-06-11,6.83
2010-06-17,6.83
2010-06-18,6.83
2010-06-21,6.83
2010-06-22,6.8
2010-06-23,6.81
2010-06-24,6.81
2010-06-25,6.79
2010-06-28,6.79
2010-06-29,6.79
2010-06-30,6.79
2010-07-01,6.79
2010-07-02,6.77
2010-07-05,6.77
2010-07-06,6.78
2010-07-07,6.78
2010-07-08,6.78
2010-07-09,6.78
2010-07-12,6.77
2010-07-13,6.78
2010-07-14,6.78
2010-07-15,6.77
2010-07-16,6.77
2010-07-19,6.78
2010-07-20,6.78
2010-07-21,6.78
2010-07-22,6.79
2010-07-23,6.78
2010-07-26,6.78
2010-07-27,6.77
2010-07-28,6.78
2010-07-29,6.78
2010-07-30,6.78
2010-08-02,6.77
2010-08-03,6.77
2010-08-04,6.77
2010-08-05,6.78
2010-08-06,6.77
2010-08-09,6.77
2010-08-10,6.77
2010-08-11,6.78
2010-08-12,6.8
2010-08-13,6.8
2010-08-16,6.81
2010-08-17,6.8
2010-08-18,6.79
2010-08-19,6.79
2010-08-20,6.79
2010-08-23,6.8
2010-08-24,6.8
2010-08-25,6.8
2010-08-26,6.8
2010-08-27,6.8
2010-08-30,6.8
2010-08-31,6.81
2010-09-01,6.81
2010-09-02,6.8
2010-09-03,6.8
2010-09-06,6.78
2010-09-07,6.78
2010-09-08,6.79
2010-09-09,6.78
2010-09-10,6.76
2010-09-13,6.75
2010-09-14,6.74
2010-09-15,6.73
2010-09-16,6.72
2010-09-17,6.72
2010-09-20,6.71
2010-09-21,6.7
2010-09-27,6.71
2010-09-28,6.71
2010-09-29,6.69
2010-09-30,6.7
2010-10-08,6.68
2010-10-11,6.67
2010-10-12,6.68
2010-10-13,6.67
2010-10-14,6.66
2010-10-15,6.65
2010-10-18,6.65
2010-10-19,6.66
2010-10-20,6.68
2010-10-21,6.67
2010-10-22,6.68
2010-10-25,6.67
2010-10-26,6.68
2010-10-27,6.69
2010-10-28,6.7
2010-10-29,6.69
2010-11-01,6.69
2010-11-02,6.69
2010-11-03,6.68
2010-11-04,6.67
2010-11-05,6.66
2010-11-08,6.67
2010-11-09,6.66
2010-11-10,6.65
2010-11-11,6.62
2010-11-12,6.62
2010-11-15,6.63
2010-11-16,6.64
2010-11-17,6.65
2010-11-18,6.65
2010-11-19,6.64
2010-11-22,6.64
2010-11-23,6.65
2010-11-24,6.66
2010-11-25,6.66
2010-11-26,6.66
2010-11-29,6.67
2010-11-30,6.68
2010-12-01,6.68
2010-12-02,6.67
2010-12-03,6.66
2010-12-06,6.65
2010-12-07,6.66
2010-12-08,6.66
2010-12-09,6.67
2010-12-10,6.66
2010-12-13,6.66
2010-12-14,6.65
2010-12-15,6.66
2010-12-16,6.66
2010-12-17,6.66
2010-12-20,6.66
2010-12-21,6.66
2010-12-22,6.65
2010-12-23,6.65
2010-12-24,6.64
2010-12-27,6.63
2010-12-28,6.63
2010-12-29,6.62
2010-12-30,6.62
2010-12-31,6.62
2011-01-04,6.62
2011-01-05,6.63
2011-01-06,6.63
2011-01-07,6.63
2011-01-10,6.63
2011-01-11,6.62
2011-01-12,6.61
2011-01-13,6.6
2011-01-14,6.59
2011-01-17,6.59
2011-01-18,6.59
2011-01-19,6.59
2011-01-20,6.59
2011-01-21,6.59
2011-01-24,6.59
2011-01-25,6.59
2011-01-26,6.59
2011-01-27,6.59
2011-01-28,6.59
2011-01-31,6.59
2011-02-01,6.59
2011-02-09,6.59
2011-02-10,6.58
2011-02-11,6.6
2011-02-14,6.6
2011-02-15,6.59
2011-02-16,6.59
2011-02-17,6.58
2011-02-18,6.58
2011-02-21,6.57
2011-02-22,6.58
2011-02-23,6.58
2011-02-24,6.58
2011-02-25,6.58
2011-02-28,6.58
2011-03-01,6.57
2011-03-02,6.57
2011-03-03,6.57
2011-03-04,6.57
2011-03-07,6.57
2011-03-08,6.57
2011-03-09,6.57
2011-03-10,6.57
2011-03-11,6.58
2011-03-14,6.57
2011-03-15,6.57
2011-03-16,6.57
2011-03-17,6.57
2011-03-18,6.57
2011-03-21,6.56
2011-03-22,6.56
2011-03-23,6.56
2011-03-24,6.56
2011-03-25,6.56
2011-03-28,6.56
2011-03-29,6.56
2011-03-30,6.56
2011-03-31,6.56
2011-04-01,6.55
2011-04-06,6.55
2011-04-07,6.55
2011-04-08,6.54
2011-04-11,6.54
2011-04-12,6.54
2011-04-13,6.54
2011-04-14,6.53
2011-04-15,6.53
2011-04-18,6.53
2011-04-19,6.53
2011-04-20,6.53
2011-04-21,6.52
2011-04-22,6.52
2011-04-25,6.52
2011-04-26,6.52
2011-04-27,6.51
2011-04-28,6.51
2011-04-29,6.5
2011-05-03,6.5
2011-05-04,6.5
2011-05-05,6.5
2011-05-06,6.5
2011-05-09,6.5
2011-05-10,6.5
2011-05-11,6.49
2011-05-12,6.5
2011-05-13,6.5
2011-05-16,6.51
2011-05-17,6.51
2011-05-18,6.51
2011-05-19,6.5
2011-05-20,6.5
2011-05-23,6.5
2011-05-24,6.5
2011-05-25,6.49
2011-05-26,6.49
2011-05-27,6.49
2011-05-30,6.49
2011-05-31,6.48
2011-06-01,6.48
2011-06-02,6.49
2011-06-03,6.48
2011-06-07,6.48
2011-06-08,6.48
2011-06-09,6.48
2011-06-10,6.49
2011-06-13,6.49
2011-06-14,6.48
2011-06-15,6.48
2011-06-16,6.48
2011-06-17,6.47
2011-06-20,6.47
2011-06-21,6.47
2011-06-22,6.47
2011-06-23,6.47
2011-06-24,6.47
2011-06-27,6.48
2011-06-28,6.47
2011-06-29,6.47
2011-06-30,6.47
2011-07-01,6.47
2011-07-04,6.47
2011-07-05,6.47
2011-07-06,6.47
2011-07-07,6.47
2011-07-08,6.47
2011-07-11,6.47
2011-07-12,6.47
2011-07-13,6.47
2011-07-14,6.46
2011-07-15,6.47
2011-07-18,6.47
2011-07-19,6.47
2011-07-20,6.46
2011-07-21,6.45
2011-07-22,6.45
2011-07-25,6.45
2011-07-26,6.45
2011-07-27,6.44
2011-07-28,6.44
2011-07-29,6.44
2011-08-01,6.44
2011-08-02,6.44
2011-08-03,6.44
2011-08-04,6.44
2011-08-05,6.45
2011-08-08,6.43
2011-08-09,6.43
2011-08-10,6.42
2011-08-11,6.4
2011-08-12,6.4
2011-08-15,6.4
2011-08-16,6.39
2011-08-17,6.4
2011-08-18,6.39
2011-08-19,6.4
2011-08-22,6.4
2011-08-23,6.4
2011-08-24,6.39
2011-08-25,6.39
2011-08-26,6.4
2011-08-29,6.39
2011-08-30,6.38
2011-08-31,6.39
2011-09-01,6.39
2011-09-02,6.39
2011-09-05,6.39
2011-09-06,6.39
2011-09-07,6.4
2011-09-08,6.39
2011-09-09,6.39
2011-09-13,6.4
2011-09-14,6.39
2011-09-15,6.39
2011-09-16,6.38
2011-09-19,6.38
2011-09-20,6.39
2011-09-21,6.38
2011-09-22,6.38
2011-09-23,6.38
2011-09-26,6.37
2011-09-27,6.38
2011-09-28,6.36
2011-09-29,6.37
2011-09-30,6.35
2011-10-10,6.36
2011-10-11,6.35
2011-10-12,6.36
2011-10-13,6.37
2011-10-14,6.38
2011-10-17,6.37
2011-10-18,6.37
2011-10-19,6.37
2011-10-20,6.37
2011-10-21,6.36
2011-10-24,6.35
2011-10-25,6.34
2011-10-26,6.35
2011-10-27,6.35
2011-10-28,6.33
2011-10-31,6.32
2011-11-01,6.33
2011-11-02,6.33
2011-11-03,6.32
2011-11-04,6.32
2011-11-07,6.32
2011-11-08,6.32
2011-11-09,6.32
2011-11-10,6.33
2011-11-11,6.33
2011-11-14,6.33
2011-11-15,6.34
2011-11-16,6.35
2011-11-17,6.36
2011-11-18,6.35
2011-11-21,6.35
2011-11-22,6.36
2011-11-23,6.35
2011-11-24,6.36
2011-11-25,6.36
2011-11-28,6.36
2011-11-29,6.36
2011-11-30,6.35
2011-12-01,6.34
2011-12-02,6.33
2011-12-05,6.33
2011-12-06,6.33
2011-12-07,6.33
2011-12-08,6.33
2011-12-09,6.34
2011-12-12,6.33
2011-12-13,6.34
2011-12-14,6.34
2011-12-15,6.34
2011-12-16,6.34
2011-12-19,6.33
2011-12-20,6.34
2011-12-21,6.32
2011-12-22,6.33
2011-12-23,6.32
2011-12-26,6.32
2011-12-27,6.32
2011-12-28,6.31
2011-12-29,6.32
2011-12-30,6.3
2012-01-04,6.3
2012-01-05,6.31
2012-01-06,6.32
2012-01-09,6.32
2012-01-10,6.32
2012-01-11,6.32
2012-01-12,6.32
2012-01-13,6.32
2012-01-16,6.33
2012-01-17,6.33
2012-01-18,6.32
2012-01-19,6.32
2012-01-20,6.31
2012-01-30,6.31
2012-01-31,6.31
2012-02-01,6.31
2012-02-02,6.31
2012-02-03,6.31
2012-02-06,6.31
2012-02-07,6.31
2012-02-08,6.3
2012-02-09,6.3
2012-02-10,6.29
2012-02-13,6.29
2012-02-14,6.29
2012-02-15,6.3
2012-02-16,6.3
2012-02-17,6.3
2012-02-20,6.29
2012-02-21,6.3
2012-02-22,6.3
2012-02-23,6.3
2012-02-24,6.3
2012-02-27,6.3
2012-02-28,6.3
2012-02-29,6.29
2012-03-01,6.3
2012-03-02,6.3
2012-03-05,6.31
2012-03-06,6.31
2012-03-07,6.32
2012-03-08,6.32
2012-03-09,6.31
2012-03-12,6.33
2012-03-13,6.33
2012-03-14,6.33
2012-03-15,6.34
2012-03-16,6.32
2012-03-19,6.31
2012-03-20,6.3
2012-03-21,6.31
2012-03-22,6.3
2012-03-23,6.29
2012-03-26,6.29
2012-03-27,6.28
2012-03-28,6.29
2012-03-29,6.29
2012-03-30,6.29
2012-04-05,6.3
2012-04-06,6.31
2012-04-09,6.3
2012-04-10,6.3
2012-04-11,6.3
2012-04-12,6.3
2012-04-13,6.29
2012-04-16,6.3
2012-04-17,6.29
2012-04-18,6.29
2012-04-19,6.3
2012-04-20,6.3
2012-04-23,6.3
2012-04-24,6.3
2012-04-25,6.29
2012-04-26,6.28
2012-04-27,6.28
2012-05-02,6.27
2012-05-03,6.27
2012-05-04,6.27
2012-05-07,6.29
2012-05-08,6.28
2012-05-09,6.29
2012-05-10,6.29
2012-05-11,6.3
2012-05-14,6.3
2012-05-15,6.31
2012-05-16,6.32
2012-05-17,6.32
2012-05-18,6.32
2012-05-21,6.31
2012-05-22,6.31
2012-05-23,6.32
2012-05-24,6.32
2012-05-25,6.33
2012-05-28,6.32
2012-05-29,6.33
2012-05-30,6.33
2012-05-31,6.34
2012-06-01,6.33
2012-06-04,6.33
2012-06-05,6.32
2012-06-06,6.33
2012-06-07,6.32
2012-06-08,6.32
2012-06-11,6.32
2012-06-12,6.33
2012-06-13,6.33
2012-06-14,6.32
2012-06-15,6.31
2012-06-18,6.3
2012-06-19,6.3
2012-06-20,6.3
2012-06-21,6.3
2012-06-25,6.32
2012-06-26,6.32
2012-06-27,6.32
2012-06-28,6.32
2012-06-29,6.32
2012-07-02,6.31
2012-07-03,6.32
2012-07-04,6.31
2012-07-05,6.32
2012-07-06,6.32
2012-07-09,6.33
2012-07-10,6.32
2012-07-11,6.32
2012-07-12,6.32
2012-07-13,6.32
2012-07-16,6.32
2012-07-17,6.32
2012-07-18,6.31
2012-07-19,6.31
2012-07-20,6.31
2012-07-23,6.33
2012-07-24,6.33
2012-07-25,6.34
2012-07-26,6.34
2012-07-27,6.33
2012-07-30,6.33
2012-07-31,6.33
2012-08-01,6.33
2012-08-02,6.34
2012-08-03,6.34
2012-08-06,6.34
2012-08-07,6.33
2012-08-08,6.34
2012-08-09,6.34
2012-08-10,6.34
2012-08-13,6.35
2012-08-14,6.34
2012-08-15,6.35
2012-08-16,6.35
2012-08-17,6.34
2012-08-20,6.35
2012-08-21,6.34
2012-08-22,6.33
2012-08-23,6.33
2012-08-24,6.33
2012-08-27,6.34
2012-08-28,6.34
2012-08-29,6.34
2012-08-30,6.34
2012-08-31,6.34
2012-09-03,6.34
2012-09-04,6.34
2012-09-05,6.35
2012-09-06,6.34
2012-09-07,6.34
2012-09-10,6.34
2012-09-11,6.34
2012-09-12,6.34
2012-09-13,6.33
2012-09-14,6.33
2012-09-17,6.33
2012-09-18,6.34
2012-09-19,6.34
2012-09-20,6.34
2012-09-21,6.34
2012-09-24,6.34
2012-09-25,6.34
2012-09-26,6.34
2012-09-27,6.35
2012-09-28,6.34
2012-10-08,6.34
2012-10-09,6.34
2012-10-10,6.34
2012-10-11,6.34
2012-10-12,6.33
2012-10-15,6.31
2012-10-16,6.31
2012-10-17,6.3
2012-10-18,6.3
2012-10-19,6.31
2012-10-22,6.31
2012-10-23,6.31
2012-10-24,6.31
2012-10-25,6.3
2012-10-26,6.3
2012-10-29,6.3
2012-10-30,6.3
2012-10-31,6.3
2012-11-01,6.3
2012-11-02,6.3
2012-11-05,6.31
2012-11-06,6.31
2012-11-07,6.31
2012-11-08,6.31
2012-11-09,6.3
2012-11-12,6.29
2012-11-13,6.29
2012-11-14,6.29
2012-11-15,6.29
2012-11-16,6.29
2012-11-19,6.3
2012-11-20,6.29
2012-11-21,6.29
2012-11-22,6.29
2012-11-23,6.29
2012-11-26,6.29
2012-11-27,6.29
2012-11-28,6.29
2012-11-29,6.29
2012-11-30,6.29
2012-12-03,6.29
2012-12-04,6.29
2012-12-05,6.29
2012-12-06,6.29
2012-12-07,6.29
2012-12-10,6.29
2012-12-11,6.29
2012-12-12,6.29
2012-12-13,6.29
2012-12-14,6.29
2012-12-17,6.29
2012-12-18,6.29
2012-12-19,6.29
2012-12-20,6.29
2012-12-21,6.29
2012-12-24,6.29
2012-12-25,6.29
2012-12-26,6.29
2012-12-27,6.29
2012-12-28,6.29
2012-12-31,6.29
2013-01-04,6.29
2013-01-07,6.29
2013-01-08,6.28
2013-01-09,6.28
2013-01-10,6.28
2013-01-11,6.27
2013-01-14,6.27
2013-01-15,6.27
2013-01-16,6.27
2013-01-17,6.28
2013-01-18,6.28
2013-01-21,6.28
2013-01-22,6.28
2013-01-23,6.28
2013-01-24,6.28
2013-01-25,6.28
2013-01-28,6.28
2013-01-29,6.29
2013-01-30,6.28
2013-01-31,6.28
2013-02-01,6.28
2013-02-04,6.29
2013-02-05,6.29
2013-02-06,6.29
2013-02-07,6.29
2013-02-08,6.28
2013-02-18,6.28
2013-02-19,6.28
2013-02-20,6.28
2013-02-21,6.28
2013-02-22,6.29
2013-02-25,6.29
2013-02-26,6.29
2013-02-27,6.28
2013-02-28,6.28
2013-03-01,6.28
2013-03-04,6.28
2013-03-05,6.28
2013-03-06,6.27
2013-03-07,6.28
2013-03-08,6.27
2013-03-11,6.28
2013-03-12,6.27
2013-03-13,6.27
2013-03-14,6.28
2013-03-15,6.27
2013-03-18,6.27
2013-03-19,6.28
2013-03-20,6.27
2013-03-21,6.27
2013-03-22,6.27
2013-03-25,6.27
2013-03-26,6.27
2013-03-27,6.27
2013-03-28,6.27
2013-03-29,6.27
2013-04-01,6.27
2013-04-02,6.26
2013-04-03,6.26
2013-04-08,6.27
2013-04-09,6.26
2013-04-10,6.25
2013-04-11,6.26
2013-04-12,6.25
2013-04-15,6.25
2013-04-16,6.24
2013-04-17,6.23
2013-04-18,6.24
2013-04-19,6.24
2013-04-22,6.24
2013-04-23,6.24
2013-04-24,6.24
2013-04-25,6.23
2013-04-26,6.22
2013-05-02,6.21
2013-05-03,6.22
2013-05-06,6.21
2013-05-07,6.21
2013-05-08,6.2
2013-05-09,6.19
2013-05-10,6.2
2013-05-13,6.21
2013-05-14,6.2
2013-05-15,6.21
2013-05-16,6.21
2013-05-17,6.2
2013-05-20,6.2
2013-05-21,6.19
2013-05-22,6.19
2013-05-23,6.19
2013-05-24,6.19
2013-05-27,6.18
2013-05-28,6.18
2013-05-29,6.19
2013-05-30,6.18
2013-05-31,6.18
2013-06-03,6.18
2013-06-04,6.17
2013-06-05,6.18
2013-06-06,6.17
2013-06-07,6.16
2013-06-13,6.16
2013-06-14,6.16
2013-06-17,6.16
2013-06-18,6.17
2013-06-19,6.17
2013-06-20,6.17
2013-06-21,6.18
2013-06-24,6.18
2013-06-25,6.18
2013-06-26,6.18
2013-06-27,6.18
2013-06-28,6.18
2013-07-01,6.18
2013-07-02,6.18
2013-07-03,6.18
2013-07-04,6.18
2013-07-05,6.18
2013-07-08,6.18
2013-07-09,6.17
2013-07-10,6.17
2013-07-11,6.16
2013-07-12,6.16
2013-07-15,6.17
2013-07-16,6.17
2013-07-17,6.17
2013-07-18,6.17
2013-07-19,6.18
2013-07-22,6.17
2013-07-23,6.17
2013-07-24,6.17
2013-07-25,6.18
2013-07-26,6.17
2013-07-29,6.17
2013-07-30,6.18
2013-07-31,6.18
2013-08-01,6.18
2013-08-02,6.18
2013-08-05,6.18
2013-08-06,6.18
2013-08-07,6.17
2013-08-08,6.17
2013-08-09,6.17
2013-08-12,6.17
2013-08-13,6.17
2013-08-14,6.17
2013-08-15,6.17
2013-08-16,6.17
2013-08-19,6.17
2013-08-20,6.17
2013-08-21,6.17
2013-08-22,6.17
2013-08-23,6.17
2013-08-26,6.17
2013-08-27,6.17
2013-08-28,6.17
2013-08-29,6.17
2013-08-30,6.17
2013-09-02,6.17
2013-09-03,6.17
2013-09-04,6.17
2013-09-05,6.17
2013-09-06,6.17
2013-09-09,6.16
2013-09-10,6.16
2013-09-11,6.16
2013-09-12,6.16
2013-09-13,6.16
2013-09-16,6.16
2013-09-17,6.16
2013-09-18,6.16
2013-09-23,6.15
2013-09-24,6.15
2013-09-25,6.15
2013-09-26,6.15
2013-09-27,6.15
2013-09-30,6.15
2013-10-08,6.14
2013-10-09,6.14
2013-10-10,6.15
2013-10-11,6.15
2013-10-14,6.14
2013-10-15,6.14
2013-10-16,6.14
2013-10-17,6.14
2013-10-18,6.14
2013-10-21,6.14
2013-10-22,6.14
2013-10-23,6.13
2013-10-24,6.13
2013-10-25,6.13
2013-10-28,6.13
2013-10-29,6.14
2013-10-30,6.14
2013-10-31,6.14
2013-11-01,6.15
2013-11-04,6.15
2013-11-05,6.14
2013-11-06,6.15
2013-11-07,6.15
2013-11-08,6.14
2013-11-11,6.14
2013-11-12,6.14
2013-11-13,6.13
2013-11-14,6.13
2013-11-15,6.14
2013-11-18,6.13
2013-11-19,6.13
2013-11-20,6.13
2013-11-21,6.14
2013-11-22,6.14
2013-11-25,6.13
2013-11-26,6.14
2013-11-27,6.13
2013-11-28,6.13
2013-11-29,6.13
2013-12-02,6.13
2013-12-03,6.14
2013-12-04,6.13
2013-12-05,6.13
2013-12-06,6.12
2013-12-09,6.11
2013-12-10,6.11
2013-12-11,6.11
2013-12-12,6.11
2013-12-13,6.11
2013-12-16,6.11
2013-12-17,6.11
2013-12-18,6.11
2013-12-19,6.12
2013-12-20,6.12
2013-12-23,6.12
2013-12-24,6.11
2013-12-25,6.12
2013-12-26,6.12
2013-12-27,6.11
2013-12-30,6.1
2013-12-31,6.1
2014-01-02,6.1
2014-01-03,6.1
2014-01-06,6.11
2014-01-07,6.1
2014-01-08,6.11
2014-01-09,6.11
2014-01-10,6.1
2014-01-13,6.1
2014-01-14,6.09
2014-01-15,6.1
2014-01-16,6.11
2014-01-17,6.1
2014-01-20,6.11
2014-01-21,6.11
2014-01-22,6.11
2014-01-23,6.11
2014-01-24,6.1
2014-01-27,6.1
2014-01-28,6.11
2014-01-29,6.11
2014-01-30,6.11
2014-02-07,6.11
2014-02-10,6.11
2014-02-11,6.11
2014-02-12,6.11
2014-02-13,6.11
2014-02-14,6.11
2014-02-17,6.11
2014-02-18,6.11
2014-02-19,6.11
2014-02-20,6.11
2014-02-21,6.12
2014-02-24,6.12
2014-02-25,6.12
2014-02-26,6.12
2014-02-27,6.12
2014-02-28,6.12
2014-03-03,6.12
2014-03-04,6.12
2014-03-05,6.13
2014-03-06,6.12
2014-03-07,6.12
2014-03-10,6.13
2014-03-11,6.13
2014-03-12,6.13
2014-03-13,6.13
2014-03-14,6.13
2014-03-17,6.13
2014-03-18,6.13
2014-03-19,6.14
2014-03-20,6.15
2014-03-21,6.15
2014-03-24,6.15
2014-03-25,6.14
2014-03-26,6.14
2014-03-27,6.15
2014-03-28,6.15
2014-03-31,6.15
2014-04-01,6.15
2014-04-02,6.15
2014-04-03,6.15
2014-04-04,6.16
2014-04-08,6.15
2014-04-09,6.15
2014-04-10,6.15
2014-04-11,6.15
2014-04-14,6.15
2014-04-15,6.16
2014-04-16,6.16
2014-04-17,6.16
2014-04-18,6.16
2014-04-21,6.16
2014-04-22,6.16
2014-04-23,6.16
2014-04-24,6.16
2014-04-25,6.16
2014-04-28,6.16
2014-04-29,6.16
2014-04-30,6.16
2014-05-05,6.16
2014-05-06,6.16
2014-05-07,6.15
2014-05-08,6.16
2014-05-09,6.16
2014-05-12,6.16
2014-05-13,6.16
2014-05-14,6.17
2014-05-15,6.16
2014-05-16,6.16
2014-05-19,6.16
2014-05-20,6.16
2014-05-21,6.16
2014-05-22,6.17
2014-05-23,6.17
2014-05-26,6.17
2014-05-27,6.17
2014-05-28,6.17
2014-05-29,6.17
2014-05-30,6.17
2014-06-03,6.17
2014-06-04,6.17
2014-06-05,6.17
2014-06-06,6.16
2014-06-09,6.15
2014-06-10,6.15
2014-06-11,6.15
2014-06-12,6.15
2014-06-13,6.15
2014-06-16,6.15
2014-06-17,6.15
2014-06-18,6.16
2014-06-19,6.15
2014-06-20,6.15
2014-06-23,6.16
2014-06-24,6.15
2014-06-25,6.16
2014-06-26,6.15
2014-06-27,6.15
2014-06-30,6.15
2014-07-01,6.15
2014-07-02,6.15
2014-07-03,6.16
2014-07-04,6.16
2014-07-07,6.17
2014-07-08,6.16
2014-07-09,6.16
2014-07-10,6.14
2014-07-11,6.15
2014-07-14,6.15
2014-07-15,6.15
2014-07-16,6.15
2014-07-17,6.16
2014-07-18,6.16
2014-07-21,6.15
2014-07-22,6.15
2014-07-23,6.16
2014-07-24,6.16
2014-07-25,6.16
2014-07-28,6.16
2014-07-29,6.16
2014-07-30,6.16
2014-07-31,6.17
2014-08-01,6.17
2014-08-04,6.17
2014-08-05,6.17
2014-08-06,6.17
2014-08-07,6.17
2014-08-08,6.16
2014-08-11,6.15
2014-08-12,6.15
2014-08-13,6.15
2014-08-14,6.15
2014-08-15,6.15
2014-08-18,6.15
2014-08-19,6.15
2014-08-20,6.16
2014-08-21,6.16
2014-08-22,6.16
2014-08-25,6.17
2014-08-26,6.17
2014-08-27,6.17
2014-08-28,6.16
2014-08-29,6.16
2014-09-01,6.17
2014-09-02,6.17
2014-09-03,6.17
2014-09-04,6.17
2014-09-05,6.17
2014-09-09,6.15
2014-09-10,6.14
2014-09-11,6.15
2014-09-12,6.15
2014-09-15,6.15
2014-09-16,6.15
2014-09-17,6.15
2014-09-18,6.15
2014-09-19,6.15
2014-09-22,6.15
2014-09-23,6.15
2014-09-24,6.15
2014-09-25,6.15
2014-09-26,6.15
2014-09-29,6.15
2014-09-30,6.15
2014-10-08,6.15
2014-10-09,6.15
2014-10-10,6.15
2014-10-13,6.14
2014-10-14,6.14
2014-10-15,6.15
2014-10-16,6.14
2014-10-17,6.14
2014-10-20,6.14
2014-10-21,6.14
2014-10-22,6.14
2014-10-23,6.15
2014-10-24,6.15
2014-10-27,6.14
2014-10-28,6.14
2014-10-29,6.14
2014-10-30,6.15
2014-10-31,6.15
2014-11-03,6.15
2014-11-04,6.15
2014-11-05,6.15
2014-11-06,6.16
2014-11-07,6.16
2014-11-10,6.14
2014-11-11,6.14
2014-11-12,6.14
2014-11-13,6.14
2014-11-14,6.14
2014-11-17,6.14
2014-11-18,6.14
2014-11-19,6.14
2014-11-20,6.14
2014-11-21,6.14
2014-11-24,6.14
2014-11-25,6.14
2014-11-26,6.14
2014-11-27,6.13
2014-11-28,6.13
2014-12-01,6.14
2014-12-02,6.13
2014-12-03,6.14
2014-12-04,6.14
2014-12-05,6.14
2014-12-08,6.13
2014-12-09,6.12
2014-12-10,6.12
2014-12-11,6.12
2014-12-12,6.12
2014-12-15,6.12
2014-12-16,6.12
2014-12-17,6.11
2014-12-18,6.12
2014-12-19,6.12
2014-12-22,6.12
2014-12-23,6.12
2014-12-24,6.12
2014-12-25,6.12
2014-12-26,6.12
2014-12-29,6.12
2014-12-30,6.12
2014-12-31,6.12
2015-01-05,6.12
2015-01-06,6.13
2015-01-07,6.13
2015-01-08,6.13
2015-01-09,6.13
2015-01-12,6.12
2015-01-13,6.12
2015-01-14,6.12
2015-01-15,6.12
2015-01-16,6.12
2015-01-19,6.12
2015-01-20,6.12
2015-01-21,6.13
2015-01-22,6.12
2015-01-23,6.13
2015-01-26,6.14
2015-01-27,6.14
2015-01-28,6.13
2015-01-29,6.13
2015-01-30,6.14
2015-02-02,6.14
2015-02-03,6.14
2015-02-04,6.13
2015-02-05,6.14
2015-02-06,6.13
2015-02-09,6.13
2015-02-10,6.13
2015-02-11,6.13
2015-02-12,6.13
2015-02-13,6.13
2015-02-16,6.13
2015-02-17,6.13
2015-02-25,6.14
2015-02-26,6.14
2015-02-27,6.15
2015-03-02,6.15
2015-03-03,6.15
2015-03-04,6.15
2015-03-05,6.15
2015-03-06,6.15
2015-03-09,6.16
2015-03-10,6.16
2015-03-11,6.16
2015-03-12,6.16
2015-03-13,6.16
2015-03-16,6.16
2015-03-17,6.16
2015-03-18,6.16
2015-03-19,6.15
2015-03-20,6.15
2015-03-23,6.14
2015-03-24,6.14
2015-03-25,6.14
2015-03-26,6.14
2015-03-27,6.14
2015-03-30,6.14
2015-03-31,6.14
2015-04-01,6.14
2015-04-02,6.14
2015-04-03,6.13
2015-04-07,6.13
2015-04-08,6.13
2015-04-09,6.13
2015-04-10,6.14
2015-04-13,6.14
2015-04-14,6.14
2015-04-15,6.13
2015-04-16,6.13
2015-04-17,6.13
2015-04-20,6.13
2015-04-21,6.13
2015-04-22,6.13
2015-04-23,6.13
2015-04-24,6.12
2015-04-27,6.12
2015-04-28,6.12
2015-04-29,6.12
2015-04-30,6.11
2015-05-04,6.12
2015-05-05,6.12
2015-05-06,6.12
2015-05-07,6.11
2015-05-08,6.11
2015-05-11,6.11
2015-05-12,6.12
2015-05-13,6.11
2015-05-14,6.11
2015-05-15,6.11
2015-05-18,6.11
2015-05-19,6.11
2015-05-20,6.11
2015-05-21,6.11
2015-05-22,6.11
2015-05-25,6.12
2015-05-26,6.12
2015-05-27,6.12
2015-05-28,6.12
2015-05-29,6.12
2015-06-01,6.12
2015-06-02,6.12
2015-06-03,6.12
2015-06-04,6.12
2015-06-05,6.12
2015-06-08,6.12
2015-06-09,6.12
2015-06-10,6.12
2015-06-11,6.12
2015-06-12,6.12
2015-06-15,6.12
2015-06-16,6.12
2015-06-17,6.12
2015-06-18,6.11
2015-06-19,6.11
2015-06-23,6.11
2015-06-24,6.11
2015-06-25,6.11
2015-06-26,6.11
2015-06-29,6.12
2015-06-30,6.11
2015-07-01,6.11
2015-07-02,6.12
2015-07-03,6.12
2015-07-06,6.12
2015-07-07,6.12
2015-07-08,6.12
2015-07-09,6.12
2015-07-10,6.12
2015-07-13,6.11
2015-07-14,6.12
2015-07-15,6.12
2015-07-16,6.12
2015-07-17,6.12
2015-07-20,6.12
2015-07-21,6.12
2015-07-22,6.12
2015-07-23,6.12
2015-07-24,6.12
2015-07-27,6.12
2015-07-28,6.12
2015-07-29,6.12
2015-07-30,6.12
2015-07-31,6.12
2015-08-03,6.12
2015-08-04,6.12
2015-08-05,6.12
2015-08-06,6.12
2015-08-07,6.12
2015-08-10,6.12
2015-08-11,6.23
2015-08-12,6.33
2015-08-13,6.4
2015-08-14,6.4
2015-08-17,6.4
2015-08-18,6.4
2015-08-19,6.4
2015-08-20,6.39
2015-08-21,6.39
2015-08-24,6.39
2015-08-25,6.4
2015-08-26,6.4
2015-08-27,6.41
2015-08-28,6.4
2015-08-31,6.39
2015-09-01,6.38
2015-09-02,6.36
2015-09-07,6.36
2015-09-08,6.36
2015-09-09,6.36
2015-09-10,6.38
2015-09-11,6.37
2015-09-14,6.37
2015-09-15,6.37
2015-09-16,6.37
2015-09-17,6.37
2015-09-18,6.36
2015-09-21,6.37
2015-09-22,6.37
2015-09-23,6.38
2015-09-24,6.38
2015-09-25,6.38
2015-09-28,6.37
2015-09-29,6.37
2015-09-30,6.36
2015-10-08,6.35
2015-10-09,6.35
2015-10-12,6.34
2015-10-13,6.32
2015-10-14,6.34
2015-10-15,6.34
2015-10-16,6.34
2015-10-19,6.35
2015-10-20,6.36
2015-10-21,6.35
2015-10-22,6.35
2015-10-23,6.36
2015-10-26,6.35
2015-10-27,6.35
2015-10-28,6.35
2015-10-29,6.36
2015-10-30,6.35
2015-11-02,6.32
2015-11-03,6.33
2015-11-04,6.33
2015-11-05,6.34
2015-11-06,6.35
2015-11-09,6.36
2015-11-10,6.36
2015-11-11,6.36
2015-11-12,6.36
2015-11-13,6.37
2015-11-16,6.38
2015-11-17,6.37
2015-11-18,6.38
2015-11-19,6.38
2015-11-20,6.38
2015-11-23,6.39
2015-11-24,6.39
2015-11-25,6.39
2015-11-26,6.39
2015-11-27,6.39
2015-11-30,6.4
2015-12-01,6.4
2015-12-02,6.4
2015-12-03,6.4
2015-12-04,6.39
2015-12-07,6.4
2015-12-08,6.41
2015-12-09,6.41
2015-12-10,6.42
2015-12-11,6.44
2015-12-14,6.45
2015-12-15,6.46
2015-12-16,6.46
2015-12-17,6.48
2015-12-18,6.48
2015-12-21,6.48
2015-12-22,6.47
2015-12-23,6.47
2015-12-24,6.48
2015-12-25,6.47
2015-12-28,6.48
2015-12-29,6.49
2015-12-30,6.49
2015-12-31,6.49
2016-01-04,6.5
2016-01-05,6.52
2016-01-06,6.53
2016-01-07,6.56
2016-01-08,6.56
2016-01-11,6.56
2016-01-12,6.56
2016-01-13,6.56
2016-01-14,6.56
2016-01-15,6.56
2016-01-18,6.56
2016-01-19,6.56
2016-01-20,6.56
2016-01-21,6.56
2016-01-22,6.56
2016-01-25,6.56
2016-01-26,6.55
2016-01-27,6.55
2016-01-28,6.55
2016-01-29,6.55
2016-02-01,6.55
2016-02-02,6.55
2016-02-03,6.55
2016-02-04,6.54
2016-02-05,6.53
2016-02-15,6.51
2016-02-16,6.51
2016-02-17,6.52
2016-02-18,6.52
2016-02-19,6.52
2016-02-22,6.52
2016-02-23,6.53
2016-02-24,6.53
2016-02-25,6.53
2016-02-26,6.53
2016-02-29,6.55
2016-03-01,6.54
2016-03-02,6.55
2016-03-03,6.54
2016-03-04,6.53
2016-03-07,6.51
2016-03-08,6.5
2016-03-09,6.51
2016-03-10,6.51
2016-03-11,6.49
2016-03-14,6.49
2016-03-15,6.51
2016-03-16,6.52
2016-03-17,6.5
2016-03-18,6.46
2016-03-21,6.48
2016-03-22,6.5
2016-03-23,6.49
2016-03-24,6.52
2016-03-25,6.52
2016-03-28,6.52
2016-03-29,6.51
2016-03-30,6.48
2016-03-31,6.46
2016-04-01,6.46
2016-04-05,6.47
2016-04-06,6.48
2016-04-07,6.47
2016-04-08,6.47
2016-04-11,6.46
2016-04-12,6.46
2016-04-13,6.46
2016-04-14,6.49
2016-04-15,6.49
2016-04-18,6.48
2016-04-19,6.47
2016-04-20,6.46
2016-04-21,6.48
2016-04-22,6.49
2016-04-25,6.51
2016-04-26,6.49
2016-04-27,6.48
2016-04-28,6.5
2016-04-29,6.46
2016-05-03,6.46
2016-05-04,6.49
2016-05-05,6.51
2016-05-06,6.52
2016-05-09,6.51
2016-05-10,6.52
2016-05-11,6.52
2016-05-12,6.5
2016-05-13,6.52
2016-05-16,6.53
2016-05-17,6.52
2016-05-18,6.52
2016-05-19,6.55
2016-05-20,6.55
2016-05-23,6.55
2016-05-24,6.55
2016-05-25,6.57
2016-05-26,6.56
2016-05-27,6.55
2016-05-30,6.58
2016-05-31,6.58
2016-06-01,6.59
2016-06-02,6.57
2016-06-03,6.58
2016-06-06,6.55
2016-06-07,6.56
2016-06-08,6.56
2016-06-13,6.58
2016-06-14,6.58
2016-06-15,6.6
2016-06-16,6.57
2016-06-17,6.58
2016-06-20,6.57
2016-06-21,6.57
2016-06-22,6.59
2016-06-23,6.57
2016-06-24,6.58
2016-06-27,6.64
2016-06-28,6.65
2016-06-29,6.63
2016-06-30,6.63
2016-07-01,6.65
2016-07-04,6.65
2016-07-05,6.66
2016-07-06,6.69
2016-07-07,6.68
2016-07-08,6.69
2016-07-11,6.68
2016-07-12,6.7
2016-07-13,6.69
2016-07-14,6.68
2016-07-15,6.68
2016-07-18,6.7
2016-07-19,6.7
2016-07-20,6.69
2016-07-21,6.69
2016-07-22,6.67
2016-07-25,6.69
2016-07-26,6.68
2016-07-27,6.67
2016-07-28,6.66
2016-07-29,6.65
2016-08-01,6.63
2016-08-02,6.65
2016-08-03,6.62
2016-08-04,6.64
2016-08-05,6.64
2016-08-08,6.66
2016-08-09,6.66
2016-08-10,6.65
2016-08-11,6.63
2016-08-12,6.65
2016-08-15,6.64
2016-08-16,6.63
2016-08-17,6.61
2016-08-18,6.63
2016-08-19,6.62
2016-08-22,6.67
2016-08-23,6.66
2016-08-24,6.64
2016-08-25,6.66
2016-08-26,6.65
2016-08-29,6.69
2016-08-30,6.68
2016-08-31,6.69
2016-09-01,6.68
2016-09-02,6.67
2016-09-05,6.69
2016-09-06,6.67
2016-09-07,6.66
2016-09-08,6.66
2016-09-09,6.67
2016-09-12,6.69
2016-09-13,6.67
2016-09-14,6.69
2016-09-19,6.68
2016-09-20,6.66
2016-09-21,6.67
2016-09-22,6.65
2016-09-23,6.67
2016-09-26,6.67
2016-09-27,6.66
2016-09-28,6.67
2016-09-29,6.67
2016-09-30,6.68
2016-10-10,6.7
2016-10-11,6.71
2016-10-12,6.73
2016-10-13,6.73
2016-10-14,6.72
2016-10-17,6.74
2016-10-18,6.73
2016-10-19,6.73
2016-10-20,6.73
2016-10-21,6.76
2016-10-24,6.77
2016-10-25,6.77
2016-10-26,6.77
2016-10-27,6.77
2016-10-28,6.79
2016-10-31,6.76
2016-11-01,6.77
2016-11-02,6.76
2016-11-03,6.75
2016-11-04,6.75
2016-11-07,6.77
2016-11-08,6.78
2016-11-09,6.78
2016-11-10,6.79
2016-11-11,6.81
2016-11-14,6.83
2016-11-15,6.85
2016-11-16,6.86
2016-11-17,6.87
2016-11-18,6.88
2016-11-21,6.9
2016-11-22,6.88
2016-11-23,6.89
2016-11-24,6.91
2016-11-25,6.92
2016-11-28,6.9
2016-11-29,6.89
2016-11-30,6.89
2016-12-01,6.9
2016-12-02,6.88
2016-12-05,6.89
2016-12-06,6.86
2016-12-07,6.88
2016-12-08,6.87
2016-12-09,6.9
2016-12-12,6.91
2016-12-13,6.89
2016-12-14,6.9
2016-12-15,6.93
2016-12-16,6.95
2016-12-19,6.93
2016-12-20,6.95
2016-12-21,6.95
2016-12-22,6.94
2016-12-23,6.95
2016-12-26,6.95
2016-12-27,6.95
2016-12-28,6.95
2016-12-29,6.95
2016-12-30,6.94
2017-01-03,6.95
2017-01-04,6.95
2017-01-05,6.93
2017-01-06,6.87
2017-01-09,6.93
2017-01-10,6.92
2017-01-11,6.92
2017-01-12,6.91
2017-01-13,6.89
2017-01-16,6.89
2017-01-17,6.9
2017-01-18,6.85
2017-01-19,6.86
2017-01-20,6.87
2017-01-23,6.86
2017-01-24,6.83
2017-01-25,6.86
2017-01-26,6.86
2017-02-03,6.86
2017-02-06,6.86
2017-02-07,6.86
2017-02-08,6.88
2017-02-09,6.87
2017-02-10,6.88
2017-02-13,6.89
2017-02-14,6.88
2017-02-15,6.86
2017-02-16,6.86
2017-02-17,6.85
2017-02-20,6.87
2017-02-21,6.88
2017-02-22,6.88
2017-02-23,6.87
2017-02-24,6.87
2017-02-27,6.88
2017-02-28,6.88
2017-03-01,6.88
2017-03-02,6.88
2017-03-03,6.89
2017-03-06,6.88
2017-03-07,6.9
2017-03-08,6.9
2017-03-09,6.91
2017-03-10,6.91
2017-03-13,6.9
2017-03-14,6.91
2017-03-15,6.91
2017-03-16,6.89
2017-03-17,6.89
2017-03-20,6.9
2017-03-21,6.91
2017-03-22,6.89
2017-03-23,6.89
2017-03-24,6.88
2017-03-27,6.87
2017-03-28,6.88
2017-03-29,6.89
2017-03-30,6.89
2017-03-31,6.9
2017-04-05,6.89
2017-04-06,6.89
2017-04-07,6.89
2017-04-10,6.9
2017-04-11,6.9
2017-04-12,6.89
2017-04-13,6.87
2017-04-14,6.87
2017-04-17,6.88
2017-04-18,6.88
2017-04-19,6.87
2017-04-20,6.88
2017-04-21,6.88
2017-04-24,6.87
2017-04-25,6.88
2017-04-26,6.88
2017-04-27,6.89
2017-04-28,6.89
2017-05-02,6.9
2017-05-03,6.89
2017-05-04,6.9
2017-05-05,6.89
2017-05-08,6.89
2017-05-09,6.9
2017-05-10,6.91
2017-05-11,6.91
2017-05-12,6.89
2017-05-15,6.89
2017-05-16,6.88
2017-05-17,6.86
2017-05-18,6.86
2017-05-19,6.88
2017-05-22,6.87
2017-05-23,6.87
2017-05-24,6.88
2017-05-25,6.87
2017-05-26,6.87
2017-05-31,6.86
2017-06-01,6.81
2017-06-02,6.81
2017-06-05,6.79
2017-06-06,6.79
2017-06-07,6.79
2017-06-08,6.79
2017-06-09,6.8
2017-06-12,6.79
2017-06-13,6.8
2017-06-14,6.79
2017-06-15,6.79
2017-06-16,6.8
2017-06-19,6.8
2017-06-20,6.81
2017-06-21,6.82
2017-06-22,6.82
2017-06-23,6.82
2017-06-26,6.82
2017-06-27,6.83
2017-06-28,6.81
2017-06-29,6.79
2017-06-30,6.77
2017-07-03,6.78
2017-07-04,6.79
2017-07-05,6.79
2017-07-06,6.8
2017-07-07,6.79
2017-07-10,6.8
2017-07-11,6.8
2017-07-12,6.79
2017-07-13,6.78
2017-07-14,6.78
2017-07-17,6.76
2017-07-18,6.76
2017-07-19,6.75
2017-07-20,6.75
2017-07-21,6.74
2017-07-24,6.74
2017-07-25,6.75
2017-07-26,6.75
2017-07-27,6.73
2017-07-28,6.74
2017-07-31,6.73
2017-08-01,6.71
2017-08-02,6.72
2017-08-03,6.72
2017-08-04,6.71
2017-08-07,6.72
2017-08-08,6.72
2017-08-09,6.71
2017-08-10,6.68
2017-08-11,6.66
2017-08-14,6.66
2017-08-15,6.67
2017-08-16,6.68
2017-08-17,6.67
2017-08-18,6.67
2017-08-21,6.67
2017-08-22,6.66
2017-08-23,6.66
2017-08-24,6.65
2017-08-25,6.66
2017-08-28,6.64
2017-08-29,6.63
2017-08-30,6.61
2017-08-31,6.6
2017-09-01,6.59
2017-09-04,6.57
2017-09-05,6.54
2017-09-06,6.53
2017-09-07,6.53
2017-09-08,6.5
2017-09-11,6.5
2017-09-12,6.53
2017-09-13,6.54
2017-09-14,6.55
2017-09-15,6.54
2017-09-18,6.54
2017-09-19,6.55
2017-09-20,6.57
2017-09-21,6.59
2017-09-22,6.59
2017-09-25,6.59
2017-09-26,6.61
2017-09-27,6.62
2017-09-28,6.63
2017-09-29,6.64
2017-10-09,6.65
2017-10-10,6.63
2017-10-11,6.58
2017-10-12,6.58
2017-10-13,6.59
2017-10-16,6.58
2017-10-17,6.59
2017-10-18,6.6
2017-10-19,6.61
2017-10-20,6.61
2017-10-23,6.62
2017-10-24,6.63
2017-10-25,6.63
