date,ib1y
2006-10-08,2.9543
2006-10-09,2.9549
2006-10-10,2.9531
2006-10-11,2.9559
2006-10-12,2.955
2006-10-13,2.9543
2006-10-16,2.9546
2006-10-17,2.955
2006-10-18,2.956
2006-10-19,2.9556
2006-10-20,2.9553
2006-10-23,2.9552
2006-10-24,2.9552
2006-10-25,2.9552
2006-10-26,2.9552
2006-10-27,2.9556
2006-10-30,2.9554
2006-10-31,2.9554
2006-11-01,2.9554
2006-11-02,2.9554
2006-11-03,2.9554
2006-11-06,2.9566
2006-11-07,2.9577
2006-11-08,2.9597
2006-11-09,2.9622
2006-11-10,2.9652
2006-11-13,2.9702
2006-11-14,2.9772
2006-11-15,2.9809
2006-11-16,2.9831
2006-11-17,2.9848
2006-11-20,2.986
2006-11-21,2.9912
2006-11-22,2.9939
2006-11-23,2.9955
2006-11-24,2.9968
2006-11-27,2.9976
2006-11-28,2.9984
2006-11-29,2.9992
2006-11-30,2.9996
2006-12-01,2.9998
2006-12-04,3.0001
2006-12-05,3.0006
2006-12-06,3.0008
2006-12-07,3.0008
2006-12-08,3.001
2006-12-11,3.0012
2006-12-12,3.0013
2006-12-13,3.0013
2006-12-14,3.0014
2006-12-15,3.0015
2006-12-18,3.0016
2006-12-19,3.0017
2006-12-20,3.0017
2006-12-21,3.0018
2006-12-22,3.0019
2006-12-25,3.0019
2006-12-26,3.002
2006-12-27,3.002
2006-12-28,3.002
2006-12-29,3.002
2006-12-30,3.0021
2006-12-31,3.0021
2007-01-04,3.0022
2007-01-05,3.0023
2007-01-08,3.0023
2007-01-09,3.0024
2007-01-10,3.0025
2007-01-11,3.0024
2007-01-12,3.0024
2007-01-15,3.0024
2007-01-16,3.0024
2007-01-17,3.0024
2007-01-18,3.0024
2007-01-19,3.0024
2007-01-22,3.0024
2007-01-23,3.0024
2007-01-24,3.0024
2007-01-25,3.0025
2007-01-26,3.0025
2007-01-29,3.0025
2007-01-30,3.0025
2007-01-31,3.0025
2007-02-01,3.0025
2007-02-02,3.0025
2007-02-05,3.0025
2007-02-06,3.0025
2007-02-07,3.0025
2007-02-08,3.0025
2007-02-09,3.0025
2007-02-12,3.0026
2007-02-13,3.0026
2007-02-14,3.0027
2007-02-15,3.0027
2007-02-16,3.0027
2007-02-17,3.0027
2007-02-25,3.0028
2007-02-26,3.0028
2007-02-27,3.0028
2007-02-28,3.0028
2007-03-01,3.0028
2007-03-02,3.0028
2007-03-05,3.0028
2007-03-06,3.0028
2007-03-07,3.0028
2007-03-08,3.0028
2007-03-09,3.0028
2007-03-12,3.0028
2007-03-13,3.0151
2007-03-14,3.0302
2007-03-15,3.0455
2007-03-16,3.0533
2007-03-19,3.079
2007-03-20,3.0967
2007-03-21,3.1096
2007-03-22,3.1202
2007-03-23,3.1304
2007-03-26,3.1386
2007-03-27,3.1504
2007-03-28,3.1589
2007-03-29,3.1665
2007-03-30,3.1783
2007-04-02,3.1841
2007-04-03,3.188
2007-04-04,3.19
2007-04-05,3.1907
2007-04-06,3.1943
2007-04-09,3.1973
2007-04-10,3.2003
2007-04-11,3.2032
2007-04-12,3.2051
2007-04-13,3.2054
2007-04-16,3.2071
2007-04-17,3.2091
2007-04-18,3.2097
2007-04-19,3.2128
2007-04-20,3.2163
2007-04-23,3.219
2007-04-24,3.2213
2007-04-25,3.2232
2007-04-26,3.2225
2007-04-27,3.2216
2007-04-28,3.218
2007-04-29,3.2157
2007-04-30,3.2147
2007-05-08,3.2142
2007-05-09,3.2137
2007-05-10,3.2152
2007-05-11,3.2172
2007-05-14,3.2186
2007-05-15,3.2193
2007-05-16,3.223
2007-05-17,3.222
2007-05-18,3.2215
2007-05-21,3.2614
2007-05-22,3.3003
2007-05-23,3.3322
2007-05-24,3.3608
2007-05-25,3.3722
2007-05-28,3.3848
2007-05-29,3.3914
2007-05-30,3.3954
2007-05-31,3.3985
2007-06-01,3.3993
2007-06-04,3.3999
2007-06-05,3.4028
2007-06-06,3.4043
2007-06-07,3.4073
2007-06-08,3.4088
2007-06-11,3.4098
2007-06-12,3.4112
2007-06-13,3.4139
2007-06-14,3.4167
2007-06-15,3.4202
2007-06-18,3.4202
2007-06-19,3.4203
2007-06-20,3.4214
2007-06-21,3.4246
2007-06-22,3.4286
2007-06-25,3.4307
2007-06-26,3.434
2007-06-27,3.4359
2007-06-28,3.4404
2007-06-29,3.4447
2007-07-02,3.4477
2007-07-03,3.4516
2007-07-04,3.4555
2007-07-05,3.4595
2007-07-06,3.4627
2007-07-09,3.4662
2007-07-10,3.4691
2007-07-11,3.4725
2007-07-12,3.4757
2007-07-13,3.477
2007-07-16,3.4811
2007-07-17,3.483
2007-07-18,3.4852
2007-07-19,3.486
2007-07-20,3.4866
2007-07-23,3.5429
2007-07-24,3.5659
2007-07-25,3.5786
2007-07-26,3.5861
2007-07-27,3.588
2007-07-30,3.5907
2007-07-31,3.5931
2007-08-01,3.597
2007-08-02,3.5992
2007-08-03,3.6011
2007-08-06,3.6013
2007-08-07,3.6009
2007-08-08,3.6038
2007-08-09,3.6026
2007-08-10,3.6016
2007-08-13,3.6023
2007-08-14,3.6032
2007-08-15,3.6045
2007-08-16,3.6052
2007-08-17,3.6057
2007-08-20,3.6069
2007-08-21,3.6061
2007-08-22,3.6741
2007-08-23,3.6955
2007-08-24,3.7078
2007-08-27,3.7188
2007-08-28,3.7278
2007-08-29,3.7371
2007-08-30,3.747
2007-08-31,3.7536
2007-09-03,3.7574
2007-09-04,3.7603
2007-09-05,3.7657
2007-09-06,3.7704
2007-09-07,3.7808
2007-09-10,3.7883
2007-09-11,3.7919
2007-09-12,3.7969
2007-09-13,3.8019
2007-09-14,3.813
2007-09-17,3.889
2007-09-18,3.9285
2007-09-19,3.9549
2007-09-20,3.975
2007-09-21,3.9909
2007-09-24,4.0109
2007-09-25,4.0255
2007-09-26,4.036
2007-09-27,4.0465
2007-09-28,4.0519
2007-09-29,4.0552
2007-09-30,4.0554
2007-10-08,4.0581
2007-10-09,4.0693
2007-10-10,4.0974
2007-10-11,4.1042
2007-10-12,4.1175
2007-10-15,4.1284
2007-10-16,4.1348
2007-10-17,4.1421
2007-10-18,4.1486
2007-10-19,4.1545
2007-10-22,4.1614
2007-10-23,4.1718
2007-10-24,4.1729
2007-10-25,4.1798
2007-10-26,4.1833
2007-10-29,4.1857
2007-10-30,4.1956
2007-10-31,4.2048
2007-11-01,4.2187
2007-11-02,4.2271
2007-11-05,4.2294
2007-11-06,4.2362
2007-11-07,4.2602
2007-11-08,4.2763
2007-11-09,4.3023
2007-11-12,4.313
2007-11-13,4.3231
2007-11-14,4.3359
2007-11-15,4.3507
2007-11-16,4.3642
2007-11-19,4.3703
2007-11-20,4.3838
2007-11-21,4.3975
2007-11-22,4.4068
2007-11-23,4.4178
2007-11-26,4.4214
2007-11-27,4.4247
2007-11-28,4.4332
2007-11-29,4.4421
2007-11-30,4.4505
2007-12-03,4.4522
2007-12-04,4.4654
2007-12-05,4.4636
2007-12-06,4.4654
2007-12-07,4.4697
2007-12-10,4.4733
2007-12-11,4.4772
2007-12-12,4.4804
2007-12-13,4.4851
2007-12-14,4.4884
2007-12-17,4.4927
2007-12-18,4.4965
2007-12-19,4.5019
2007-12-20,4.5087
2007-12-21,4.5321
2007-12-24,4.5501
2007-12-25,4.5582
2007-12-26,4.5629
2007-12-27,4.5697
2007-12-28,4.5751
2007-12-29,4.5825
2008-01-02,4.5853
2008-01-03,4.5884
2008-01-04,4.5905
2008-01-07,4.593
2008-01-08,4.5989
2008-01-09,4.6057
2008-01-10,4.611
2008-01-11,4.6166
2008-01-14,4.6208
2008-01-15,4.6252
2008-01-16,4.6287
2008-01-17,4.6322
2008-01-18,4.635
2008-01-21,4.637
2008-01-22,4.6414
2008-01-23,4.6461
2008-01-24,4.6491
2008-01-25,4.6508
2008-01-28,4.6517
2008-01-29,4.6546
2008-01-30,4.6569
2008-01-31,4.66
2008-02-01,4.6615
2008-02-02,4.6621
2008-02-03,4.6629
2008-02-04,4.6646
2008-02-05,4.6639
2008-02-13,4.6656
2008-02-14,4.6664
2008-02-15,4.6684
2008-02-18,4.6684
2008-02-19,4.6705
2008-02-20,4.6781
2008-02-21,4.6802
2008-02-22,4.6841
2008-02-25,4.6874
2008-02-26,4.6896
2008-02-27,4.6914
2008-02-28,4.6937
2008-02-29,4.6953
2008-03-03,4.696
2008-03-04,4.6966
2008-03-05,4.6977
2008-03-06,4.6989
2008-03-07,4.6998
2008-03-10,4.7014
2008-03-11,4.7035
2008-03-12,4.7054
2008-03-13,4.7066
2008-03-14,4.7079
2008-03-17,4.7086
2008-03-18,4.7087
2008-03-19,4.7086
2008-03-20,4.7057
2008-03-21,4.7065
2008-03-24,4.7051
2008-03-25,4.7041
2008-03-26,4.7006
2008-03-27,4.6998
2008-03-28,4.7002
2008-03-31,4.7014
2008-04-01,4.7034
2008-04-02,4.7038
2008-04-03,4.7032
2008-04-07,4.7033
2008-04-08,4.704
2008-04-09,4.7046
2008-04-10,4.7051
2008-04-11,4.7042
2008-04-14,4.7022
2008-04-15,4.7031
2008-04-16,4.7034
2008-04-17,4.7029
2008-04-18,4.7033
2008-04-21,4.7028
2008-04-22,4.7025
2008-04-23,4.7024
2008-04-24,4.7025
2008-04-25,4.7025
2008-04-28,4.7028
2008-04-29,4.703
2008-04-30,4.7027
2008-05-04,4.7018
2008-05-05,4.7023
2008-05-06,4.7024
2008-05-07,4.7042
2008-05-08,4.7041
2008-05-09,4.7047
2008-05-12,4.7055
2008-05-13,4.7056
2008-05-14,4.7063
2008-05-15,4.7062
2008-05-16,4.7048
2008-05-19,4.7062
2008-05-20,4.7068
2008-05-21,4.708
2008-05-22,4.7098
2008-05-23,4.7111
2008-05-26,4.7097
2008-05-27,4.7112
2008-05-28,4.7114
2008-05-29,4.7103
2008-05-30,4.7097
2008-06-02,4.71
2008-06-03,4.7086
2008-06-04,4.7095
2008-06-05,4.7086
2008-06-06,4.7095
2008-06-10,4.7102
2008-06-11,4.7132
2008-06-12,4.7145
2008-06-13,4.7161
2008-06-16,4.716
2008-06-17,4.7146
2008-06-18,4.714
2008-06-19,4.7133
2008-06-20,4.7122
2008-06-23,4.7123
2008-06-24,4.7114
2008-06-25,4.711
2008-06-26,4.711
2008-06-27,4.7115
2008-06-30,4.7124
2008-07-01,4.7126
2008-07-02,4.7136
2008-07-03,4.713
2008-07-04,4.7126
2008-07-07,4.7135
2008-07-08,4.7133
2008-07-09,4.7117
2008-07-10,4.7106
2008-07-11,4.7097
2008-07-14,4.7092
2008-07-15,4.7085
2008-07-16,4.7077
2008-07-17,4.7069
2008-07-18,4.7071
2008-07-21,4.7067
2008-07-22,4.7062
2008-07-23,4.7058
2008-07-24,4.7058
2008-07-25,4.7056
2008-07-28,4.7061
2008-07-29,4.7065
2008-07-30,4.7063
2008-07-31,4.707
2008-08-01,4.7073
2008-08-04,4.7077
2008-08-05,4.7077
2008-08-06,4.7074
2008-08-07,4.7072
2008-08-08,4.7066
2008-08-11,4.7065
2008-08-12,4.7064
2008-08-13,4.7065
2008-08-14,4.7059
2008-08-15,4.7056
2008-08-18,4.7051
2008-08-19,4.7054
2008-08-20,4.705
2008-08-21,4.7052
2008-08-22,4.7058
2008-08-25,4.7049
2008-08-26,4.7045
2008-08-27,4.7037
2008-08-28,4.7036
2008-08-29,4.7036
2008-09-01,4.704
2008-09-02,4.7041
2008-09-03,4.7048
2008-09-04,4.7038
2008-09-05,4.7035
2008-09-08,4.7043
2008-09-09,4.7031
2008-09-10,4.703
2008-09-11,4.7026
2008-09-12,4.7025
2008-09-16,4.6928
2008-09-17,4.6847
2008-09-18,4.6852
2008-09-19,4.6801
2008-09-22,4.6792
2008-09-23,4.6772
2008-09-24,4.6757
2008-09-25,4.6748
2008-09-26,4.6742
2008-09-27,4.6726
2008-09-28,4.672
2008-10-06,4.6719
2008-10-07,4.6686
2008-10-08,4.6653
2008-10-09,4.623
2008-10-10,4.6045
2008-10-13,4.5941
2008-10-14,4.5874
2008-10-15,4.5796
2008-10-16,4.5722
2008-10-17,4.5661
2008-10-20,4.5596
2008-10-21,4.5557
2008-10-22,4.552
2008-10-23,4.5491
2008-10-24,4.5458
2008-10-27,4.5387
2008-10-28,4.5318
2008-10-29,4.5252
2008-10-30,4.4759
2008-10-31,4.4482
2008-11-03,4.4389
2008-11-04,4.4262
2008-11-05,4.4118
2008-11-06,4.4045
2008-11-07,4.395
2008-11-10,4.3848
2008-11-11,4.3754
2008-11-12,4.3645
2008-11-13,4.3497
2008-11-14,4.3346
2008-11-17,4.3143
2008-11-18,4.2894
2008-11-19,4.2611
2008-11-20,4.225
2008-11-21,4.1794
2008-11-24,4.147
2008-11-25,4.1178
2008-11-26,4.0874
2008-11-27,3.3213
2008-11-28,3.257
2008-12-01,3.1986
2008-12-02,3.1575
2008-12-03,3.1294
2008-12-04,3.1001
2008-12-05,3.0623
2008-12-08,3.028
2008-12-09,3.0002
2008-12-10,2.978
2008-12-11,2.9497
2008-12-12,2.9091
2008-12-15,2.8858
2008-12-16,2.8526
2008-12-17,2.8189
2008-12-18,2.7901
2008-12-19,2.7623
2008-12-22,2.741
2008-12-23,2.6424
2008-12-24,2.5614
2008-12-25,2.5016
2008-12-26,2.4582
2008-12-29,2.4202
2008-12-30,2.3885
2008-12-31,2.3597
2009-01-04,2.3341
2009-01-05,2.3003
2009-01-06,2.2768
2009-01-07,2.2512
2009-01-08,2.2293
2009-01-09,2.2003
2009-01-12,2.1855
2009-01-13,2.1647
2009-01-14,2.1539
2009-01-15,2.1339
2009-01-16,2.1147
2009-01-19,2.0902
2009-01-20,2.0699
2009-01-21,2.0543
2009-01-22,2.0367
2009-01-23,2.0252
2009-01-24,2.019
2009-02-01,2.0057
2009-02-02,1.9967
2009-02-03,1.9875
2009-02-04,1.9807
2009-02-05,1.977
2009-02-06,1.9695
2009-02-09,1.9603
2009-02-10,1.9541
2009-02-11,1.9498
2009-02-12,1.9472
2009-02-13,1.9454
2009-02-16,1.9437
2009-02-17,1.9432
2009-02-18,1.9407
2009-02-19,1.9399
2009-02-20,1.938
2009-02-23,1.9369
2009-02-24,1.935
2009-02-25,1.9316
2009-02-26,1.9301
2009-02-27,1.9275
2009-03-02,1.9248
2009-03-03,1.923
2009-03-04,1.9223
2009-03-05,1.9195
2009-03-06,1.9182
2009-03-09,1.9141
2009-03-10,1.9119
2009-03-11,1.9111
2009-03-12,1.9101
2009-03-13,1.9088
2009-03-16,1.9037
2009-03-17,1.9005
2009-03-18,1.8979
2009-03-19,1.8951
2009-03-20,1.8935
2009-03-23,1.8897
2009-03-24,1.8866
2009-03-25,1.8835
2009-03-26,1.8809
2009-03-27,1.8796
2009-03-30,1.8779
2009-03-31,1.8754
2009-04-01,1.8739
2009-04-02,1.8734
2009-04-03,1.8719
2009-04-07,1.8689
2009-04-08,1.8664
2009-04-09,1.8633
2009-04-10,1.8604
2009-04-13,1.8588
2009-04-14,1.8572
2009-04-15,1.855
2009-04-16,1.8543
2009-04-17,1.8538
2009-04-20,1.8542
2009-04-21,1.8554
2009-04-22,1.8556
2009-04-23,1.8511
2009-04-24,1.8519
2009-04-27,1.852
2009-04-28,1.8521
2009-04-29,1.8529
2009-04-30,1.8524
2009-05-04,1.8513
2009-05-05,1.8517
2009-05-06,1.8528
2009-05-07,1.8533
2009-05-08,1.8537
2009-05-11,1.8536
2009-05-12,1.8541
2009-05-13,1.853
2009-05-14,1.8525
2009-05-15,1.8513
2009-05-18,1.8516
2009-05-19,1.851
2009-05-20,1.8509
2009-05-21,1.8509
2009-05-22,1.8504
2009-05-25,1.8522
2009-05-26,1.8531
2009-05-27,1.8529
2009-05-31,1.8527
2009-06-01,1.8519
2009-06-02,1.8519
2009-06-03,1.8528
2009-06-04,1.8532
2009-06-05,1.8526
2009-06-08,1.8535
2009-06-09,1.853
2009-06-10,1.8535
2009-06-11,1.8534
2009-06-12,1.8533
2009-06-15,1.8533
2009-06-16,1.8534
2009-06-17,1.8534
2009-06-18,1.8544
2009-06-19,1.8602
2009-06-22,1.8639
2009-06-23,1.8655
2009-06-24,1.8663
2009-06-25,1.8666
2009-06-26,1.8672
2009-06-29,1.8678
2009-06-30,1.8688
2009-07-01,1.8698
2009-07-02,1.8709
2009-07-03,1.8712
2009-07-06,1.8727
2009-07-07,1.8762
2009-07-08,1.878
2009-07-09,1.8948
2009-07-10,1.9096
2009-07-13,1.9233
2009-07-14,1.9331
2009-07-15,1.9434
2009-07-16,1.9548
2009-07-17,1.9735
2009-07-20,1.9909
2009-07-21,2.0187
2009-07-22,2.034
2009-07-23,2.0453
2009-07-24,2.0526
2009-07-27,2.0619
2009-07-28,2.0708
2009-07-29,2.0807
2009-07-30,2.092
2009-07-31,2.1009
2009-08-03,2.1128
2009-08-04,2.1216
2009-08-05,2.1276
2009-08-06,2.1334
2009-08-07,2.1408
2009-08-10,2.1479
2009-08-11,2.1534
2009-08-12,2.1575
2009-08-13,2.1607
2009-08-14,2.1662
2009-08-17,2.1718
2009-08-18,2.1749
2009-08-19,2.1769
2009-08-20,2.1788
2009-08-21,2.1799
2009-08-24,2.1799
2009-08-25,2.179
2009-08-26,2.1789
2009-08-27,2.1785
2009-08-28,2.1783
2009-08-31,2.1798
2009-09-01,2.1806
2009-09-02,2.1813
2009-09-03,2.1822
2009-09-04,2.1817
2009-09-07,2.1817
2009-09-08,2.1822
2009-09-09,2.1826
2009-09-10,2.1826
2009-09-11,2.1834
2009-09-14,2.1837
2009-09-15,2.1855
2009-09-16,2.1878
2009-09-17,2.1906
2009-09-18,2.1917
2009-09-21,2.194
2009-09-22,2.1951
2009-09-23,2.1963
2009-09-24,2.1971
2009-09-25,2.1978
2009-09-27,2.1979
2009-09-28,2.1979
2009-09-29,2.1982
2009-09-30,2.2
2009-10-09,2.2022
2009-10-10,2.2039
2009-10-12,2.2078
2009-10-13,2.2086
2009-10-14,2.2089
2009-10-15,2.2112
2009-10-16,2.2139
2009-10-19,2.2152
2009-10-20,2.2175
2009-10-21,2.2191
2009-10-22,2.2204
2009-10-23,2.2207
2009-10-26,2.2209
2009-10-27,2.2213
2009-10-28,2.2216
2009-10-29,2.2219
2009-10-30,2.2221
2009-11-02,2.2226
2009-11-03,2.2231
2009-11-04,2.2233
2009-11-05,2.2245
2009-11-06,2.2245
2009-11-09,2.2251
2009-11-10,2.2269
2009-11-11,2.2275
2009-11-12,2.2277
2009-11-13,2.2277
2009-11-16,2.2302
2009-11-17,2.232
2009-11-18,2.2337
2009-11-19,2.2361
2009-11-20,2.2367
2009-11-23,2.2369
2009-11-24,2.2374
2009-11-25,2.2376
2009-11-26,2.2377
2009-11-27,2.2369
2009-11-30,2.2383
2009-12-01,2.2388
2009-12-02,2.2392
2009-12-03,2.2397
2009-12-04,2.24
2009-12-07,2.24
2009-12-08,2.2409
2009-12-09,2.2417
2009-12-10,2.2429
2009-12-11,2.2442
2009-12-14,2.2451
2009-12-15,2.2465
2009-12-16,2.248
2009-12-17,2.2487
2009-12-18,2.2491
2009-12-21,2.2492
2009-12-22,2.2492
2009-12-23,2.2497
2009-12-24,2.25
2009-12-25,2.2501
2009-12-28,2.2501
2009-12-29,2.2502
2009-12-30,2.2502
2009-12-31,2.2502
2010-01-04,2.2502
2010-01-05,2.2501
2010-01-06,2.2501
2010-01-07,2.2551
2010-01-08,2.2594
2010-01-11,2.2629
2010-01-12,2.2682
2010-01-13,2.2802
2010-01-14,2.2869
2010-01-15,2.2916
2010-01-18,2.296
2010-01-19,2.3027
2010-01-20,2.312
2010-01-21,2.3176
2010-01-22,2.3213
2010-01-25,2.3238
2010-01-26,2.3261
2010-01-27,2.3286
2010-01-28,2.3311
2010-01-29,2.3326
2010-02-01,2.3332
2010-02-02,2.3339
2010-02-03,2.3336
2010-02-04,2.334
2010-02-05,2.3348
2010-02-08,2.3359
2010-02-09,2.337
2010-02-10,2.3378
2010-02-11,2.3445
2010-02-12,2.3473
2010-02-20,2.351
2010-02-21,2.3492
2010-02-22,2.3497
2010-02-23,2.3489
2010-02-24,2.3496
2010-02-25,2.35
2010-02-26,2.3501
2010-03-01,2.351
2010-03-02,2.3518
2010-03-03,2.3522
2010-03-04,2.3525
2010-03-05,2.3524
2010-03-08,2.3521
2010-03-09,2.352
2010-03-10,2.352
2010-03-11,2.3521
2010-03-12,2.3524
2010-03-15,2.352
2010-03-16,2.3521
2010-03-17,2.3521
2010-03-18,2.3526
2010-03-19,2.3525
2010-03-22,2.353
2010-03-23,2.3535
2010-03-24,2.353
2010-03-25,2.3528
2010-03-26,2.3525
2010-03-29,2.3533
2010-03-30,2.3526
2010-03-31,2.3525
2010-04-01,2.3525
2010-04-02,2.3523
2010-04-06,2.3522
2010-04-07,2.3556
2010-04-08,2.3583
2010-04-09,2.3595
2010-04-12,2.3607
2010-04-13,2.361
2010-04-14,2.3619
2010-04-15,2.3624
2010-04-16,2.3632
2010-04-19,2.3633
2010-04-20,2.3619
2010-04-21,2.3615
2010-04-22,2.3636
2010-04-23,2.365
2010-04-26,2.3656
2010-04-27,2.3655
2010-04-28,2.3655
2010-04-29,2.3664
2010-04-30,2.3665
2010-05-04,2.3668
2010-05-05,2.3678
2010-05-06,2.3682
2010-05-07,2.3677
2010-05-10,2.3684
2010-05-11,2.3702
2010-05-12,2.368
2010-05-13,2.3685
2010-05-14,2.3695
2010-05-17,2.3698
2010-05-18,2.3677
2010-05-19,2.3695
2010-05-20,2.3698
2010-05-21,2.3679
2010-05-24,2.3749
2010-05-25,2.381
2010-05-26,2.3958
2010-05-27,2.4012
2010-05-28,2.414
2010-05-31,2.4238
2010-06-01,2.4498
2010-06-02,2.4571
2010-06-03,2.4669
2010-06-04,2.4741
2010-06-07,2.4767
2010-06-08,2.4823
2010-06-09,2.4874
2010-06-10,2.493
2010-06-11,2.4997
2010-06-12,2.5023
2010-06-13,2.5188
2010-06-17,2.5201
2010-06-18,2.5261
2010-06-21,2.5326
2010-06-22,2.5436
2010-06-23,2.5497
2010-06-24,2.5574
2010-06-25,2.5676
2010-06-28,2.5997
2010-06-29,2.6123
2010-06-30,2.6183
2010-07-01,2.6138
2010-07-02,2.6082
2010-07-05,2.6059
2010-07-06,2.6081
2010-07-07,2.6033
2010-07-08,2.6011
2010-07-09,2.6136
2010-07-12,2.6183
2010-07-13,2.6192
2010-07-14,2.6187
2010-07-15,2.6161
2010-07-16,2.6158
2010-07-19,2.614
2010-07-20,2.6138
2010-07-21,2.6145
2010-07-22,2.6138
2010-07-23,2.6154
2010-07-26,2.6149
2010-07-27,2.6147
2010-07-28,2.6138
2010-07-29,2.6126
2010-07-30,2.6129
2010-08-02,2.613
2010-08-03,2.6123
2010-08-04,2.6121
2010-08-05,2.6122
2010-08-06,2.613
2010-08-09,2.614
2010-08-10,2.6139
2010-08-11,2.6158
2010-08-12,2.6166
2010-08-13,2.6173
2010-08-16,2.6192
2010-08-17,2.6204
2010-08-18,2.6205
2010-08-19,2.6227
2010-08-20,2.6235
2010-08-23,2.6241
2010-08-24,2.6243
2010-08-25,2.6238
2010-08-26,2.6276
2010-08-27,2.6336
2010-08-30,2.6417
2010-08-31,2.6455
2010-09-01,2.6456
2010-09-02,2.6443
2010-09-03,2.6424
2010-09-06,2.6441
2010-09-07,2.6449
2010-09-08,2.6451
2010-09-09,2.6451
2010-09-10,2.6463
2010-09-13,2.6495
2010-09-14,2.652
2010-09-15,2.6536
2010-09-16,2.6555
2010-09-17,2.658
2010-09-19,2.6592
2010-09-20,2.6597
2010-09-21,2.6611
2010-09-25,2.6652
2010-09-26,2.67
2010-09-27,2.6711
2010-09-28,2.6736
2010-09-29,2.6755
2010-09-30,2.6793
2010-10-08,2.6781
2010-10-09,2.6776
2010-10-11,2.6785
2010-10-12,2.6811
2010-10-13,2.6831
2010-10-14,2.6843
2010-10-15,2.6847
2010-10-18,2.6847
2010-10-19,2.6855
2010-10-20,2.7946
2010-10-21,2.8392
2010-10-22,2.8644
2010-10-25,2.8839
2010-10-26,2.8939
2010-10-27,2.9066
2010-10-28,2.9142
2010-10-29,2.9212
2010-11-01,2.9257
2010-11-02,2.931
2010-11-03,2.9339
2010-11-04,2.9347
2010-11-05,2.9348
2010-11-08,2.9389
2010-11-09,2.943
2010-11-10,2.9458
2010-11-11,2.9568
2010-11-12,2.9663
2010-11-15,2.9725
2010-11-16,2.9758
2010-11-17,2.9762
2010-11-18,2.9765
2010-11-19,2.9798
2010-11-22,2.9916
2010-11-23,3.0103
2010-11-24,3.0241
2010-11-25,3.0367
2010-11-26,3.0618
2010-11-29,3.0786
2010-11-30,3.0967
2010-12-01,3.1103
2010-12-02,3.1237
2010-12-03,3.1381
2010-12-06,3.1449
2010-12-07,3.151
2010-12-08,3.1568
2010-12-09,3.1646
2010-12-10,3.1743
2010-12-13,3.1815
2010-12-14,3.1905
2010-12-15,3.2062
2010-12-16,3.215
2010-12-17,3.223
2010-12-20,3.2574
2010-12-21,3.2955
2010-12-22,3.3239
2010-12-23,3.3617
2010-12-24,3.395
2010-12-27,3.5246
2010-12-28,3.5767
2010-12-29,3.595
2010-12-30,3.6169
2010-12-31,3.6312
2011-01-04,3.6383
2011-01-05,3.6461
2011-01-06,3.6521
2011-01-07,3.662
2011-01-10,3.6774
2011-01-11,3.6895
2011-01-12,3.6929
2011-01-13,3.6992
2011-01-14,3.7076
2011-01-17,3.7155
2011-01-18,3.7196
2011-01-19,3.7344
2011-01-20,3.7539
2011-01-21,3.7855
2011-01-24,3.816
2011-01-25,3.8568
2011-01-26,3.9187
2011-01-27,3.96
2011-01-28,4.0101
2011-01-30,4.0561
2011-01-31,4.0808
2011-02-01,4.0894
2011-02-09,4.2211
2011-02-10,4.2827
2011-02-11,4.3067
2011-02-12,4.3238
2011-02-14,4.3464
2011-02-15,4.3686
2011-02-16,4.393
2011-02-17,4.4259
2011-02-18,4.4529
2011-02-21,4.4897
2011-02-22,4.5232
2011-02-23,4.5499
2011-02-24,4.5795
2011-02-25,4.5953
2011-02-28,4.608
2011-03-01,4.6208
2011-03-02,4.6284
2011-03-03,4.6238
2011-03-04,4.6301
2011-03-07,4.6344
2011-03-08,4.6355
2011-03-09,4.6353
2011-03-10,4.6366
2011-03-11,4.6382
2011-03-14,4.6378
2011-03-15,4.6459
2011-03-16,4.6525
2011-03-17,4.6558
2011-03-18,4.6566
2011-03-21,4.6647
2011-03-22,4.6663
2011-03-23,4.6673
2011-03-24,4.6621
2011-03-25,4.6583
2011-03-28,4.6601
2011-03-29,4.6603
2011-03-30,4.6604
2011-03-31,4.6618
2011-04-01,4.6623
2011-04-02,4.6624
2011-04-06,4.7347
2011-04-07,4.7615
2011-04-08,4.7809
2011-04-11,4.7829
2011-04-12,4.7871
2011-04-13,4.7899
2011-04-14,4.7912
2011-04-15,4.7922
2011-04-18,4.8016
2011-04-19,4.8089
2011-04-20,4.8116
2011-04-21,4.8177
2011-04-22,4.8317
2011-04-25,4.845
2011-04-26,4.8564
2011-04-27,4.8614
2011-04-28,4.8667
2011-04-29,4.8706
2011-05-03,4.8642
2011-05-04,4.8636
2011-05-05,4.8572
2011-05-06,4.8562
2011-05-09,4.8594
2011-05-10,4.8511
2011-05-11,4.8519
2011-05-12,4.8521
2011-05-13,4.8573
2011-05-16,4.8562
2011-05-17,4.8546
2011-05-18,4.8566
2011-05-19,4.858
2011-05-20,4.864
2011-05-23,4.8746
2011-05-24,4.8841
2011-05-25,4.8879
2011-05-26,4.8956
2011-05-27,4.8963
2011-05-30,4.9054
2011-05-31,4.894
2011-06-01,4.8916
2011-06-02,4.8902
2011-06-03,4.8835
2011-06-07,4.8832
2011-06-08,4.8898
2011-06-09,4.9043
2011-06-10,4.9152
2011-06-13,4.9206
2011-06-14,4.9338
2011-06-15,4.9569
2011-06-16,4.9771
2011-06-17,4.9913
2011-06-20,5.0259
2011-06-21,5.0406
2011-06-22,5.0575
2011-06-23,5.0813
2011-06-24,5.1024
2011-06-27,5.1071
2011-06-28,5.122
2011-06-29,5.1309
2011-06-30,5.1367
2011-07-01,5.1405
2011-07-04,5.1485
2011-07-05,5.1496
2011-07-06,5.1466
2011-07-07,5.1923
2011-07-08,5.1978
2011-07-11,5.2027
2011-07-12,5.2016
2011-07-13,5.202
2011-07-14,5.2041
2011-07-15,5.2061
2011-07-18,5.2065
2011-07-19,5.2068
2011-07-20,5.2093
2011-07-21,5.2125
2011-07-22,5.2197
2011-07-25,5.2239
2011-07-26,5.2293
2011-07-27,5.2296
2011-07-28,5.2297
2011-07-29,5.2285
2011-08-01,5.2273
2011-08-02,5.23
2011-08-03,5.2285
2011-08-04,5.2257
2011-08-05,5.226
2011-08-08,5.2237
2011-08-09,5.2249
2011-08-10,5.2269
2011-08-11,5.2256
2011-08-12,5.2252
2011-08-15,5.2226
2011-08-16,5.2181
2011-08-17,5.2214
2011-08-18,5.2247
2011-08-19,5.2255
2011-08-22,5.2262
2011-08-23,5.2271
2011-08-24,5.2288
2011-08-25,5.2279
2011-08-26,5.2268
2011-08-29,5.2343
2011-08-30,5.2373
2011-08-31,5.2407
2011-09-01,5.2439
2011-09-02,5.2485
2011-09-05,5.2494
2011-09-06,5.2508
2011-09-07,5.2544
2011-09-08,5.2555
2011-09-09,5.2552
2011-09-13,5.2543
2011-09-14,5.2543
2011-09-15,5.2553
2011-09-16,5.2558
2011-09-19,5.2552
2011-09-20,5.2551
2011-09-21,5.2529
2011-09-22,5.2543
2011-09-23,5.2537
2011-09-26,5.254
2011-09-27,5.2541
2011-09-28,5.2543
2011-09-29,5.2543
2011-09-30,5.2534
2011-10-08,5.2531
2011-10-09,5.2522
2011-10-10,5.2521
2011-10-11,5.2512
2011-10-12,5.2528
2011-10-13,5.2539
2011-10-14,5.2558
2011-10-17,5.2562
2011-10-18,5.2537
2011-10-19,5.2538
2011-10-20,5.2516
2011-10-21,5.2547
2011-10-24,5.2536
2011-10-25,5.2536
2011-10-26,5.2534
2011-10-27,5.2474
2011-10-28,5.2499
2011-10-31,5.2533
2011-11-01,5.2501
2011-11-02,5.2543
2011-11-03,5.2545
2011-11-04,5.2546
2011-11-07,5.2552
2011-11-08,5.2559
2011-11-09,5.2528
2011-11-10,5.2526
2011-11-11,5.2509
2011-11-14,5.2539
2011-11-15,5.2517
2011-11-16,5.2508
2011-11-17,5.2515
2011-11-18,5.252
2011-11-21,5.2512
2011-11-22,5.2524
2011-11-23,5.25
2011-11-24,5.2498
2011-11-25,5.2485
2011-11-28,5.2482
2011-11-29,5.2518
2011-11-30,5.2517
2011-12-01,5.2444
2011-12-02,5.2395
2011-12-05,5.2368
2011-12-06,5.2375
2011-12-07,5.2356
2011-12-08,5.2374
2011-12-09,5.2371
2011-12-12,5.2375
2011-12-13,5.237
2011-12-14,5.2356
2011-12-15,5.2366
2011-12-16,5.2361
2011-12-19,5.2363
2011-12-20,5.2357
2011-12-21,5.2362
2011-12-22,5.2362
2011-12-23,5.2341
2011-12-26,5.2337
2011-12-27,5.2345
2011-12-28,5.2343
2011-12-29,5.2373
2011-12-30,5.2378
2011-12-31,5.2373
2012-01-04,5.2364
2012-01-05,5.2376
2012-01-06,5.2393
2012-01-09,5.2375
2012-01-10,5.2373
2012-01-11,5.2373
2012-01-12,5.2377
2012-01-13,5.238
2012-01-16,5.2381
2012-01-17,5.2369
2012-01-18,5.2377
2012-01-19,5.2368
2012-01-20,5.2367
2012-01-21,5.2392
2012-01-29,5.2386
2012-01-30,5.2369
2012-01-31,5.2367
2012-02-01,5.2374
2012-02-02,5.2367
2012-02-03,5.2366
2012-02-06,5.237
2012-02-07,5.2367
2012-02-08,5.2344
2012-02-09,5.2323
2012-02-10,5.2316
2012-02-13,5.2317
2012-02-14,5.2317
2012-02-15,5.2317
2012-02-16,5.2325
2012-02-17,5.2331
2012-02-20,5.2289
2012-02-21,5.2295
2012-02-22,5.2294
2012-02-23,5.2293
2012-02-24,5.2286
2012-02-27,5.2274
2012-02-28,5.2244
2012-02-29,5.2229
2012-03-01,5.221
2012-03-02,5.2203
2012-03-05,5.2198
2012-03-06,5.2138
2012-03-07,5.211
2012-03-08,5.2086
2012-03-09,5.2044
2012-03-12,5.2015
2012-03-13,5.2011
2012-03-14,5.2002
2012-03-15,5.2005
2012-03-16,5.1965
2012-03-19,5.1926
2012-03-20,5.1884
2012-03-21,5.1859
2012-03-22,5.1867
2012-03-23,5.1855
2012-03-26,5.1798
2012-03-27,5.1767
2012-03-28,5.1739
2012-03-29,5.1668
2012-03-30,5.1585
2012-03-31,5.1524
2012-04-01,5.1503
2012-04-05,5.1481
2012-04-06,5.1463
2012-04-09,5.145
2012-04-10,5.1437
2012-04-11,5.1416
2012-04-12,5.1397
2012-04-13,5.1378
2012-04-16,5.1367
2012-04-17,5.1351
2012-04-18,5.1336
2012-04-19,5.1326
2012-04-20,5.1311
2012-04-23,5.1278
2012-04-24,5.1244
2012-04-25,5.1216
2012-04-26,5.1191
2012-04-27,5.116
2012-04-28,5.1114
2012-05-02,5.1095
2012-05-03,5.1073
2012-05-04,5.1038
2012-05-07,5.1025
2012-05-08,5.1013
2012-05-09,5.1
2012-05-10,5.0992
2012-05-11,5.0966
2012-05-14,5.0792
2012-05-15,5.0563
2012-05-16,5.0491
2012-05-17,5.0339
2012-05-18,5.0236
2012-05-21,5.0156
2012-05-22,5.01
2012-05-23,5.0013
2012-05-24,4.9898
2012-05-25,4.9765
2012-05-28,4.9669
2012-05-29,4.9546
2012-05-30,4.9458
2012-05-31,4.9317
2012-06-01,4.9262
2012-06-04,4.9241
2012-06-05,4.9183
2012-06-06,4.9141
2012-06-07,4.9115
2012-06-08,4.8669
2012-06-11,4.8501
2012-06-12,4.8402
2012-06-13,4.8296
2012-06-14,4.8186
2012-06-15,4.8055
2012-06-18,4.7953
2012-06-19,4.7851
2012-06-20,4.7788
2012-06-21,4.774
2012-06-25,4.7808
2012-06-26,4.7755
2012-06-27,4.7659
2012-06-28,4.7507
2012-06-29,4.7454
2012-07-02,4.7426
2012-07-03,4.7357
2012-07-04,4.7289
2012-07-05,4.7181
2012-07-06,4.6876
2012-07-09,4.6735
2012-07-10,4.6442
2012-07-11,4.6177
2012-07-12,4.5965
2012-07-13,4.5721
2012-07-16,4.5606
2012-07-17,4.5507
2012-07-18,4.5435
2012-07-19,4.5388
2012-07-20,4.5278
2012-07-23,4.5214
2012-07-24,4.5168
2012-07-25,4.5136
2012-07-26,4.5086
2012-07-27,4.5037
2012-07-30,4.4948
2012-07-31,4.4904
2012-08-01,4.4896
2012-08-02,4.48
2012-08-03,4.4717
2012-08-06,4.4646
2012-08-07,4.4581
2012-08-08,4.4519
2012-08-09,4.4494
2012-08-10,4.4452
2012-08-13,4.4421
2012-08-14,4.4404
2012-08-15,4.4403
2012-08-16,4.4403
2012-08-17,4.4421
2012-08-20,4.4438
2012-08-21,4.444
2012-08-22,4.4419
2012-08-23,4.4412
2012-08-24,4.4399
2012-08-27,4.438
2012-08-28,4.4338
2012-08-29,4.4326
2012-08-30,4.4324
2012-08-31,4.425
2012-09-03,4.4247
2012-09-04,4.4175
2012-09-05,4.4144
2012-09-06,4.409
2012-09-07,4.4077
2012-09-10,4.405
2012-09-11,4.4057
2012-09-12,4.4043
2012-09-13,4.4042
2012-09-14,4.4024
2012-09-17,4.4014
2012-09-18,4.401
2012-09-19,4.401
2012-09-20,4.401
2012-09-21,4.4008
2012-09-24,4.4006
2012-09-25,4.4006
2012-09-26,4.4005
2012-09-27,4.4003
2012-09-28,4.4
2012-09-29,4.4
2012-10-08,4.4004
2012-10-09,4.4002
2012-10-10,4.4002
2012-10-11,4.4002
2012-10-12,4.4001
2012-10-15,4.4001
2012-10-16,4.4001
2012-10-17,4.4001
2012-10-18,4.4001
2012-10-19,4.4001
2012-10-22,4.4001
2012-10-23,4.4001
2012-10-24,4.4001
2012-10-25,4.4
2012-10-26,4.4
2012-10-29,4.4
2012-10-30,4.4
2012-10-31,4.4
2012-11-01,4.4
2012-11-02,4.4
2012-11-05,4.4
2012-11-06,4.4
2012-11-07,4.4
2012-11-08,4.4
2012-11-09,4.4
2012-11-12,4.4
2012-11-13,4.4
2012-11-14,4.4
2012-11-15,4.4
2012-11-16,4.4
2012-11-19,4.4
2012-11-20,4.4
2012-11-21,4.4
2012-11-22,4.4
2012-11-23,4.4
2012-11-26,4.4
2012-11-27,4.4
2012-11-28,4.4
2012-11-29,4.4
2012-11-30,4.4
2012-12-03,4.4
2012-12-04,4.4
2012-12-05,4.4
2012-12-06,4.4
2012-12-07,4.4
2012-12-10,4.4
2012-12-11,4.4
2012-12-12,4.4
2012-12-13,4.4
2012-12-14,4.4001
2012-12-17,4.4002
2012-12-18,4.4002
2012-12-19,4.4002
2012-12-20,4.4003
2012-12-21,4.4003
2012-12-24,4.4004
2012-12-25,4.4005
2012-12-26,4.4005
2012-12-27,4.4003
2012-12-28,4.4002
2012-12-31,4.4002
2013-01-04,4.4004
2013-01-05,4.4004
2013-01-06,4.4004
2013-01-07,4.4004
2013-01-08,4.4004
2013-01-09,4.4002
2013-01-10,4.4004
2013-01-11,4.4002
2013-01-14,4.4003
2013-01-15,4.4002
2013-01-16,4.4003
2013-01-17,4.4003
2013-01-18,4.4001
2013-01-21,4.4
2013-01-22,4.4
2013-01-23,4.4
2013-01-24,4.4
2013-01-25,4.4
2013-01-28,4.4
2013-01-29,4.4
2013-01-30,4.4
2013-01-31,4.4
2013-02-01,4.4
2013-02-04,4.4
2013-02-05,4.4
2013-02-06,4.4
2013-02-07,4.4
2013-02-08,4.4
2013-02-16,4.4
2013-02-17,4.4
2013-02-18,4.4
2013-02-19,4.4
2013-02-20,4.4
2013-02-21,4.4
2013-02-22,4.4
2013-02-25,4.4
2013-02-26,4.4
2013-02-27,4.4
2013-02-28,4.4
2013-03-01,4.4
2013-03-04,4.4
2013-03-05,4.4
2013-03-06,4.4
2013-03-07,4.4
2013-03-08,4.4
2013-03-11,4.4
2013-03-12,4.4
2013-03-13,4.4
2013-03-14,4.4
2013-03-15,4.4
2013-03-18,4.4
2013-03-19,4.4
2013-03-20,4.4
2013-03-21,4.4
2013-03-22,4.4
2013-03-25,4.4
2013-03-26,4.4
2013-03-27,4.4
2013-03-28,4.4
2013-03-29,4.4
2013-04-01,4.4
2013-04-02,4.4
2013-04-03,4.4
2013-04-07,4.4
2013-04-08,4.4
2013-04-09,4.4
2013-04-10,4.4
2013-04-11,4.4
2013-04-12,4.4
2013-04-15,4.4
2013-04-16,4.4
2013-04-17,4.4
2013-04-18,4.4
2013-04-19,4.4
2013-04-22,4.4
2013-04-23,4.4
2013-04-24,4.4
2013-04-25,4.4
2013-04-26,4.4
2013-04-27,4.4
2013-04-28,4.4
2013-05-02,4.4
2013-05-03,4.4
2013-05-06,4.4
2013-05-07,4.4
2013-05-08,4.4
2013-05-09,4.4
2013-05-10,4.4
2013-05-13,4.4
2013-05-14,4.4
2013-05-15,4.4
2013-05-16,4.4
2013-05-17,4.4
2013-05-20,4.4
2013-05-21,4.4
2013-05-22,4.4
2013-05-23,4.4
2013-05-24,4.4
2013-05-27,4.4
2013-05-28,4.4
2013-05-29,4.4
2013-05-30,4.4
2013-05-31,4.4
2013-06-03,4.4
2013-06-04,4.4
2013-06-05,4.4
2013-06-06,4.4
2013-06-07,4.4
2013-06-08,4.4
2013-06-09,4.4
2013-06-13,4.4
2013-06-14,4.4
2013-06-17,4.4
2013-06-18,4.4
2013-06-19,4.4
2013-06-20,4.4005
2013-06-21,4.4156
2013-06-24,4.421
2013-06-25,4.4295
2013-06-26,4.4215
2013-06-27,4.4198
2013-06-28,4.4148
2013-07-01,4.4125
2013-07-02,4.407
2013-07-03,4.4022
2013-07-04,4.4
2013-07-05,4.4
2013-07-08,4.4
2013-07-09,4.4
2013-07-10,4.4
2013-07-11,4.4
2013-07-12,4.4
2013-07-15,4.4
2013-07-16,4.4
2013-07-17,4.4
2013-07-18,4.4
2013-07-19,4.4
2013-07-22,4.4
2013-07-23,4.4
2013-07-24,4.4
2013-07-25,4.4
2013-07-26,4.4
2013-07-29,4.4
2013-07-30,4.4
2013-07-31,4.4
2013-08-01,4.4
2013-08-02,4.4
2013-08-05,4.4
2013-08-06,4.4
2013-08-07,4.4
2013-08-08,4.4
2013-08-09,4.4
2013-08-12,4.4
2013-08-13,4.4
2013-08-14,4.4
2013-08-15,4.4
2013-08-16,4.4
2013-08-19,4.4
2013-08-20,4.4
2013-08-21,4.4
2013-08-22,4.4
2013-08-23,4.4
2013-08-26,4.4
2013-08-27,4.4
2013-08-28,4.4
2013-08-29,4.4
2013-08-30,4.4
2013-09-02,4.4
2013-09-03,4.4
2013-09-04,4.4
2013-09-05,4.4
2013-09-06,4.4
2013-09-09,4.4
2013-09-10,4.4
2013-09-11,4.4
2013-09-12,4.4
2013-09-13,4.4
2013-09-16,4.4
2013-09-17,4.4
2013-09-18,4.4
2013-09-22,4.4
2013-09-23,4.4
2013-09-24,4.4
2013-09-25,4.4
2013-09-26,4.4
2013-09-27,4.4
2013-09-29,4.4
2013-09-30,4.4
2013-10-08,4.4
2013-10-09,4.4
2013-10-10,4.4
2013-10-11,4.4
2013-10-12,4.4
2013-10-14,4.4
2013-10-15,4.4
2013-10-16,4.4
2013-10-17,4.4
2013-10-18,4.4
2013-10-21,4.4
2013-10-22,4.4
2013-10-23,4.4
2013-10-24,4.4
2013-10-25,4.4
2013-10-28,4.4
2013-10-29,4.4
2013-10-30,4.4
2013-10-31,4.4
2013-11-01,4.4
2013-11-04,4.4
2013-11-05,4.4
2013-11-06,4.4
2013-11-07,4.4
2013-11-08,4.4
2013-11-11,4.4
2013-11-12,4.4
2013-11-13,4.4
2013-11-14,4.4
2013-11-15,4.4
2013-11-18,4.4
2013-11-19,4.4
2013-11-20,4.4
2013-11-21,4.4
2013-11-22,4.4
2013-11-25,4.4
2013-11-26,4.4
2013-11-27,4.4
2013-11-28,4.4
2013-11-29,4.4
2013-12-02,4.4
2013-12-03,4.4
2013-12-04,4.4
2013-12-05,4.4
2013-12-06,4.405
2013-12-09,4.4689
2013-12-10,4.5237
2013-12-11,4.5771
2013-12-12,4.6247
2013-12-13,4.6657
2013-12-16,4.7045
2013-12-17,4.7335
2013-12-18,4.7634
2013-12-19,4.8013
2013-12-20,4.8353
2013-12-23,4.8656
2013-12-24,4.8856
2013-12-25,4.9034
2013-12-26,4.9203
2013-12-27,4.9361
2013-12-30,4.9485
2013-12-31,4.9606
2014-01-02,4.9677
2014-01-03,4.9757
2014-01-06,4.9824
2014-01-07,4.9869
2014-01-08,4.9904
2014-01-09,4.9929
2014-01-10,4.9934
2014-01-13,4.9955
2014-01-14,4.9977
2014-01-15,4.9997
2014-01-16,4.9999
2014-01-17,5.0002
2014-01-20,5.0001
2014-01-21,5.0001
2014-01-22,5.0001
2014-01-23,5.0001
2014-01-24,5.0001
2014-01-26,5.0001
2014-01-27,5.0001
2014-01-28,5.0001
2014-01-29,5.0001
2014-01-30,5.0001
2014-02-07,5.0001
2014-02-08,5.0001
2014-02-10,5.0001
2014-02-11,5.0001
2014-02-12,5.0001
2014-02-13,5.0007
2014-02-14,5.0001
2014-02-17,5.0001
2014-02-18,5.0001
2014-02-19,5.0001
2014-02-20,5.0001
2014-02-21,5.0001
2014-02-24,5.0001
2014-02-25,5.0001
2014-02-26,5.0001
2014-02-27,5.0001
2014-02-28,5.0001
2014-03-03,5.0001
2014-03-04,5.0001
2014-03-05,5.0001
2014-03-06,5.0001
2014-03-07,5.0001
2014-03-10,5
2014-03-11,5
2014-03-12,5
2014-03-13,5
2014-03-14,5
2014-03-17,5
2014-03-18,5
2014-03-19,5
2014-03-20,5
2014-03-21,5
2014-03-24,5
2014-03-25,5
2014-03-26,5
2014-03-27,5
2014-03-28,5
2014-03-31,5
2014-04-01,5
2014-04-02,5
2014-04-03,5
2014-04-04,5
2014-04-08,5
2014-04-09,5
2014-04-10,5
2014-04-11,5
2014-04-14,5
2014-04-15,5
2014-04-16,5
2014-04-17,5
2014-04-18,5
2014-04-21,5
2014-04-22,5
2014-04-23,5
2014-04-24,5
2014-04-25,5
2014-04-28,5
2014-04-29,5
2014-04-30,5
2014-05-04,5
2014-05-05,5
2014-05-06,5
2014-05-07,5
2014-05-08,5
2014-05-09,5
2014-05-12,5
2014-05-13,5
2014-05-14,5
2014-05-15,5
2014-05-16,5.01
2014-05-19,5.011
2014-05-20,5.003
2014-05-21,5.0026
2014-05-22,5.0014
2014-05-23,5.0013
2014-05-26,5.0012
2014-05-27,5.0002
2014-05-28,5.0001
2014-05-29,5.0001
2014-05-30,5
2014-06-03,5
2014-06-04,5
2014-06-05,5
2014-06-06,5
2014-06-09,5
2014-06-10,5
2014-06-11,5
2014-06-12,5
2014-06-13,5
2014-06-16,5
2014-06-17,5
2014-06-18,5
2014-06-19,5
2014-06-20,5
2014-06-23,5
2014-06-24,5
2014-06-25,5
2014-06-26,5
2014-06-27,5
2014-06-30,5
2014-07-01,5
2014-07-02,5
2014-07-03,5
2014-07-04,5
2014-07-07,5
2014-07-08,5
2014-07-09,5
2014-07-10,5
2014-07-11,5
2014-07-14,5
2014-07-15,5
2014-07-16,5
2014-07-17,5
2014-07-18,5
2014-07-21,5
2014-07-22,5
2014-07-23,5
2014-07-24,5
2014-07-25,5
2014-07-28,5
2014-07-29,5
2014-07-30,5
2014-07-31,5
2014-08-01,5
2014-08-04,5
2014-08-05,5
2014-08-06,5
2014-08-07,5
2014-08-08,5
2014-08-11,5
2014-08-12,5
2014-08-13,5
2014-08-14,5
2014-08-15,5
2014-08-18,5
2014-08-19,5
2014-08-20,5
2014-08-21,5
2014-08-22,5
2014-08-25,5
2014-08-26,5
2014-08-27,5
2014-08-28,5
2014-08-29,5
2014-09-01,5
2014-09-02,5
2014-09-03,5
2014-09-04,5
2014-09-05,5
2014-09-09,5
2014-09-10,5
2014-09-11,5
2014-09-12,5
2014-09-15,5
2014-09-16,5
2014-09-17,5
2014-09-18,4.999
2014-09-19,4.9975
2014-09-22,4.9965
2014-09-23,4.9925
2014-09-24,4.9915
2014-09-25,4.9915
2014-09-26,4.9905
2014-09-28,4.9915
2014-09-29,4.9905
2014-09-30,4.9905
2014-10-08,4.9893
2014-10-09,4.9878
2014-10-10,4.985
2014-10-11,4.9837
2014-10-13,4.9825
2014-10-14,4.9811
2014-10-15,4.9783
2014-10-16,4.9745
2014-10-17,4.9707
2014-10-20,4.9679
2014-10-21,4.9633
2014-10-22,4.9602
2014-10-23,4.9588
2014-10-24,4.9557
2014-10-27,4.9517
2014-10-28,4.9502
2014-10-29,4.95
2014-10-30,4.9501
2014-10-31,4.95
2014-11-03,4.95
2014-11-04,4.95
2014-11-05,4.95
2014-11-06,4.9498
2014-11-07,4.9483
2014-11-10,4.9459
2014-11-11,4.9373
2014-11-12,4.908
2014-11-13,4.891
2014-11-14,4.88
2014-11-17,4.8712
2014-11-18,4.8632
2014-11-19,4.8565
2014-11-20,4.8526
2014-11-21,4.8513
2014-11-24,4.8051
2014-11-25,4.756
2014-11-26,4.7341
2014-11-27,4.7144
2014-11-28,4.6994
2014-12-01,4.6881
2014-12-02,4.6758
2014-12-03,4.6666
2014-12-04,4.6586
2014-12-05,4.6487
2014-12-08,4.6418
2014-12-09,4.6421
2014-12-10,4.6443
2014-12-11,4.6448
2014-12-12,4.6491
2014-12-15,4.65
2014-12-16,4.6552
2014-12-17,4.6649
2014-12-18,4.6726
2014-12-19,4.6823
2014-12-22,4.6873
2014-12-23,4.6993
2014-12-24,4.7045
2014-12-25,4.7059
2014-12-26,4.7088
2014-12-29,4.7109
2014-12-30,4.7182
2014-12-31,4.7304
2015-01-04,4.7385
2015-01-05,4.7429
2015-01-06,4.7455
2015-01-07,4.7476
2015-01-08,4.7488
2015-01-09,4.749
2015-01-12,4.75
2015-01-13,4.75
2015-01-14,4.75
2015-01-15,4.7521
2015-01-16,4.7521
2015-01-19,4.7555
2015-01-20,4.7635
2015-01-21,4.768
2015-01-22,4.772
2015-01-23,4.7738
2015-01-26,4.7748
2015-01-27,4.7758
2015-01-28,4.7788
2015-01-29,4.779
2015-01-30,4.783
2015-02-02,4.7848
2015-02-03,4.7856
2015-02-04,4.7886
2015-02-05,4.783
2015-02-06,4.7793
2015-02-09,4.779
2015-02-10,4.779
2015-02-11,4.78
2015-02-12,4.7834
2015-02-13,4.7855
2015-02-15,4.7876
2015-02-16,4.7888
2015-02-17,4.7868
2015-02-25,4.7886
2015-02-26,4.7878
2015-02-27,4.7888
2015-02-28,4.7879
2015-03-02,4.7829
2015-03-03,4.7805
2015-03-04,4.7812
2015-03-05,4.7802
2015-03-06,4.7821
2015-03-09,4.7803
2015-03-10,4.7801
2015-03-11,4.7801
2015-03-12,4.7801
2015-03-13,4.78
2015-03-16,4.7801
2015-03-17,4.7801
2015-03-18,4.7801
2015-03-19,4.7801
2015-03-20,4.78
2015-03-23,4.78
2015-03-24,4.78
2015-03-25,4.7801
2015-03-26,4.78
2015-03-27,4.78
2015-03-30,4.78
2015-03-31,4.78
2015-04-01,4.78
2015-04-02,4.78
2015-04-03,4.78
2015-04-07,4.78
2015-04-08,4.78
2015-04-09,4.7798
2015-04-10,4.7785
2015-04-13,4.7774
2015-04-14,4.7773
2015-04-15,4.7773
2015-04-16,4.7753
2015-04-17,4.7758
2015-04-20,4.7553
2015-04-21,4.7265
2015-04-22,4.6935
2015-04-23,4.6688
2015-04-24,4.643
2015-04-27,4.6278
2015-04-28,4.6075
2015-04-29,4.5965
2015-04-30,4.5816
2015-05-04,4.5628
2015-05-05,4.5455
2015-05-06,4.533
2015-05-07,4.515
2015-05-08,4.5
2015-05-11,4.453
2015-05-12,4.415
2015-05-13,4.3845
2015-05-14,4.3115
2015-05-15,4.241
2015-05-18,4.171
2015-05-19,4.115
2015-05-20,4.024
2015-05-21,3.948
2015-05-22,3.866
2015-05-25,3.692
2015-05-26,3.574
2015-05-27,3.511
2015-05-28,3.463
2015-05-29,3.444
2015-06-01,3.43
2015-06-02,3.4175
2015-06-03,3.408
2015-06-04,3.402
2015-06-05,3.4
2015-06-08,3.4
2015-06-09,3.4
2015-06-10,3.4
2015-06-11,3.4
2015-06-12,3.4
2015-06-15,3.4
2015-06-16,3.4
2015-06-17,3.4
2015-06-18,3.4
2015-06-19,3.4
2015-06-23,3.4
2015-06-24,3.4
2015-06-25,3.4
2015-06-26,3.4
2015-06-29,3.392
2015-06-30,3.392
2015-07-01,3.3865
2015-07-02,3.387
2015-07-03,3.387
2015-07-06,3.387
2015-07-07,3.386
2015-07-08,3.3858
2015-07-09,3.3867
2015-07-10,3.3868
2015-07-13,3.3897
2015-07-14,3.3901
2015-07-15,3.3911
2015-07-16,3.3912
2015-07-17,3.3912
2015-07-20,3.3912
2015-07-21,3.3912
2015-07-22,3.3912
2015-07-23,3.3912
2015-07-24,3.3922
2015-07-27,3.3923
2015-07-28,3.3924
2015-07-29,3.3923
2015-07-30,3.3924
2015-07-31,3.3924
2015-08-03,3.3924
2015-08-04,3.3924
2015-08-05,3.3934
2015-08-06,3.3935
2015-08-07,3.3935
2015-08-10,3.3935
2015-08-11,3.3935
2015-08-12,3.3925
2015-08-13,3.3925
2015-08-14,3.3925
2015-08-17,3.3925
2015-08-18,3.3945
2015-08-19,3.3947
2015-08-20,3.3957
2015-08-21,3.3987
2015-08-24,3.4
2015-08-25,3.4
2015-08-26,3.4
2015-08-27,3.4
2015-08-28,3.4
2015-08-31,3.401
2015-09-01,3.404
2015-09-02,3.401
2015-09-06,3.401
2015-09-07,3.401
2015-09-08,3.409
2015-09-09,3.4143
2015-09-10,3.41
2015-09-11,3.411
2015-09-14,3.411
2015-09-15,3.412
2015-09-16,3.413
2015-09-17,3.413
2015-09-18,3.413
2015-09-21,3.413
2015-09-22,3.413
2015-09-23,3.413
2015-09-24,3.413
2015-09-25,3.413
2015-09-28,3.413
2015-09-29,3.413
2015-09-30,3.413
2015-10-08,3.414
2015-10-09,3.414
2015-10-10,3.414
2015-10-12,3.414
2015-10-13,3.413
2015-10-14,3.414
2015-10-15,3.415
2015-10-16,3.415
2015-10-19,3.416
2015-10-20,3.418
2015-10-21,3.419
2015-10-22,3.418
2015-10-23,3.418
2015-10-26,3.392
2015-10-27,3.384
2015-10-28,3.371
2015-10-29,3.364
2015-10-30,3.3575
2015-11-02,3.355
2015-11-03,3.354
2015-11-04,3.351
2015-11-05,3.35
2015-11-06,3.35
2015-11-09,3.35
2015-11-10,3.351
2015-11-11,3.35
2015-11-12,3.35
2015-11-13,3.3508
2015-11-16,3.3508
2015-11-17,3.35
2015-11-18,3.35
2015-11-19,3.35
2015-11-20,3.35
2015-11-23,3.3503
2015-11-24,3.3503
2015-11-25,3.35
2015-11-26,3.3503
2015-11-27,3.35
2015-11-30,3.35
2015-12-01,3.35
2015-12-02,3.35
2015-12-03,3.35
2015-12-04,3.35
2015-12-07,3.35
2015-12-08,3.35
2015-12-09,3.35
2015-12-10,3.35
2015-12-11,3.35
2015-12-14,3.35
2015-12-15,3.35
2015-12-16,3.35
2015-12-17,3.35
2015-12-18,3.35
2015-12-21,3.3503
2015-12-22,3.35
2015-12-23,3.35
2015-12-24,3.35
2015-12-25,3.35
2015-12-28,3.35
2015-12-29,3.35
2015-12-30,3.35
2015-12-31,3.35
2016-01-04,3.35
2016-01-05,3.35
2016-01-06,3.347
2016-01-07,3.346
2016-01-08,3.345
2016-01-11,3.344
2016-01-12,3.34
2016-01-13,3.3345
2016-01-14,3.318
2016-01-15,3.295
2016-01-18,3.2705
2016-01-19,3.25
2016-01-20,3.253
2016-01-21,3.253
2016-01-22,3.256
2016-01-25,3.259
2016-01-26,3.2682
2016-01-27,3.265
2016-01-28,3.265
2016-01-29,3.265
2016-02-01,3.265
2016-02-02,3.265
2016-02-03,3.262
2016-02-04,3.253
2016-02-05,3.25
2016-02-06,3.251
2016-02-14,3.251
2016-02-15,3.25
2016-02-16,3.25
2016-02-17,3.25
2016-02-18,3.25
2016-02-19,3.234
2016-02-22,3.219
2016-02-23,3.21
2016-02-24,3.204
2016-02-25,3.197
2016-02-26,3.192
2016-02-29,3.186
2016-03-01,3.1735
2016-03-02,3.145
2016-03-03,3.134
2016-03-04,3.125
2016-03-07,3.121
2016-03-08,3.112
2016-03-09,3.106
2016-03-10,3.101
2016-03-11,3.0955
2016-03-14,3.093
2016-03-15,3.091
2016-03-16,3.09
2016-03-17,3.078
2016-03-18,3.0685
2016-03-21,3.0635
2016-03-22,3.058
2016-03-23,3.0555
2016-03-24,3.055
2016-03-25,3.055
2016-03-28,3.055
2016-03-29,3.054
2016-03-30,3.052
2016-03-31,3.051
2016-04-01,3.051
2016-04-05,3.05
2016-04-06,3.049
2016-04-07,3.048
2016-04-08,3.047
2016-04-11,3.042
2016-04-12,3.043
2016-04-13,3.042
2016-04-14,3.042
2016-04-15,3.044
2016-04-18,3.042
2016-04-19,3.043
2016-04-20,3.042
2016-04-21,3.042
2016-04-22,3.042
2016-04-25,3.042
2016-04-26,3.042
2016-04-27,3.042
2016-04-28,3.042
2016-04-29,3.042
2016-05-03,3.0422
2016-05-04,3.042
2016-05-05,3.042
2016-05-06,3.042
2016-05-09,3.042
2016-05-10,3.042
2016-05-11,3.043
2016-05-12,3.044
2016-05-13,3.045
2016-05-16,3.047
2016-05-17,3.049
2016-05-18,3.05
2016-05-19,3.05
2016-05-20,3.05
2016-05-23,3.05
2016-05-24,3.05
2016-05-25,3.05
2016-05-26,3.05
2016-05-27,3.05
2016-05-30,3.05
2016-05-31,3.05
2016-06-01,3.05
2016-06-02,3.05
2016-06-03,3.05
2016-06-06,3.05
2016-06-07,3.05
2016-06-08,3.05
2016-06-12,3.05
2016-06-13,3.05
2016-06-14,3.05
2016-06-15,3.05
2016-06-16,3.05
2016-06-17,3.05
2016-06-20,3.051
2016-06-21,3.051
2016-06-22,3.051
2016-06-23,3.051
2016-06-24,3.051
2016-06-27,3.051
2016-06-28,3.051
2016-06-29,3.051
2016-06-30,3.05
2016-07-01,3.05
2016-07-04,3.05
2016-07-05,3.05
2016-07-06,3.05
2016-07-07,3.05
2016-07-08,3.05
2016-07-11,3.05
2016-07-12,3.05
2016-07-13,3.049
2016-07-14,3.047
2016-07-15,3.047
2016-07-18,3.048
2016-07-19,3.048
2016-07-20,3.045
2016-07-21,3.046
2016-07-22,3.044
2016-07-25,3.041
2016-07-26,3.041
2016-07-27,3.041
2016-07-28,3.039
2016-07-29,3.038
2016-08-01,3.0378
2016-08-02,3.0358
2016-08-03,3.0335
2016-08-04,3.03
2016-08-05,3.028
2016-08-08,3.026
2016-08-09,3.025
2016-08-10,3.026
2016-08-11,3.027
2016-08-12,3.026
2016-08-15,3.0278
2016-08-16,3.026
2016-08-17,3.026
2016-08-18,3.026
2016-08-19,3.027
2016-08-22,3.0267
2016-08-23,3.026
2016-08-24,3.027
2016-08-25,3.027
2016-08-26,3.027
2016-08-29,3.027
2016-08-30,3.025
2016-08-31,3.027
2016-09-01,3.026
2016-09-02,3.0265
2016-09-05,3.0255
2016-09-06,3.0265
2016-09-07,3.0265
2016-09-08,3.0255
2016-09-09,3.0255
2016-09-12,3.0265
2016-09-13,3.0265
2016-09-14,3.0265
2016-09-18,3.0275
2016-09-19,3.0275
2016-09-20,3.0275
2016-09-21,3.0275
2016-09-22,3.0275
2016-09-23,3.0275
2016-09-26,3.0265
2016-09-27,3.0265
2016-09-28,3.0265
2016-09-29,3.0265
2016-09-30,3.0265
2016-10-08,3.0275
2016-10-09,3.0275
2016-10-10,3.0275
2016-10-11,3.0275
2016-10-12,3.0275
2016-10-13,3.0275
2016-10-14,3.0275
2016-10-17,3.0275
2016-10-18,3.0275
2016-10-19,3.028
2016-10-20,3.028
2016-10-21,3.028
2016-10-24,3.029
2016-10-25,3.03
2016-10-26,3.03
2016-10-27,3.031
2016-10-28,3.032
2016-10-31,3.032
2016-11-01,3.032
2016-11-02,3.035
2016-11-03,3.038
2016-11-04,3.0408
2016-11-07,3.041
2016-11-08,3.041
2016-11-09,3.0415
2016-11-10,3.044
2016-11-11,3.045
2016-11-14,3.048
2016-11-15,3.049
2016-11-16,3.054
2016-11-17,3.0605
2016-11-18,3.0712
2016-11-21,3.0782
2016-11-22,3.0825
2016-11-23,3.0853
2016-11-24,3.0976
2016-11-25,3.1088
2016-11-28,3.1199
2016-11-29,3.131
2016-11-30,3.1491
2016-12-01,3.16
2016-12-02,3.173
2016-12-05,3.1853
2016-12-06,3.2066
2016-12-07,3.2197
2016-12-08,3.231
2016-12-09,3.2391
2016-12-12,3.246
2016-12-13,3.2606
2016-12-14,3.2741
2016-12-15,3.2855
2016-12-16,3.2986
2016-12-19,3.3059
2016-12-20,3.3186
2016-12-21,3.3349
2016-12-22,3.3455
2016-12-23,3.3546
2016-12-26,3.3575
2016-12-27,3.3598
2016-12-28,3.361
2016-12-29,3.3675
2016-12-30,3.3728
2017-01-03,3.3833
2017-01-04,3.3904
2017-01-05,3.4311
2017-01-06,3.4882
2017-01-09,3.5329
2017-01-10,3.5533
2017-01-11,3.5674
2017-01-12,3.5838
2017-01-13,3.6014
2017-01-16,3.6102
2017-01-17,3.6321
2017-01-18,3.6513
2017-01-19,3.6602
2017-01-20,3.6691
2017-01-22,3.677
2017-01-23,3.6847
2017-01-24,3.6905
2017-01-25,3.7136
2017-01-26,3.7396
2017-02-03,3.786
2017-02-04,3.8214
2017-02-06,3.8542
2017-02-07,3.882
2017-02-08,3.9019
2017-02-09,3.9168
2017-02-10,3.9352
2017-02-13,3.953
2017-02-14,3.968
2017-02-15,3.9846
2017-02-16,3.9906
2017-02-17,4.0005
2017-02-20,4.0064
2017-02-21,4.0102
2017-02-22,4.0225
2017-02-23,4.0305
2017-02-24,4.0362
2017-02-27,4.0407
2017-02-28,4.0467
2017-03-01,4.0497
2017-03-02,4.0492
2017-03-03,4.051
2017-03-06,4.0511
2017-03-07,4.0527
2017-03-08,4.0536
2017-03-09,4.0539
2017-03-10,4.0551
2017-03-13,4.0614
2017-03-14,4.0678
2017-03-15,4.0818
2017-03-16,4.1052
2017-03-17,4.1246
2017-03-20,4.1435
2017-03-21,4.1559
2017-03-22,4.1649
2017-03-23,4.1717
2017-03-24,4.1835
2017-03-27,4.1874
2017-03-28,4.1918
2017-03-29,4.1952
2017-03-30,4.2006
2017-03-31,4.2
2017-04-01,4.2
2017-04-05,4.2
2017-04-06,4.2
2017-04-07,4.2
2017-04-10,4.201
2017-04-11,4.201
2017-04-12,4.2011
2017-04-13,4.2022
2017-04-14,4.2013
2017-04-17,4.2022
2017-04-18,4.2023
2017-04-19,4.2113
2017-04-20,4.2121
2017-04-21,4.2145
2017-04-24,4.2175
2017-04-25,4.2228
2017-04-26,4.2243
2017-04-27,4.2255
2017-04-28,4.2296
2017-05-02,4.233
2017-05-03,4.2453
2017-05-04,4.2503
2017-05-05,4.2512
2017-05-08,4.2555
2017-05-09,4.2612
2017-05-10,4.2674
2017-05-11,4.2715
2017-05-12,4.2724
2017-05-15,4.2739
2017-05-16,4.2784
2017-05-17,4.2831
2017-05-18,4.2864
2017-05-19,4.2925
2017-05-22,4.3024
2017-05-23,4.3137
2017-05-24,4.322
2017-05-25,4.3342
2017-05-26,4.3435
2017-05-27,4.3544
2017-05-31,4.3579
2017-06-01,4.37
2017-06-02,4.3773
2017-06-05,4.3862
2017-06-06,4.3922
2017-06-07,4.3991
2017-06-08,4.406
2017-06-09,4.4116
2017-06-12,4.4172
2017-06-13,4.4208
2017-06-14,4.4231
2017-06-15,4.4264
2017-06-16,4.4297
2017-06-19,4.431
2017-06-20,4.4368
2017-06-21,4.4359
2017-06-22,4.4342
2017-06-23,4.4345
2017-06-26,4.4369
2017-06-27,4.433
2017-06-28,4.4299
2017-06-29,4.4193
2017-06-30,4.4203
2017-07-03,4.4193
2017-07-04,4.4162
2017-07-05,4.413
2017-07-06,4.4108
2017-07-07,4.4091
2017-07-10,4.4073
2017-07-11,4.4075
2017-07-12,4.4066
2017-07-13,4.4074
2017-07-14,4.4051
2017-07-17,4.405
2017-07-18,4.4034
2017-07-19,4.4008
2017-07-20,4.3976
2017-07-21,4.3977
2017-07-24,4.396
2017-07-25,4.3935
2017-07-26,4.3904
2017-07-27,4.3908
2017-07-28,4.3892
2017-07-31,4.3881
2017-08-01,4.3931
2017-08-02,4.3961
2017-08-03,4.3982
2017-08-04,4.3979
2017-08-07,4.398
2017-08-08,4.397
2017-08-09,4.398
2017-08-10,4.3985
2017-08-11,4.3985
2017-08-14,4.3981
2017-08-15,4.3999
2017-08-16,4.4
2017-08-17,4.4
2017-08-18,4.401
2017-08-21,4.402
2017-08-22,4.4032
2017-08-23,4.4041
2017-08-24,4.4051
2017-08-25,4.4068
2017-08-28,4.4078
2017-08-29,4.4107
2017-08-30,4.4133
2017-08-31,4.4038
2017-09-01,4.4023
2017-09-04,4.4017
2017-09-05,4.4032
2017-09-06,4.4034
2017-09-07,4.4055
2017-09-08,4.4059
2017-09-11,4.4033
2017-09-12,4.4009
2017-09-13,4.401
2017-09-14,4.399
2017-09-15,4.4015
2017-09-18,4.4012
2017-09-19,4.4032
2017-09-20,4.404
2017-09-21,4.4031
2017-09-22,4.4028
2017-09-25,4.4033
2017-09-26,4.404
2017-09-27,4.4048
2017-09-28,4.4049
2017-09-29,4.4043
2017-09-30,4.404
2017-10-09,4.403
2017-10-10,4.403
2017-10-11,4.4025
2017-10-12,4.401
2017-10-13,4.4017
2017-10-16,4.4012
2017-10-17,4.4015
2017-10-18,4.4018
2017-10-19,4.4016
2017-10-20,4.4032
2017-10-23,4.4032
2017-10-24,4.4017
2017-10-25,4.4029
2017-10-26,4.4049
2017-10-27,4.4045
