date,ib7
2004/5/24,2.25 
2004/5/25,2.17 
2004/5/26,2.22 
2004/5/27,2.20 
2004/5/28,2.34 
2004/5/31,2.18 
2004/6/1,2.24 
2004/6/2,2.39 
2004/6/3,2.35 
2004/6/4,2.56 
2004/6/7,2.42 
2004/6/8,2.33 
2004/6/9,2.46 
2004/6/10,2.50 
2004/6/11,2.62 
2004/6/14,2.35 
2004/6/15,2.43 
2004/6/16,2.45 
2004/6/17,2.42 
2004/6/18,2.39 
2004/6/21,2.36 
2004/6/22,2.36 
2004/6/23,2.35 
2004/6/24,2.62 
2004/6/25,2.43 
2004/6/28,2.44 
2004/6/29,2.22 
2004/6/30,2.38 
2004/7/1,2.31 
2004/7/2,2.22 
2004/7/5,2.50 
2004/7/6,2.29 
2004/7/7,2.45 
2004/7/8,2.41 
2004/7/9,2.29 
2004/7/12,2.37 
2004/7/13,2.10 
2004/7/14,2.27 
2004/7/15,2.22 
2004/7/16,2.20 
2004/7/19,2.23 
2004/7/20,2.20 
2004/7/21,2.36 
2004/7/22,2.31 
2004/7/23,2.49 
2004/7/26,2.45 
2004/7/27,2.35 
2004/7/28,2.40 
2004/7/29,2.35 
2004/7/30,2.64 
2004/8/2,2.43 
2004/8/3,2.32 
2004/8/4,2.35 
2004/8/5,2.39 
2004/8/6,2.59 
2004/8/9,2.39 
2004/8/10,2.29 
2004/8/11,2.35 
2004/8/12,2.23 
2004/8/13,2.36 
2004/8/16,2.33 
2004/8/17,2.19 
2004/8/18,2.34 
2004/8/19,2.32 
2004/8/20,2.32 
2004/8/23,2.34 
2004/8/24,2.22 
2004/8/25,2.37 
2004/8/26,2.35 
2004/8/27,2.46 
2004/8/30,2.20 
2004/8/31,2.20 
2004/9/1,2.29 
2004/9/2,2.27 
2004/9/3,2.35 
2004/9/6,2.28 
2004/9/7,2.13 
2004/9/8,2.30 
2004/9/9,2.29 
2004/9/10,2.36 
2004/9/13,2.35 
2004/9/14,2.17 
2004/9/15,2.14 
2004/9/16,2.36 
2004/9/17,2.31 
2004/9/20,2.31 
2004/9/21,2.12 
2004/9/22,2.19 
2004/9/23,2.20 
2004/9/24,2.24 
2004/9/27,2.41 
2004/9/28,2.22 
2004/9/29,2.36 
2004/9/30,2.42 
2004/10/8,2.33 
2004/10/9,2.22 
2004/10/10,2.20 
2004/10/11,2.24 
2004/10/12,2.18 
2004/10/13,2.19 
2004/10/14,2.25 
2004/10/15,2.27 
2004/10/18,2.09 
2004/10/19,2.22 
2004/10/20,2.22 
2004/10/21,2.21 
2004/10/22,2.24 
2004/10/25,2.08 
2004/10/26,2.13 
2004/10/27,2.20 
2004/10/28,2.12 
2004/10/29,2.28 
2004/11/1,2.15 
2004/11/2,2.19 
2004/11/3,2.22 
2004/11/4,2.32 
2004/11/5,2.25 
2004/11/8,2.20 
2004/11/9,2.19 
2004/11/10,2.65 
2004/11/11,2.23 
2004/11/12,2.23 
2004/11/15,2.21 
2004/11/16,2.19 
2004/11/17,2.14 
2004/11/18,2.25 
2004/11/19,2.16 
2004/11/22,2.28 
2004/11/23,2.12 
2004/11/24,2.09 
2004/11/25,2.26 
2004/11/26,2.16 
2004/11/29,2.20 
2004/11/30,2.06 
2004/12/1,1.98 
2004/12/2,2.21 
2004/12/3,2.11 
2004/12/6,2.16 
2004/12/7,1.99 
2004/12/8,2.02 
2004/12/9,2.14 
2004/12/10,2.08 
2004/12/13,2.12 
2004/12/14,2.05 
2004/12/15,2.08 
2004/12/16,2.03 
2004/12/17,2.05 
2004/12/20,2.16 
2004/12/21,2.01 
2004/12/22,2.09 
2004/12/23,2.09 
2004/12/24,2.26 
2004/12/27,1.96 
2004/12/28,2.12 
2004/12/29,2.21 
2004/12/30,2.36 
2004/12/31,1.99 
2005/1/4,1.95 
2005/1/5,2.00 
2005/1/6,2.23 
2005/1/7,2.09 
2005/1/10,2.18 
2005/1/11,1.94 
2005/1/12,1.98 
2005/1/13,2.13 
2005/1/14,2.06 
2005/1/17,1.98 
2005/1/18,2.02 
2005/1/19,1.93 
2005/1/20,2.17 
2005/1/21,2.30 
2005/1/24,2.00 
2005/1/25,2.02 
2005/1/26,2.15 
2005/1/27,2.08 
2005/1/28,2.05 
2005/1/31,2.02 
2005/2/1,2.01 
2005/2/2,1.98 
2005/2/3,2.41 
2005/2/4,2.62 
2005/2/5,2.85 
2005/2/6,2.56 
2005/2/7,2.64 
2005/2/8,2.61 
2005/2/16,2.37 
2005/2/17,2.18 
2005/2/18,2.17 
2005/2/21,2.11 
2005/2/22,2.10 
2005/2/23,2.14 
2005/2/24,2.23 
2005/2/25,2.28 
2005/2/28,2.02 
2005/3/1,2.00 
2005/3/2,2.01 
2005/3/3,2.07 
2005/3/4,2.04 
2005/3/7,2.01 
2005/3/8,2.05 
2005/3/9,2.01 
2005/3/10,2.12 
2005/3/11,1.94 
2005/3/14,2.07 
2005/3/15,2.02 
2005/3/16,2.06 
2005/3/17,2.05 
2005/3/18,1.92 
2005/3/21,1.87 
2005/3/22,1.91 
2005/3/23,1.85 
2005/3/24,1.89 
2005/3/25,1.72 
2005/3/28,1.80 
2005/3/29,2.07 
2005/3/30,2.01 
2005/3/31,1.89 
2005/4/1,1.73 
2005/4/4,1.96 
2005/4/5,1.84 
2005/4/6,1.92 
2005/4/7,1.92 
2005/4/8,1.86 
2005/4/11,1.70 
2005/4/12,1.83 
2005/4/13,1.87 
2005/4/14,1.91 
2005/4/15,1.71 
2005/4/18,1.80 
2005/4/19,1.66 
2005/4/20,1.81 
2005/4/21,1.78 
2005/4/22,1.85 
2005/4/25,1.58 
2005/4/26,1.78 
2005/4/27,1.89 
2005/4/28,1.70 
2005/4/29,1.67 
2005/4/30,1.93 
2005/5/8,1.88 
2005/5/9,1.72 
2005/5/10,1.51 
2005/5/11,1.69 
2005/5/12,1.39 
2005/5/13,1.76 
2005/5/16,1.76 
2005/5/17,1.81 
2005/5/18,1.78 
2005/5/19,1.84 
2005/5/20,1.63 
2005/5/23,1.57 
2005/5/24,1.85 
2005/5/25,1.28 
2005/5/26,1.60 
2005/5/27,1.72 
2005/5/30,1.42 
2005/5/31,1.54 
2005/6/1,1.48 
2005/6/2,1.96 
2005/6/3,1.69 
2005/6/6,1.43 
2005/6/7,1.58 
2005/6/8,1.57 
2005/6/9,1.67 
2005/6/10,1.74 
2005/6/13,1.59 
2005/6/14,1.41 
2005/6/15,1.64 
2005/6/16,1.61 
2005/6/17,1.46 
2005/6/20,1.39 
2005/6/21,1.42 
2005/6/22,1.62 
2005/6/23,1.55 
2005/6/24,1.51 
2005/6/27,1.53 
2005/6/28,1.69 
2005/6/29,1.48 
2005/6/30,1.76 
2005/7/1,1.51 
2005/7/4,1.31 
2005/7/5,1.48 
2005/7/6,1.39 
2005/7/7,1.74 
2005/7/8,1.44 
2005/7/11,1.67 
2005/7/12,1.58 
2005/7/13,1.68 
2005/7/14,1.62 
2005/7/15,1.69 
2005/7/18,1.48 
2005/7/19,1.63 
2005/7/20,1.40 
2005/7/21,1.65 
2005/7/22,1.70 
2005/7/25,1.67 
2005/7/26,1.51 
2005/7/27,1.53 
2005/7/28,1.60 
2005/7/29,1.64 
2005/8/1,1.67 
2005/8/2,1.62 
2005/8/3,1.52 
2005/8/4,1.64 
2005/8/5,1.48 
2005/8/8,1.90 
2005/8/9,1.48 
2005/8/10,1.36 
2005/8/11,1.61 
2005/8/12,1.54 
2005/8/15,1.57 
2005/8/16,1.64 
2005/8/17,1.51 
2005/8/18,1.70 
2005/8/19,1.50 
2005/8/22,1.85 
2005/8/23,1.32 
2005/8/24,1.54 
2005/8/25,1.52 
2005/8/26,1.43 
2005/8/29,1.45 
2005/8/30,1.86 
2005/8/31,1.69 
2005/9/1,1.51 
2005/9/2,1.60 
2005/9/5,1.47 
2005/9/6,1.62 
2005/9/7,1.77 
2005/9/8,1.44 
2005/9/9,1.57 
2005/9/12,1.46 
2005/9/13,1.63 
2005/9/14,1.77 
2005/9/15,1.49 
2005/9/16,1.51 
2005/9/19,1.44 
2005/9/20,1.59 
2005/9/21,1.85 
2005/9/22,1.42 
2005/9/23,1.53 
2005/9/26,1.47 
2005/9/27,1.47 
2005/9/28,1.70 
2005/9/29,1.71 
2005/9/30,1.58 
2005/10/8,1.72 
2005/10/9,1.38 
2005/10/10,1.64 
2005/10/11,1.39 
2005/10/12,1.45 
2005/10/13,1.71 
2005/10/14,1.51 
2005/10/17,1.48 
2005/10/18,1.49 
2005/10/19,1.66 
2005/10/20,1.83 
2005/10/21,1.39 
2005/10/24,1.48 
2005/10/25,1.22 
2005/10/26,1.23 
2005/10/27,1.46 
2005/10/28,1.76 
2005/10/31,1.67 
2005/11/1,1.47 
2005/11/2,1.70 
2005/11/3,1.51 
2005/11/4,1.65 
2005/11/7,1.37 
2005/11/8,1.77 
2005/11/9,1.50 
2005/11/10,1.59 
2005/11/11,1.45 
2005/11/14,1.79 
2005/11/15,1.68 
2005/11/16,1.41 
2005/11/17,1.51 
2005/11/18,1.60 
2005/11/21,1.57 
2005/11/22,1.53 
2005/11/23,1.72 
2005/11/24,1.79 
2005/11/25,1.75 
2005/11/28,1.70 
2005/11/29,1.74 
2005/11/30,1.76 
2005/12/1,1.85 
2005/12/2,2.05 
2005/12/5,1.85 
2005/12/6,1.69 
2005/12/7,1.66 
2005/12/8,1.87 
2005/12/9,1.90 
2005/12/12,1.76 
2005/12/13,1.95 
2005/12/14,1.62 
2005/12/15,1.87 
2005/12/16,1.73 
2005/12/19,1.88 
2005/12/20,1.86 
2005/12/21,1.69 
2005/12/22,1.75 
2005/12/23,1.93 
2005/12/26,1.76 
2005/12/27,1.63 
2005/12/28,1.95 
2005/12/29,1.97 
2005/12/30,1.55 
2005/12/31,1.55 
2006/1/4,1.63 
2006/1/5,1.91 
2006/1/6,1.86 
2006/1/9,1.75 
2006/1/10,1.86 
2006/1/11,1.76 
2006/1/12,1.67 
2006/1/13,1.66 
2006/1/16,1.76 
2006/1/17,1.67 
2006/1/18,1.56 
2006/1/19,1.75 
2006/1/20,1.94 
2006/1/23,1.87 
2006/1/24,2.31 
2006/1/25,2.38 
2006/1/26,2.42 
2006/1/27,2.54 
2006/1/28,2.35 
2006/2/5,1.83 
2006/2/6,1.80 
2006/2/7,1.53 
2006/2/8,1.64 
2006/2/9,1.70 
2006/2/10,1.80 
2006/2/13,1.77 
2006/2/14,1.62 
2006/2/15,1.72 
2006/2/16,1.69 
2006/2/17,1.60 
2006/2/20,1.76 
2006/2/21,1.65 
2006/2/22,1.43 
2006/2/23,1.73 
2006/2/24,1.56 
2006/2/27,1.61 
2006/2/28,1.78 
2006/3/1,1.69 
2006/3/2,1.60 
2006/3/3,1.73 
2006/3/6,1.67 
2006/3/7,1.69 
2006/3/8,1.67 
2006/3/9,1.74 
2006/3/10,1.79 
2006/3/13,1.71 
2006/3/14,1.77 
2006/3/15,1.62 
2006/3/16,1.76 
2006/3/17,1.76 
2006/3/20,1.77 
2006/3/21,1.75 
2006/3/22,1.77 
2006/3/23,1.85 
2006/3/24,1.80 
2006/3/27,1.85 
2006/3/28,1.85 
2006/3/29,1.81 
2006/3/30,1.84 
2006/3/31,1.70 
2006/4/3,1.97 
2006/4/4,1.75 
2006/4/5,1.79 
2006/4/6,1.81 
2006/4/7,1.75 
2006/4/10,1.81 
2006/4/11,1.78 
2006/4/12,1.82 
2006/4/13,1.64 
2006/4/14,1.62 
2006/4/17,1.85 
2006/4/18,1.90 
2006/4/19,1.88 
2006/4/20,1.83 
2006/4/21,1.94 
2006/4/24,2.09 
2006/4/25,2.16 
2006/4/26,2.12 
2006/4/27,2.35 
2006/4/28,2.36 
2006/4/29,2.32 
2006/4/30,2.05 
2006/5/8,2.02 
2006/5/9,1.87 
2006/5/10,1.93 
2006/5/11,1.90 
2006/5/12,1.94 
2006/5/15,1.94 
2006/5/16,1.87 
2006/5/17,1.80 
2006/5/18,1.89 
2006/5/19,1.82 
2006/5/22,1.83 
2006/5/23,1.87 
2006/5/24,1.73 
2006/5/25,1.76 
2006/5/26,1.89 
2006/5/29,1.86 
2006/5/30,1.85 
2006/5/31,1.86 
2006/6/1,1.94 
2006/6/2,1.95 
2006/6/5,2.09 
2006/6/6,2.05 
2006/6/7,1.92 
2006/6/8,1.97 
2006/6/9,1.95 
2006/6/12,2.24 
2006/6/13,2.11 
2006/6/14,2.10 
2006/6/15,2.08 
2006/6/16,2.08 
2006/6/19,2.31 
2006/6/20,2.51 
2006/6/21,2.08 
2006/6/22,2.36 
2006/6/23,2.54 
2006/6/26,2.41 
2006/6/27,2.20 
2006/6/28,2.13 
2006/6/29,2.21 
2006/6/30,2.10 
2006/7/3,2.29 
2006/7/4,2.21 
2006/7/5,2.15 
2006/7/6,2.15 
2006/7/7,2.25 
2006/7/10,2.31 
2006/7/11,2.11 
2006/7/12,2.10 
2006/7/13,2.24 
2006/7/14,2.15 
2006/7/17,2.25 
2006/7/18,2.19 
2006/7/19,2.55 
2006/7/20,2.59 
2006/7/21,2.69 
2006/7/24,2.68 
2006/7/25,2.70 
2006/7/26,2.74 
2006/7/27,2.68 
2006/7/28,2.81 
2006/7/31,2.82 
2006/8/1,2.72 
2006/8/2,2.69 
2006/8/3,2.77 
2006/8/4,2.86 
2006/8/7,2.70 
2006/8/8,2.44 
2006/8/9,2.88 
2006/8/10,2.70 
2006/8/11,2.75 
2006/8/14,2.57 
2006/8/15,2.32 
2006/8/16,2.34 
2006/8/17,2.48 
2006/8/18,2.42 
2006/8/21,2.47 
2006/8/22,2.33 
2006/8/23,2.55 
2006/8/24,2.48 
2006/8/25,2.45 
2006/8/28,2.34 
2006/8/29,2.18 
2006/8/30,2.39 
2006/8/31,2.31 
2006/9/1,2.31 
2006/9/4,2.45 
2006/9/5,2.30 
2006/9/6,2.39 
2006/9/7,2.57 
2006/9/8,2.47 
2006/9/11,2.22 
2006/9/12,2.36 
2006/9/13,2.29 
2006/9/14,2.35 
2006/9/15,2.20 
2006/9/18,2.28 
2006/9/19,2.38 
2006/9/20,2.34 
2006/9/21,2.10 
2006/9/22,2.58 
2006/9/25,2.50 
2006/9/26,2.51 
2006/9/27,2.54 
2006/9/28,2.64 
2006/9/29,2.75 
2006/9/30,2.52 
2006/10/8,2.57 
2006/10/9,2.71 
2006/10/10,2.51 
2006/10/11,2.40 
2006/10/12,2.45 
2006/10/13,2.32 
2006/10/16,2.48 
2006/10/17,2.60 
2006/10/18,2.67 
2006/10/19,2.77 
2006/10/20,2.49 
2006/10/23,2.51 
2006/10/24,2.68 
2006/10/25,2.56 
2006/10/26,2.52 
2006/10/27,2.58 
2006/10/30,2.63 
2006/10/31,2.51 
2006/11/1,2.55 
2006/11/2,2.74 
2006/11/3,2.79 
2006/11/6,2.74 
2006/11/7,2.75 
2006/11/8,2.83 
2006/11/9,2.89 
2006/11/10,3.02 
2006/11/13,3.01 
2006/11/14,3.47 
2006/11/15,3.56 
2006/11/16,3.52 
2006/11/17,3.67 
2006/11/20,3.70 
2006/11/21,3.59 
2006/11/22,3.57 
2006/11/23,3.66 
2006/11/24,3.61 
2006/11/27,3.30 
2006/11/28,3.36 
2006/11/29,2.57 
2006/11/30,2.54 
2006/12/1,2.67 
2006/12/4,2.56 
2006/12/5,2.61 
2006/12/6,2.50 
2006/12/7,2.57 
2006/12/8,2.40 
2006/12/11,2.40 
2006/12/12,2.62 
2006/12/13,2.56 
2006/12/14,2.33 
2006/12/15,2.27 
2006/12/18,2.29 
2006/12/19,2.14 
2006/12/20,2.24 
2006/12/21,2.09 
2006/12/22,2.18 
2006/12/25,2.55 
2006/12/26,2.50 
2006/12/27,2.44 
2006/12/28,2.12 
2006/12/29,2.03 
2006/12/30,2.11 
2006/12/31,2.88 
2007/1/4,1.87 
2007/1/5,1.64 
2007/1/8,1.65 
2007/1/9,2.26 
2007/1/10,2.01 
2007/1/11,2.21 
2007/1/12,1.92 
2007/1/15,1.78 
2007/1/16,1.45 
2007/1/17,1.88 
2007/1/18,1.63 
2007/1/19,1.78 
2007/1/22,2.25 
2007/1/23,2.11 
2007/1/24,2.08 
2007/1/25,2.42 
2007/1/26,2.39 
2007/1/29,2.24 
2007/1/30,2.58 
2007/1/31,2.13 
2007/2/1,2.31 
2007/2/2,2.29 
2007/2/5,2.41 
2007/2/6,2.43 
2007/2/7,2.47 
2007/2/8,3.15 
2007/2/9,3.95 
2007/2/12,4.18 
2007/2/13,3.44 
2007/2/14,3.63 
2007/2/15,3.33 
2007/2/16,2.87 
2007/2/17,1.63 
2007/2/25,2.46 
2007/2/26,2.58 
2007/2/27,2.98 
2007/2/28,2.25 
2007/3/1,1.96 
2007/3/2,2.27 
2007/3/5,2.04 
2007/3/6,1.86 
2007/3/7,1.57 
2007/3/8,1.77 
2007/3/9,1.83 
2007/3/12,1.86 
2007/3/13,2.09 
2007/3/14,1.69 
2007/3/15,1.97 
2007/3/16,1.98 
2007/3/19,1.89 
2007/3/20,1.90 
2007/3/21,1.96 
2007/3/22,2.15 
2007/3/23,2.39 
2007/3/26,2.10 
2007/3/27,1.97 
2007/3/28,2.07 
2007/3/29,2.08 
2007/3/30,2.00 
2007/4/2,2.08 
2007/4/3,2.00 
2007/4/4,2.03 
2007/4/5,2.29 
2007/4/6,2.44 
2007/4/9,2.36 
2007/4/10,2.52 
2007/4/11,2.43 
2007/4/12,2.50 
2007/4/13,2.72 
2007/4/16,2.80 
2007/4/17,2.95 
2007/4/18,3.49 
2007/4/19,4.00 
2007/4/20,4.09 
2007/4/23,4.50 
2007/4/24,4.83 
2007/4/25,4.81 
2007/4/26,4.27 
2007/4/27,3.61 
2007/4/28,2.00 
2007/4/29,2.23 
2007/4/30,1.83 
2007/5/8,1.81 
2007/5/9,1.91 
2007/5/10,2.07 
2007/5/11,3.00 
2007/5/14,3.20 
2007/5/15,3.07 
2007/5/16,3.00 
2007/5/17,2.94 
2007/5/18,2.70 
2007/5/21,2.56 
2007/5/22,2.51 
2007/5/23,2.62 
2007/5/24,2.37 
2007/5/25,2.40 
2007/5/28,2.58 
2007/5/29,2.32 
2007/5/30,2.45 
2007/5/31,2.67 
2007/6/1,2.74 
2007/6/4,2.76 
2007/6/5,2.80 
2007/6/6,2.76 
2007/6/7,2.56 
2007/6/8,2.58 
2007/6/11,2.04 
2007/6/12,2.43 
2007/6/13,2.31 
2007/6/14,3.26 
2007/6/15,4.40 
2007/6/18,4.34 
2007/6/19,4.03 
2007/6/20,3.45 
2007/6/21,2.56 
2007/6/22,2.21 
2007/6/25,2.08 
2007/6/26,2.40 
2007/6/27,2.06 
2007/6/28,2.04 
2007/6/29,2.82 
2007/7/2,3.75 
2007/7/3,3.85 
2007/7/4,2.76 
2007/7/5,2.52 
2007/7/6,2.70 
2007/7/9,2.93 
2007/7/10,3.99 
2007/7/11,4.21 
2007/7/12,3.89 
2007/7/13,3.39 
2007/7/16,2.91 
2007/7/17,2.55 
2007/7/18,2.91 
2007/7/19,2.24 
2007/7/20,2.20 
2007/7/23,2.63 
2007/7/24,2.62 
2007/7/25,2.21 
2007/7/26,2.28 
2007/7/27,2.26 
2007/7/30,2.49 
2007/7/31,2.80 
2007/8/1,2.92 
2007/8/2,2.38 
2007/8/3,2.35 
2007/8/6,2.23 
2007/8/7,2.74 
2007/8/8,2.23 
2007/8/9,2.31 
2007/8/10,2.28 
2007/8/13,2.29 
2007/8/14,2.13 
2007/8/15,2.34 
2007/8/16,2.08 
2007/8/17,1.98 
2007/8/20,1.94 
2007/8/21,1.96 
2007/8/22,2.30 
2007/8/23,2.56 
2007/8/24,2.81 
2007/8/27,2.41 
2007/8/28,2.59 
2007/8/29,2.58 
2007/8/30,2.72 
2007/8/31,2.52 
2007/9/3,2.67 
2007/9/4,2.40 
2007/9/5,2.79 
2007/9/6,2.47 
2007/9/7,2.89 
2007/9/10,3.82 
2007/9/11,3.90 
2007/9/12,3.99 
2007/9/13,4.20 
2007/9/14,5.68 
2007/9/17,5.82 
2007/9/18,5.94 
2007/9/19,6.85 
2007/9/20,6.77 
2007/9/21,6.09 
2007/9/24,6.98 
2007/9/25,7.27 
2007/9/26,6.28 
2007/9/27,3.61 
2007/9/28,2.02 
2007/9/29,1.93 
2007/9/30,2.60 
2007/10/8,2.06 
2007/10/9,2.04 
2007/10/10,2.11 
2007/10/11,2.15 
2007/10/12,2.30 
2007/10/15,2.46 
2007/10/16,2.29 
2007/10/17,2.47 
2007/10/18,2.79 
2007/10/19,2.53 
2007/10/22,3.39 
2007/10/23,5.60 
2007/10/24,7.75 
2007/10/25,8.49 
2007/10/26,9.71 
2007/10/29,3.00 
2007/10/30,2.97 
2007/10/31,3.71 
2007/11/1,3.16 
2007/11/2,3.27 
2007/11/5,2.98 
2007/11/6,3.17 
2007/11/7,2.69 
2007/11/8,2.80 
2007/11/9,2.91 
2007/11/12,2.39 
2007/11/13,2.49 
2007/11/14,2.20 
2007/11/15,2.95 
2007/11/16,2.37 
2007/11/19,2.95 
2007/11/20,4.51 
2007/11/21,4.77 
2007/11/22,2.33 
2007/11/23,2.85 
2007/11/26,3.19 
2007/11/27,2.82 
2007/11/28,2.07 
2007/11/29,3.01 
2007/11/30,3.73 
2007/12/3,3.85 
2007/12/4,4.34 
2007/12/5,5.13 
2007/12/6,4.10 
2007/12/7,3.80 
2007/12/10,2.68 
2007/12/11,4.56 
2007/12/12,5.19 
2007/12/13,6.05 
2007/12/14,6.52 
2007/12/17,3.21 
2007/12/18,2.78 
2007/12/19,3.55 
2007/12/20,2.66 
2007/12/21,2.33 
2007/12/24,5.16 
2007/12/25,2.46 
2007/12/26,2.39 
2007/12/27,2.38 
2007/12/28,2.49 
2007/12/29,2.57 
2008/1/2,2.82 
2008/1/3,3.50 
2008/1/4,3.14 
2008/1/7,2.77 
2008/1/8,2.38 
2008/1/9,2.76 
2008/1/10,2.68 
2008/1/11,3.34 
2008/1/14,2.04 
2008/1/15,2.52 
2008/1/16,2.91 
2008/1/17,3.08 
2008/1/18,2.69 
2008/1/21,3.17 
2008/1/22,4.08 
2008/1/23,4.88 
2008/1/24,6.11 
2008/1/25,5.56 
2008/1/28,3.26 
2008/1/29,3.04 
2008/1/30,3.45 
2008/1/31,4.36 
2008/2/1,2.96 
2008/2/2,2.50 
2008/2/4,2.83 
2008/2/5,2.51 
2008/2/13,2.69 
2008/2/14,3.16 
2008/2/15,3.08 
2008/2/18,2.56 
2008/2/19,3.25 
2008/2/20,3.08 
2008/2/21,3.60 
2008/2/22,3.78 
2008/2/25,5.09 
2008/2/26,5.73 
2008/2/27,3.59 
2008/2/28,2.85 
2008/2/29,2.84 
2008/3/3,3.02 
2008/3/4,2.96 
2008/3/5,3.09 
2008/3/6,2.74 
2008/3/7,2.42 
2008/3/10,2.34 
2008/3/11,2.51 
2008/3/12,2.68 
2008/3/13,2.57 
2008/3/14,2.57 
2008/3/17,2.53 
2008/3/18,2.49 
2008/3/19,2.49 
2008/3/20,2.44 
2008/3/21,2.50 
2008/3/24,2.41 
2008/3/25,2.51 
2008/3/26,2.48 
2008/3/27,2.51 
2008/3/28,2.37 
2008/3/31,2.89 
2008/4/1,3.12 
2008/4/2,3.15 
2008/4/3,2.73 
2008/4/7,3.25 
2008/4/8,3.78 
2008/4/9,4.60 
2008/4/10,4.15 
2008/4/11,2.94 
2008/4/14,2.82 
2008/4/15,3.49 
2008/4/16,4.27 
2008/4/17,3.69 
2008/4/18,2.90 
2008/4/21,2.87 
2008/4/22,3.23 
2008/4/23,2.82 
2008/4/24,2.79 
2008/4/25,2.96 
2008/4/28,2.89 
2008/4/29,2.95 
2008/4/30,2.80 
2008/5/4,2.82 
2008/5/5,2.96 
2008/5/6,3.35 
2008/5/7,3.14 
2008/5/8,3.06 
2008/5/9,3.05 
2008/5/12,3.20 
2008/5/13,3.44 
2008/5/14,3.54 
2008/5/15,3.60 
2008/5/16,3.88 
2008/5/19,3.96 
2008/5/20,3.99 
2008/5/21,3.77 
2008/5/22,3.87 
2008/5/23,3.52 
2008/5/26,3.50 
2008/5/27,3.46 
2008/5/28,3.09 
2008/5/29,3.25 
2008/5/30,3.15 
2008/6/2,3.15 
2008/6/3,3.18 
2008/6/4,3.29 
2008/6/5,3.33 
2008/6/6,3.34 
2008/6/10,5.02 
2008/6/11,4.13 
2008/6/12,3.58 
2008/6/13,3.44 
2008/6/16,3.37 
2008/6/17,3.25 
2008/6/18,3.21 
2008/6/19,3.40 
2008/6/20,3.33 
2008/6/23,3.08 
2008/6/24,3.12 
2008/6/25,3.21 
2008/6/26,3.33 
2008/6/27,3.43 
2008/6/30,3.30 
2008/7/1,2.95 
2008/7/2,3.15 
2008/7/3,2.97 
2008/7/4,2.89 
2008/7/7,2.92 
2008/7/8,3.20 
2008/7/9,3.17 
2008/7/10,2.98 
2008/7/11,2.76 
2008/7/14,3.00 
2008/7/15,3.07 
2008/7/16,2.91 
2008/7/17,3.04 
2008/7/18,3.16 
2008/7/21,3.08 
2008/7/22,3.13 
2008/7/23,2.99 
2008/7/24,3.11 
2008/7/25,3.14 
2008/7/28,3.25 
2008/7/29,3.40 
2008/7/30,3.12 
2008/7/31,3.81 
2008/8/1,3.81 
2008/8/4,3.90 
2008/8/5,4.02 
2008/8/6,3.82 
2008/8/7,3.32 
2008/8/8,3.17 
2008/8/11,3.18 
2008/8/12,3.18 
2008/8/13,3.15 
2008/8/14,3.26 
2008/8/15,2.86 
2008/8/18,3.32 
2008/8/19,3.13 
2008/8/20,3.14 
2008/8/21,3.03 
2008/8/22,3.10 
2008/8/25,3.05 
2008/8/26,3.16 
2008/8/27,3.04 
2008/8/28,3.22 
2008/8/29,3.08 
2008/9/1,3.12 
2008/9/2,3.16 
2008/9/3,3.06 
2008/9/4,3.15 
2008/9/5,3.07 
2008/9/8,2.94 
2008/9/9,3.13 
2008/9/10,3.03 
2008/9/11,3.03 
2008/9/12,3.03 
2008/9/16,3.01 
2008/9/17,3.11 
2008/9/18,3.20 
2008/9/19,3.35 
2008/9/22,3.50 
2008/9/23,3.51 
2008/9/24,3.54 
2008/9/25,3.43 
2008/9/26,3.45 
2008/9/27,3.46 
2008/9/28,3.27 
2008/10/6,3.62 
2008/10/7,3.74 
2008/10/8,3.42 
2008/10/9,3.35 
2008/10/10,3.43 
2008/10/13,3.36 
2008/10/14,3.23 
2008/10/15,3.29 
2008/10/16,3.29 
2008/10/17,3.04 
2008/10/20,3.02 
2008/10/21,3.00 
2008/10/22,2.96 
2008/10/23,3.01 
2008/10/24,2.99 
2008/10/27,2.93 
2008/10/28,2.91 
2008/10/29,2.94 
2008/10/30,2.94 
2008/10/31,2.83 
2008/11/3,2.89 
2008/11/4,2.97 
2008/11/5,2.88 
2008/11/6,2.86 
2008/11/7,2.80 
2008/11/10,2.81 
2008/11/11,2.81 
2008/11/12,2.79 
2008/11/13,2.70 
2008/11/14,2.73 
2008/11/17,2.69 
2008/11/18,2.65 
2008/11/19,2.64 
2008/11/20,2.62 
2008/11/21,2.52 
2008/11/24,2.61 
2008/11/25,2.59 
2008/11/26,2.58 
2008/11/27,1.93 
2008/11/28,2.11 
2008/12/1,1.97 
2008/12/2,1.98 
2008/12/3,1.97 
2008/12/4,2.04 
2008/12/5,1.90 
2008/12/8,1.82 
2008/12/9,1.74 
2008/12/10,1.59 
2008/12/11,1.60 
2008/12/12,1.49 
2008/12/15,1.54 
2008/12/16,1.53 
2008/12/17,1.46 
2008/12/18,1.42 
2008/12/19,1.43 
2008/12/22,1.41 
2008/12/23,1.37 
2008/12/24,1.26 
2008/12/25,1.23 
2008/12/26,1.21 
2008/12/29,1.26 
2008/12/30,1.12 
2008/12/31,1.12 
2009/1/4,1.15 
2009/1/5,1.19 
2009/1/6,1.05 
2009/1/7,1.03 
2009/1/8,1.03 
2009/1/9,1.06 
2009/1/12,0.99 
2009/1/13,1.10 
2009/1/14,1.00 
2009/1/15,0.92 
2009/1/16,0.92 
2009/1/19,0.99 
2009/1/20,0.96 
2009/1/21,1.11 
2009/1/22,1.04 
2009/1/23,1.04 
2009/1/24,0.89 
2009/2/1,0.99 
2009/2/2,0.93 
2009/2/3,1.01 
2009/2/4,0.97 
2009/2/5,1.12 
2009/2/6,0.96 
2009/2/9,0.99 
2009/2/10,0.98 
2009/2/11,0.98 
2009/2/12,0.97 
2009/2/13,1.24 
2009/2/16,0.98 
2009/2/17,1.02 
2009/2/18,0.99 
2009/2/19,0.98 
2009/2/20,0.99 
2009/2/23,1.03 
2009/2/24,1.01 
2009/2/25,0.99 
2009/2/26,1.00 
2009/2/27,0.97 
2009/3/2,0.98 
2009/3/3,0.95 
2009/3/4,1.01 
2009/3/5,1.02 
2009/3/6,0.96 
2009/3/9,1.02 
2009/3/10,0.93 
2009/3/11,0.95 
2009/3/12,0.96 
2009/3/13,0.98 
2009/3/16,0.99 
2009/3/17,1.01 
2009/3/18,0.97 
2009/3/19,1.03 
2009/3/20,1.07 
2009/3/23,1.02 
2009/3/24,1.03 
2009/3/25,0.96 
2009/3/26,1.08 
2009/3/27,1.02 
2009/3/30,0.98 
2009/3/31,1.02 
2009/4/1,1.11 
2009/4/2,1.01 
2009/4/3,1.01 
2009/4/7,1.02 
2009/4/8,0.96 
2009/4/9,0.97 
2009/4/10,0.96 
2009/4/13,1.04 
2009/4/14,0.95 
2009/4/15,0.98 
2009/4/16,0.94 
2009/4/17,0.96 
2009/4/20,0.94 
2009/4/21,1.00 
2009/4/22,1.00 
2009/4/23,0.98 
2009/4/24,0.99 
2009/4/27,1.06 
2009/4/28,1.05 
2009/4/29,0.98 
2009/4/30,1.01 
2009/5/4,1.06 
2009/5/5,0.99 
2009/5/6,1.02 
2009/5/7,1.03 
2009/5/8,0.98 
2009/5/11,0.96 
2009/5/12,0.99 
2009/5/13,1.09 
2009/5/14,1.00 
2009/5/15,0.99 
2009/5/18,0.96 
2009/5/19,1.06 
2009/5/20,0.99 
2009/5/21,1.08 
2009/5/22,1.00 
2009/5/25,0.98 
2009/5/26,0.98 
2009/5/27,0.96 
2009/5/31,0.96 
2009/6/1,0.97 
2009/6/2,1.06 
2009/6/3,0.96 
2009/6/4,1.04 
2009/6/5,1.02 
2009/6/8,0.97 
2009/6/9,1.00 
2009/6/10,0.98 
2009/6/11,0.98 
2009/6/12,1.03 
2009/6/15,0.97 
2009/6/16,0.97 
2009/6/17,0.96 
2009/6/18,0.98 
2009/6/19,1.06 
2009/6/22,1.10 
2009/6/23,1.13 
2009/6/24,1.21 
2009/6/25,1.16 
2009/6/26,1.19 
2009/6/29,1.22 
2009/6/30,1.24 
2009/7/1,1.19 
2009/7/2,1.30 
2009/7/3,1.26 
2009/7/6,1.24 
2009/7/7,1.26 
2009/7/8,1.27 
2009/7/9,1.24 
2009/7/10,1.22 
2009/7/13,1.29 
2009/7/14,1.41 
2009/7/15,1.49 
2009/7/16,1.56 
2009/7/17,1.59 
2009/7/20,1.81 
2009/7/21,2.12 
2009/7/22,2.02 
2009/7/23,1.94 
2009/7/24,1.70 
2009/7/27,1.64 
2009/7/28,1.58 
2009/7/29,1.53 
2009/7/30,1.61 
2009/7/31,1.94 
2009/8/3,2.14 
2009/8/4,1.57 
2009/8/5,1.78 
2009/8/6,1.56 
2009/8/7,1.65 
2009/8/10,1.63 
2009/8/11,1.58 
2009/8/12,1.50 
2009/8/13,1.44 
2009/8/14,1.44 
2009/8/17,1.40 
2009/8/18,1.32 
2009/8/19,1.30 
2009/8/20,1.33 
2009/8/21,1.30 
2009/8/24,1.29 
2009/8/25,1.38 
2009/8/26,1.41 
2009/8/27,1.44 
2009/8/28,1.40 
2009/8/31,1.49 
2009/9/1,1.33 
2009/9/2,1.63 
2009/9/3,1.68 
2009/9/4,1.68 
2009/9/7,1.75 
2009/9/8,1.74 
2009/9/9,1.69 
2009/9/10,1.62 
2009/9/11,1.41 
2009/9/14,1.48 
2009/9/15,1.45 
2009/9/16,1.50 
2009/9/17,1.48 
2009/9/18,1.50 
2009/9/21,1.63 
2009/9/22,1.60 
2009/9/23,1.63 
2009/9/24,1.71 
2009/9/25,1.60 
2009/9/27,1.61 
2009/9/28,1.55 
2009/9/29,1.65 
2009/9/30,1.82 
2009/10/9,1.73 
2009/10/10,1.68 
2009/10/12,1.58 
2009/10/13,1.57 
2009/10/14,1.64 
2009/10/15,1.58 
2009/10/16,1.54 
2009/10/19,1.55 
2009/10/20,1.52 
2009/10/21,1.53 
2009/10/22,1.54 
2009/10/23,1.50 
2009/10/26,1.50 
2009/10/27,1.48 
2009/10/28,1.47 
2009/10/29,1.42 
2009/10/30,1.39 
2009/11/2,1.41 
2009/11/3,1.49 
2009/11/4,1.44 
2009/11/5,1.43 
2009/11/6,1.47 
2009/11/9,1.50 
2009/11/10,1.51 
2009/11/11,1.44 
2009/11/12,1.58 
2009/11/13,1.42 
2009/11/16,1.40 
2009/11/17,1.45 
2009/11/18,1.42 
2009/11/19,1.40 
2009/11/20,1.46 
2009/11/23,1.47 
2009/11/24,1.46 
2009/11/25,1.44 
2009/11/26,1.61 
2009/11/27,1.51 
2009/11/30,1.49 
2009/12/1,1.49 
2009/12/2,1.48 
2009/12/3,1.53 
2009/12/4,1.50 
2009/12/7,1.51 
2009/12/8,1.49 
2009/12/9,1.51 
2009/12/10,1.47 
2009/12/11,1.50 
2009/12/14,1.50 
2009/12/15,1.46 
2009/12/16,1.51 
2009/12/17,1.48 
2009/12/18,1.48 
2009/12/21,1.47 
2009/12/22,1.46 
2009/12/23,1.42 
2009/12/24,1.41 
2009/12/25,1.47 
2009/12/28,1.56 
2009/12/29,1.61 
2009/12/30,1.60 
2009/12/31,1.86 
2010/1/4,1.50 
2010/1/5,1.46 
2010/1/6,1.46 
2010/1/7,1.45 
2010/1/8,1.41 
2010/1/11,1.43 
2010/1/12,1.50 
2010/1/13,1.44 
2010/1/14,1.47 
2010/1/15,1.45 
2010/1/18,1.45 
2010/1/19,1.44 
2010/1/20,1.51 
2010/1/21,1.47 
2010/1/22,1.53 
2010/1/25,1.42 
2010/1/26,1.56 
2010/1/27,1.55 
2010/1/28,1.87 
2010/1/29,1.88 
2010/2/1,1.86 
2010/2/2,1.77 
2010/2/3,1.80 
2010/2/4,1.83 
2010/2/5,1.73 
2010/2/8,1.88 
2010/2/9,1.95 
2010/2/10,1.89 
2010/2/11,2.62 
2010/2/12,2.70 
2010/2/20,2.17 
2010/2/21,1.51 
2010/2/22,1.52 
2010/2/23,1.60 
2010/2/24,1.66 
2010/2/25,1.71 
2010/2/26,1.67 
2010/3/1,1.67 
2010/3/2,1.77 
2010/3/3,1.77 
2010/3/4,1.69 
2010/3/5,1.70 
2010/3/8,1.71 
2010/3/9,1.70 
2010/3/10,1.73 
2010/3/11,1.73 
2010/3/12,1.72 
2010/3/15,1.69 
2010/3/16,1.65 
2010/3/17,1.67 
2010/3/18,1.70 
2010/3/19,1.64 
2010/3/22,1.61 
2010/3/23,1.61 
2010/3/24,1.60 
2010/3/25,1.59 
2010/3/26,1.58 
2010/3/29,1.61 
2010/3/30,1.68 
2010/3/31,1.71 
2010/4/1,1.62 
2010/4/2,1.59 
2010/4/6,1.61 
2010/4/7,1.71 
2010/4/8,1.74 
2010/4/9,1.70 
2010/4/12,1.69 
2010/4/13,1.70 
2010/4/14,1.66 
2010/4/15,1.70 
2010/4/16,1.67 
2010/4/19,1.62 
2010/4/20,1.65 
2010/4/21,1.70 
2010/4/22,1.63 
2010/4/23,1.71 
2010/4/26,1.69 
2010/4/27,1.65 
2010/4/28,1.63 
2010/4/29,1.61 
2010/4/30,1.66 
2010/5/4,1.67 
2010/5/5,1.66 
2010/5/6,1.70 
2010/5/7,1.73 
2010/5/10,1.72 
2010/5/11,1.74 
2010/5/12,1.72 
2010/5/13,1.78 
2010/5/14,1.76 
2010/5/17,1.76 
2010/5/18,1.77 
2010/5/19,1.79 
2010/5/20,1.81 
2010/5/21,1.86 
2010/5/24,1.90 
2010/5/25,2.17 
2010/5/26,2.36 
2010/5/27,2.42 
2010/5/28,2.34 
2010/5/31,2.45 
2010/6/1,3.20 
2010/6/2,3.27 
2010/6/3,3.21 
2010/6/4,2.22 
2010/6/7,1.93 
2010/6/8,2.19 
2010/6/9,2.24 
2010/6/10,2.48 
2010/6/11,2.75 
2010/6/12,2.75 
2010/6/13,2.69 
2010/6/17,2.59 
2010/6/18,2.71 
2010/6/21,2.68 
2010/6/22,2.84 
2010/6/23,2.72 
2010/6/24,2.93 
2010/6/25,3.15 
2010/6/28,2.92 
2010/6/29,2.95 
2010/6/30,2.67 
2010/7/1,2.66 
2010/7/2,2.62 
2010/7/5,2.59 
2010/7/6,2.70 
2010/7/7,2.46 
2010/7/8,2.49 
2010/7/9,2.24 
2010/7/12,2.08 
2010/7/13,2.02 
2010/7/14,1.84 
2010/7/15,1.89 
2010/7/16,1.88 
2010/7/19,1.87 
2010/7/20,1.94 
2010/7/21,1.87 
2010/7/22,1.73 
2010/7/23,1.80 
2010/7/26,1.74 
2010/7/27,1.76 
2010/7/28,1.74 
2010/7/29,1.70 
2010/7/30,1.73 
2010/8/2,1.68 
2010/8/3,1.70 
2010/8/4,1.66 
2010/8/5,1.70 
2010/8/6,1.72 
2010/8/9,1.72 
2010/8/10,1.75 
2010/8/11,1.72 
2010/8/12,1.73 
2010/8/13,1.75 
2010/8/16,1.81 
2010/8/17,1.80 
2010/8/18,1.79 
2010/8/19,1.75 
2010/8/20,1.77 
2010/8/23,1.80 
2010/8/24,1.76 
2010/8/25,1.78 
2010/8/26,1.86 
2010/8/27,2.22 
2010/8/30,2.39 
2010/8/31,3.00 
2010/9/1,3.01 
2010/9/2,2.49 
2010/9/3,2.34 
2010/9/6,2.25 
2010/9/7,2.28 
2010/9/8,2.26 
2010/9/9,2.30 
2010/9/10,2.29 
2010/9/13,2.43 
2010/9/14,2.39 
2010/9/15,2.32 
2010/9/16,2.53 
2010/9/17,2.01 
2010/9/19,1.95 
2010/9/20,2.25 
2010/9/21,2.36 
2010/9/25,2.31 
2010/9/26,2.74 
2010/9/27,3.07 
2010/9/28,2.65 
2010/9/29,2.80 
2010/9/30,3.11 
2010/10/8,2.63 
2010/10/9,1.90 
2010/10/11,1.96 
2010/10/12,1.92 
2010/10/13,1.91 
2010/10/14,1.95 
2010/10/15,1.96 
2010/10/18,2.04 
2010/10/19,2.05 
2010/10/20,2.01 
2010/10/21,1.95 
2010/10/22,1.97 
2010/10/25,2.07 
2010/10/26,2.00 
2010/10/27,2.06 
2010/10/28,2.05 
2010/10/29,2.12 
2010/11/1,2.02 
2010/11/2,1.90 
2010/11/3,1.85 
2010/11/4,1.84 
2010/11/5,1.62 
2010/11/8,1.64 
2010/11/9,1.69 
2010/11/10,1.68 
2010/11/11,1.69 
2010/11/12,1.72 
2010/11/15,1.81 
2010/11/16,1.78 
2010/11/17,1.91 
2010/11/18,1.99 
2010/11/19,2.11 
2010/11/22,2.15 
2010/11/23,2.26 
2010/11/24,2.36 
2010/11/25,2.54 
2010/11/26,2.72 
2010/11/29,2.61 
2010/11/30,3.37 
2010/12/1,3.37 
2010/12/2,3.36 
2010/12/3,3.34 
2010/12/6,3.06 
2010/12/7,2.80 
2010/12/8,2.51 
2010/12/9,2.65 
2010/12/10,2.47 
2010/12/13,2.57 
2010/12/14,3.30 
2010/12/15,3.64 
2010/12/16,3.38 
2010/12/17,3.71 
2010/12/20,3.48 
2010/12/21,4.13 
2010/12/22,4.19 
2010/12/23,5.66 
2010/12/24,5.26 
2010/12/27,5.37 
2010/12/28,5.84 
2010/12/29,6.10 
2010/12/30,6.26 
2010/12/31,6.50 
2011/1/4,4.37 
2011/1/5,3.29 
2011/1/6,3.24 
2011/1/7,2.83 
2011/1/10,2.37 
2011/1/11,2.47 
2011/1/12,2.51 
2011/1/13,2.39 
2011/1/14,2.52 
2011/1/17,2.69 
2011/1/18,2.83 
2011/1/19,4.45 
2011/1/20,6.18 
2011/1/21,7.50 
2011/1/24,6.05 
2011/1/25,7.59 
2011/1/26,7.86 
2011/1/27,8.53 
2011/1/28,8.05 
2011/1/30,8.52 
2011/1/31,8.25 
2011/2/1,3.35 
2011/2/9,4.13 
2011/2/10,3.97 
2011/2/11,3.82 
2011/2/12,2.61 
2011/2/14,2.72 
2011/2/15,2.63 
2011/2/16,2.60 
2011/2/17,2.96 
2011/2/18,2.83 
2011/2/21,6.11 
2011/2/22,6.44 
2011/2/23,6.25 
2011/2/24,3.44 
2011/2/25,3.13 
2011/2/28,3.02 
2011/3/1,3.05 
2011/3/2,3.19 
2011/3/3,2.44 
2011/3/4,2.28 
2011/3/7,2.21 
2011/3/8,2.26 
2011/3/9,2.23 
2011/3/10,2.29 
2011/3/11,2.14 
2011/3/14,2.12 
2011/3/15,2.04 
2011/3/16,2.01 
2011/3/17,2.01 
2011/3/18,2.09 
2011/3/21,3.07 
2011/3/22,2.84 
2011/3/23,2.75 
2011/3/24,2.74 
2011/3/25,2.30 
2011/3/28,2.31 
2011/3/29,2.13 
2011/3/30,2.63 
2011/3/31,2.93 
2011/4/1,2.75 
2011/4/2,2.28 
2011/4/6,2.41 
2011/4/7,2.10 
2011/4/8,2.47 
2011/4/11,2.01 
2011/4/12,1.99 
2011/4/13,1.99 
2011/4/14,2.48 
2011/4/15,2.62 
2011/4/18,2.70 
2011/4/19,2.98 
2011/4/20,2.90 
2011/4/21,3.97 
2011/4/22,3.42 
2011/4/25,4.16 
2011/4/26,4.38 
2011/4/27,3.89 
2011/4/28,3.06 
2011/4/29,2.98 
2011/5/3,2.97 
2011/5/4,3.02 
2011/5/5,3.05 
2011/5/6,2.78 
2011/5/9,2.76 
2011/5/10,2.91 
2011/5/11,2.83 
2011/5/12,3.10 
2011/5/13,3.68 
2011/5/16,4.72 
2011/5/17,4.67 
2011/5/18,3.31 
2011/5/19,3.62 
2011/5/20,4.15 
2011/5/23,4.82 
2011/5/24,4.79 
2011/5/25,5.43 
2011/5/26,5.18 
2011/5/27,4.40 
2011/5/30,3.32 
2011/5/31,3.67 
2011/6/1,3.94 
2011/6/2,3.53 
2011/6/3,3.53 
2011/6/7,3.24 
2011/6/8,3.95 
2011/6/9,4.14 
2011/6/10,4.58 
2011/6/13,4.53 
2011/6/14,4.17 
2011/6/15,6.23 
2011/6/16,6.55 
2011/6/17,6.69 
2011/6/20,7.51 
2011/6/21,8.15 
2011/6/22,8.77 
2011/6/23,9.04 
2011/6/24,8.61 
2011/6/27,7.53 
2011/6/28,6.65 
2011/6/29,6.46 
2011/6/30,6.64 
2011/7/1,5.97 
2011/7/4,4.81 
2011/7/5,6.74 
2011/7/6,7.51 
2011/7/7,5.69 
2011/7/8,6.31 
2011/7/11,5.58 
2011/7/12,4.91 
2011/7/13,3.79 
2011/7/14,5.03 
2011/7/15,4.14 
2011/7/18,4.55 
2011/7/19,4.77 
2011/7/20,5.35 
2011/7/21,5.86 
2011/7/22,5.61 
2011/7/25,5.31 
2011/7/26,5.02 
2011/7/27,4.98 
2011/7/28,5.07 
2011/7/29,5.12 
2011/8/1,5.12 
2011/8/2,5.08 
2011/8/3,4.26 
2011/8/4,3.28 
2011/8/5,3.00 
2011/8/8,3.04 
2011/8/9,3.11 
2011/8/10,3.16 
2011/8/11,3.11 
2011/8/12,3.08 
2011/8/15,3.24 
2011/8/16,3.22 
2011/8/17,3.24 
2011/8/18,3.85 
2011/8/19,4.58 
2011/8/22,5.00 
2011/8/23,5.20 
2011/8/24,4.45 
2011/8/25,4.48 
2011/8/26,4.05 
2011/8/29,4.46 
2011/8/30,4.96 
2011/8/31,5.02 
2011/9/1,4.79 
2011/9/2,4.19 
2011/9/5,4.89 
2011/9/6,4.52 
2011/9/7,4.42 
2011/9/8,4.06 
2011/9/9,3.65 
2011/9/13,3.31 
2011/9/14,3.31 
2011/9/15,3.38 
2011/9/16,3.34 
2011/9/19,3.57 
2011/9/20,4.04 
2011/9/21,4.12 
2011/9/22,3.94 
2011/9/23,4.19 
2011/9/26,3.94 
2011/9/27,4.74 
2011/9/28,4.91 
2011/9/29,5.15 
2011/9/30,5.14 
2011/10/8,5.01 
2011/10/9,4.80 
2011/10/10,4.46 
2011/10/11,4.24 
2011/10/12,3.31 
2011/10/13,3.16 
2011/10/14,3.16 
2011/10/17,3.38 
2011/10/18,3.52 
2011/10/19,3.36 
2011/10/20,3.48 
2011/10/21,3.45 
2011/10/24,3.42 
2011/10/25,4.00 
2011/10/26,4.08 
2011/10/27,4.60 
2011/10/28,4.99 
2011/10/31,4.97 
2011/11/1,4.37 
2011/11/2,3.72 
2011/11/3,3.42 
2011/11/4,3.51 
2011/11/7,3.62 
2011/11/8,3.57 
2011/11/9,3.53 
2011/11/10,3.52 
2011/11/11,3.49 
2011/11/14,3.32 
2011/11/15,3.33 
2011/11/16,3.35 
2011/11/17,3.56 
2011/11/18,3.73 
2011/11/21,4.21 
2011/11/22,4.42 
2011/11/23,4.36 
2011/11/24,4.14 
2011/11/25,4.06 
2011/11/28,3.99 
2011/11/29,3.66 
2011/11/30,4.02 
2011/12/1,3.98 
2011/12/2,3.69 
2011/12/5,3.30 
2011/12/6,3.41 
2011/12/7,3.44 
2011/12/8,3.49 
2011/12/9,3.52 
2011/12/12,3.55 
2011/12/13,3.50 
2011/12/14,3.24 
2011/12/15,3.45 
2011/12/16,3.09 
2011/12/19,3.02 
2011/12/20,3.24 
2011/12/21,3.64 
2011/12/22,3.80 
2011/12/23,3.76 
2011/12/26,4.42 
2011/12/27,4.48 
2011/12/28,4.82 
2011/12/29,5.49 
2011/12/30,5.59 
2011/12/31,6.36 
2012/1/4,4.07 
2012/1/5,4.54 
2012/1/6,4.37 
2012/1/9,4.51 
2012/1/10,4.13 
2012/1/11,4.04 
2012/1/12,4.19 
2012/1/13,4.91 
2012/1/16,5.85 
2012/1/17,8.08 
2012/1/18,8.51 
2012/1/19,6.23 
2012/1/20,5.03 
2012/1/21,3.55 
2012/1/29,4.29 
2012/1/30,4.40 
2012/1/31,4.35 
2012/2/1,4.39 
2012/2/2,4.35 
2012/2/3,3.37 
2012/2/6,3.47 
2012/2/7,3.51 
2012/2/8,3.72 
2012/2/9,3.71 
2012/2/10,3.66 
2012/2/13,3.68 
2012/2/14,3.82 
2012/2/15,3.96 
2012/2/16,4.41 
2012/2/17,5.49 
2012/2/20,5.41 
2012/2/21,5.27 
2012/2/22,5.16 
2012/2/23,5.50 
2012/2/24,4.55 
2012/2/27,3.71 
2012/2/28,3.73 
2012/2/29,3.54 
2012/3/1,3.28 
2012/3/2,3.34 
2012/3/5,3.20 
2012/3/6,3.15 
2012/3/7,3.12 
2012/3/8,2.95 
2012/3/9,2.98 
2012/3/12,2.85 
2012/3/13,2.99 
2012/3/14,3.01 
2012/3/15,2.88 
2012/3/16,2.90 
2012/3/19,2.93 
2012/3/20,3.05 
2012/3/21,3.11 
2012/3/22,3.17 
2012/3/23,2.99 
2012/3/26,3.34 
2012/3/27,3.36 
2012/3/28,3.81 
2012/3/29,3.53 
2012/3/30,3.75 
2012/3/31,3.53 
2012/4/1,3.45 
2012/4/5,4.01 
2012/4/6,4.25 
2012/4/9,3.76 
2012/4/10,3.72 
2012/4/11,3.82 
2012/4/12,3.82 
2012/4/13,3.82 
2012/4/16,3.82 
2012/4/17,3.77 
2012/4/18,3.75 
2012/4/19,3.82 
2012/4/20,3.98 
2012/4/23,3.71 
2012/4/24,3.82 
2012/4/25,3.93 
2012/4/26,4.02 
2012/4/27,3.94 
2012/4/28,3.83 
2012/5/2,3.82 
2012/5/3,3.91 
2012/5/4,3.67 
2012/5/7,3.77 
2012/5/8,3.73 
2012/5/9,3.33 
2012/5/10,3.23 
2012/5/11,3.18 
2012/5/14,3.19 
2012/5/15,2.87 
2012/5/16,2.81 
2012/5/17,2.68 
2012/5/18,2.78 
2012/5/21,2.71 
2012/5/22,2.68 
2012/5/23,2.44 
2012/5/24,2.25 
2012/5/25,2.45 
2012/5/28,2.55 
2012/5/29,2.59 
2012/5/30,2.38 
2012/5/31,2.16 
2012/6/1,2.41 
2012/6/4,2.62 
2012/6/5,2.63 
2012/6/6,2.62 
2012/6/7,2.71 
2012/6/8,2.48 
2012/6/11,2.43 
2012/6/12,2.56 
2012/6/13,2.75 
2012/6/14,2.74 
2012/6/15,2.74 
2012/6/18,2.62 
2012/6/19,2.97 
2012/6/20,3.52 
2012/6/21,4.41 
2012/6/25,4.37 
2012/6/26,4.37 
2012/6/27,4.21 
2012/6/28,4.00 
2012/6/29,4.16 
2012/7/2,4.17 
2012/7/3,4.18 
2012/7/4,3.94 
2012/7/5,4.01 
2012/7/6,3.53 
2012/7/9,3.35 
2012/7/10,3.33 
2012/7/11,3.31 
2012/7/12,3.23 
2012/7/13,3.33 
2012/7/16,3.31 
2012/7/17,3.32 
2012/7/18,3.49 
2012/7/19,3.56 
2012/7/20,3.67 
2012/7/23,3.56 
2012/7/24,3.40 
2012/7/25,3.40 
2012/7/26,3.42 
2012/7/27,3.19 
2012/7/30,3.17 
2012/7/31,3.39 
2012/8/1,3.50 
2012/8/2,3.54 
2012/8/3,3.49 
2012/8/6,3.53 
2012/8/7,3.25 
2012/8/8,3.28 
2012/8/9,3.34 
2012/8/10,3.34 
2012/8/13,3.43 
2012/8/14,3.40 
2012/8/15,3.43 
2012/8/16,3.55 
2012/8/17,3.96 
2012/8/20,3.74 
2012/8/21,3.75 
2012/8/22,3.83 
2012/8/23,3.85 
2012/8/24,3.63 
2012/8/27,3.47 
2012/8/28,3.11 
2012/8/29,3.57 
2012/8/30,3.64 
2012/8/31,3.50 
2012/9/3,3.42 
2012/9/4,2.53 
2012/9/5,3.46 
2012/9/6,3.46 
2012/9/7,3.42 
2012/9/10,3.04 
2012/9/11,3.02 
2012/9/12,3.50 
2012/9/13,3.46 
2012/9/14,3.37 
2012/9/17,3.28 
2012/9/18,3.19 
2012/9/19,3.40 
2012/9/20,3.95 
2012/9/21,4.45 
2012/9/24,4.56 
2012/9/25,4.74 
2012/9/26,3.91 
2012/9/27,3.88 
2012/9/28,3.04 
2012/9/29,3.46 
2012/10/8,3.90 
2012/10/9,3.77 
2012/10/10,3.18 
2012/10/11,3.18 
2012/10/12,3.19 
2012/10/15,2.94 
2012/10/16,2.90 
2012/10/17,2.88 
2012/10/18,2.71 
2012/10/19,2.70 
2012/10/22,2.71 
2012/10/23,2.92 
2012/10/24,3.17 
2012/10/25,3.68 
2012/10/26,3.86 
2012/10/29,4.29 
2012/10/30,3.32 
2012/10/31,3.26 
2012/11/1,3.46 
2012/11/2,3.41 
2012/11/5,3.38 
2012/11/6,3.23 
2012/11/7,3.14 
2012/11/8,3.31 
2012/11/9,3.18 
2012/11/12,3.09 
2012/11/13,3.29 
2012/11/14,3.37 
2012/11/15,3.40 
2012/11/16,2.93 
2012/11/19,3.21 
2012/11/20,3.38 
2012/11/21,3.30 
2012/11/22,3.29 
2012/11/23,2.88 
2012/11/26,2.93 
2012/11/27,2.92 
2012/11/28,3.46 
2012/11/29,3.36 
2012/11/30,3.55 
2012/12/3,3.43 
2012/12/4,2.98 
2012/12/5,2.89 
2012/12/6,2.91 
2012/12/7,3.16 
2012/12/10,2.95 
2012/12/11,3.11 
2012/12/12,3.14 
2012/12/13,2.77 
2012/12/14,3.09 
2012/12/17,3.06 
2012/12/18,3.02 
2012/12/19,3.18 
2012/12/20,3.52 
2012/12/21,3.44 
2012/12/24,3.27 
2012/12/25,3.98 
2012/12/26,3.99 
2012/12/27,4.28 
2012/12/28,4.14 
2012/12/31,4.59 
2013/1/4,4.09 
2013/1/5,3.84 
2013/1/6,3.60 
2013/1/7,3.31 
2013/1/8,3.22 
2013/1/9,3.05 
2013/1/10,2.99 
2013/1/11,2.81 
2013/1/14,2.91 
2013/1/15,2.97 
2013/1/16,2.87 
2013/1/17,3.06 
2013/1/18,2.95 
2013/1/21,3.07 
2013/1/22,3.15 
2013/1/23,3.02 
2013/1/24,2.90 
2013/1/25,2.74 
2013/1/28,3.05 
2013/1/29,3.12 
2013/1/30,3.31 
2013/1/31,3.31 
2013/2/1,3.46 
2013/2/4,3.60 
2013/2/5,3.70 
2013/2/6,3.90 
2013/2/7,4.19 
2013/2/8,3.54 
2013/2/16,2.92 
2013/2/17,3.06 
2013/2/18,2.98 
2013/2/19,2.99 
2013/2/20,3.03 
2013/2/21,2.99 
2013/2/22,3.11 
2013/2/25,3.32 
2013/2/26,3.88 
2013/2/27,4.31 
2013/2/28,4.40 
2013/3/1,4.41 
2013/3/4,4.38 
2013/3/5,3.24 
2013/3/6,3.02 
2013/3/7,2.56 
2013/3/8,2.55 
2013/3/11,3.08 
2013/3/12,3.13 
2013/3/13,3.05 
2013/3/14,3.18 
2013/3/15,3.54 
2013/3/18,3.15 
2013/3/19,2.99 
2013/3/20,3.31 
2013/3/21,3.09 
2013/3/22,3.08 
2013/3/25,3.01 
2013/3/26,3.10 
2013/3/27,2.97 
2013/3/28,3.22 
2013/3/29,3.57 
2013/4/1,3.45 
2013/4/2,3.52 
2013/4/3,3.29 
2013/4/7,3.33 
2013/4/8,3.32 
2013/4/9,3.33 
2013/4/10,3.21 
2013/4/11,3.09 
2013/4/12,3.13 
2013/4/15,3.06 
2013/4/16,3.18 
2013/4/17,3.03 
2013/4/18,3.03 
2013/4/19,3.11 
2013/4/22,3.18 
2013/4/23,3.75 
2013/4/24,4.94 
2013/4/25,5.04 
2013/4/26,3.62 
2013/4/27,3.52 
2013/4/28,3.09 
2013/5/2,3.01 
2013/5/3,3.30 
2013/5/6,3.24 
2013/5/7,3.22 
2013/5/8,3.25 
2013/5/9,3.32 
2013/5/10,3.06 
2013/5/13,2.99 
2013/5/14,2.85 
2013/5/15,2.93 
2013/5/16,3.27 
2013/5/17,3.68 
2013/5/20,4.32 
2013/5/21,4.43 
2013/5/22,4.13 
2013/5/23,4.38 
2013/5/24,4.18 
2013/5/27,4.14 
2013/5/28,3.55 
2013/5/29,3.73 
2013/5/30,4.29 
2013/5/31,4.88 
2013/6/3,4.71 
2013/6/4,4.81 
2013/6/5,4.89 
2013/6/6,5.61 
2013/6/7,6.99 
2013/6/8,7.67 
2013/6/9,6.48 
2013/6/13,6.84 
2013/6/14,7.00 
2013/6/17,6.89 
2013/6/18,6.75 
2013/6/19,8.19 
2013/6/20,12.25 
2013/6/21,9.25 
2013/6/24,7.88 
2013/6/25,7.76 
2013/6/26,7.27 
2013/6/27,6.89 
2013/6/28,6.46 
2013/7/1,5.49 
2013/7/2,4.68 
2013/7/3,4.32 
2013/7/4,3.96 
2013/7/5,3.86 
2013/7/8,3.69 
2013/7/9,3.61 
2013/7/10,3.68 
2013/7/11,3.87 
2013/7/12,3.84 
2013/7/15,3.84 
2013/7/16,3.73 
2013/7/17,3.64 
2013/7/18,3.74 
2013/7/19,3.92 
2013/7/22,3.98 
2013/7/23,4.03 
2013/7/24,4.11 
2013/7/25,4.24 
2013/7/26,4.76 
2013/7/29,5.17 
2013/7/30,5.01 
2013/7/31,5.03 
2013/8/1,4.64 
2013/8/2,4.44 
2013/8/5,4.45 
2013/8/6,4.19 
2013/8/7,3.89 
2013/8/8,3.80 
2013/8/9,3.67 
2013/8/12,3.67 
2013/8/13,3.78 
2013/8/14,4.00 
2013/8/15,4.04 
2013/8/16,3.84 
2013/8/19,4.14 
2013/8/20,4.49 
2013/8/21,4.31 
2013/8/22,4.19 
2013/8/23,4.22 
2013/8/26,4.11 
2013/8/27,4.32 
2013/8/28,4.32 
2013/8/29,4.40 
2013/8/30,3.82 
2013/9/2,3.80 
2013/9/3,3.79 
2013/9/4,3.58 
2013/9/5,3.51 
2013/9/6,3.53 
2013/9/9,3.62 
2013/9/10,3.69 
2013/9/11,3.62 
2013/9/12,3.62 
2013/9/13,3.70 
2013/9/16,3.60 
2013/9/17,3.71 
2013/9/18,3.84 
2013/9/22,3.97 
2013/9/23,4.35 
2013/9/24,4.70 
2013/9/25,4.70 
2013/9/26,4.32 
2013/9/27,4.20 
2013/9/29,3.89 
2013/9/30,4.40 
2013/10/8,4.52 
2013/10/9,4.51 
2013/10/10,4.57 
2013/10/11,4.26 
2013/10/12,4.21 
2013/10/14,4.00 
2013/10/15,4.08 
2013/10/16,3.37 
2013/10/17,3.42 
2013/10/18,3.70 
2013/10/21,3.64 
2013/10/22,3.72 
2013/10/23,4.13 
2013/10/24,4.85 
2013/10/25,5.22 
2013/10/28,5.06 
2013/10/29,5.20 
2013/10/30,5.67 
2013/10/31,5.09 
2013/11/1,4.67 
2013/11/4,4.51 
2013/11/5,4.35 
2013/11/6,3.91 
2013/11/7,3.94 
2013/11/8,4.04 
2013/11/11,3.83 
2013/11/12,3.78 
2013/11/13,3.78 
2013/11/14,4.23 
2013/11/15,5.40 
2013/11/18,5.47 
2013/11/19,4.96 
2013/11/20,4.89 
2013/11/21,4.77 
2013/11/22,4.91 
2013/11/25,4.87 
2013/11/26,4.98 
2013/11/27,4.75 
2013/11/28,4.90 
2013/11/29,4.75 
2013/12/2,4.68 
2013/12/3,4.70 
2013/12/4,4.64 
2013/12/5,4.63 
2013/12/6,4.63 
2013/12/9,4.57 
2013/12/10,4.55 
2013/12/11,4.38 
2013/12/12,4.33 
2013/12/13,4.37 
2013/12/16,4.49 
2013/12/17,4.64 
2013/12/18,6.10 
2013/12/19,6.75 
2013/12/20,7.75 
2013/12/23,8.84 
2013/12/24,6.80 
2013/12/25,5.67 
2013/12/26,5.42 
2013/12/27,5.14 
2013/12/30,4.92 
2013/12/31,5.31 
2014/1/2,5.02 
2014/1/3,4.78 
2014/1/6,4.71 
2014/1/7,4.38 
2014/1/8,4.22 
2014/1/9,4.06 
2014/1/10,4.20 
2014/1/13,4.25 
2014/1/14,4.08 
2014/1/15,4.12 
2014/1/16,4.40 
2014/1/17,4.96 
2014/1/20,6.64 
2014/1/21,5.62 
2014/1/22,5.33 
2014/1/23,5.34 
2014/1/24,4.56 
2014/1/26,4.83 
2014/1/27,5.40 
2014/1/28,5.97 
2014/1/29,5.81 
2014/1/30,5.29 
2014/2/7,5.50 
2014/2/8,5.27 
2014/2/10,5.35 
2014/2/11,5.26 
2014/2/12,5.20 
2014/2/13,5.08 
2014/2/14,4.64 
2014/2/17,4.01 
2014/2/18,3.96 
2014/2/19,3.82 
2014/2/20,3.84 
2014/2/21,3.58 
2014/2/24,3.42 
2014/2/25,3.41 
2014/2/26,3.16 
2014/2/27,3.51 
2014/2/28,3.68 
2014/3/3,3.11 
2014/3/4,3.56 
2014/3/5,3.86 
2014/3/6,2.66 
2014/3/7,2.60 
2014/3/10,2.48 
2014/3/11,2.39 
2014/3/12,2.34 
2014/3/13,2.78 
2014/3/14,2.68 
2014/3/17,2.72 
2014/3/18,2.96 
2014/3/19,3.53 
2014/3/20,3.53 
2014/3/21,3.62 
2014/3/24,3.69 
2014/3/25,3.85 
2014/3/26,4.01 
2014/3/27,4.88 
2014/3/28,4.30 
2014/3/31,4.30 
2014/4/1,4.23 
2014/4/2,4.25 
2014/4/3,4.27 
2014/4/4,3.18 
2014/4/8,3.64 
2014/4/9,3.72 
2014/4/10,3.78 
2014/4/11,3.80 
2014/4/14,3.63 
2014/4/15,3.55 
2014/4/16,2.79 
2014/4/17,2.97 
2014/4/18,2.90 
2014/4/21,2.89 
2014/4/22,3.25 
2014/4/23,3.16 
2014/4/24,3.63 
2014/4/25,3.54 
2014/4/28,4.13 
2014/4/29,4.23 
2014/4/30,3.97 
2014/5/4,3.70 
2014/5/5,3.20 
2014/5/6,3.17 
2014/5/7,3.19 
2014/5/8,3.27 
2014/5/9,3.25 
2014/5/12,3.32 
2014/5/13,3.31 
2014/5/14,3.29 
2014/5/15,3.18 
2014/5/16,3.17 
2014/5/19,3.19 
2014/5/20,3.48 
2014/5/21,3.42 
2014/5/22,3.49 
2014/5/23,3.62 
2014/5/26,3.37 
2014/5/27,3.27 
2014/5/28,3.24 
2014/5/29,3.29 
2014/5/30,3.38 
2014/6/3,3.28 
2014/6/4,3.20 
2014/6/5,3.18 
2014/6/6,3.27 
2014/6/9,3.19 
2014/6/10,3.27 
2014/6/11,3.26 
2014/6/12,3.24 
2014/6/13,3.10 
2014/6/16,3.20 
2014/6/17,3.24 
2014/6/18,3.32 
2014/6/19,3.50 
2014/6/20,3.61 
2014/6/23,3.62 
2014/6/24,3.76 
2014/6/25,3.99 
2014/6/26,3.76 
2014/6/27,3.92 
2014/6/30,3.99 
2014/7/1,4.47 
2014/7/2,4.11 
2014/7/3,3.52 
2014/7/4,3.50 
2014/7/7,3.57 
2014/7/8,3.66 
2014/7/9,3.89 
2014/7/10,3.89 
2014/7/11,3.80 
2014/7/14,3.90 
2014/7/15,3.76 
2014/7/16,3.71 
2014/7/17,3.87 
2014/7/18,3.85 
2014/7/21,4.11 
2014/7/22,4.19 
2014/7/23,4.54 
2014/7/24,4.38 
2014/7/25,4.27 
2014/7/28,4.20 
2014/7/29,4.00 
2014/7/30,3.99 
2014/7/31,4.06 
2014/8/1,3.99 
2014/8/4,3.95 
2014/8/5,3.79 
2014/8/6,3.60 
2014/8/7,3.66 
2014/8/8,3.56 
2014/8/11,3.54 
2014/8/12,3.42 
2014/8/13,3.46 
2014/8/14,3.46 
2014/8/15,3.44 
2014/8/18,3.45 
2014/8/19,3.43 
2014/8/20,3.43 
2014/8/21,3.50 
2014/8/22,3.60 
2014/8/25,3.76 
2014/8/26,3.59 
2014/8/27,3.62 
2014/8/28,3.81 
2014/8/29,3.81 
2014/9/1,3.66 
2014/9/2,3.66 
2014/9/3,3.52 
2014/9/4,3.45 
2014/9/5,3.37 
2014/9/9,3.30 
2014/9/10,3.26 
2014/9/11,3.36 
2014/9/12,3.36 
2014/9/15,3.41 
2014/9/16,3.49 
2014/9/17,3.45 
2014/9/18,3.44 
2014/9/19,3.53 
2014/9/22,3.43 
2014/9/23,3.28 
2014/9/24,3.75 
2014/9/25,3.46 
2014/9/26,3.47 
2014/9/28,3.20 
2014/9/29,3.19 
2014/9/30,2.81 
2014/10/8,3.16 
2014/10/9,3.10 
2014/10/10,3.08 
2014/10/11,3.15 
2014/10/13,3.29 
2014/10/14,3.21 
2014/10/15,3.24 
2014/10/16,3.14 
2014/10/17,3.11 
2014/10/20,3.13 
2014/10/21,3.25 
2014/10/22,3.14 
2014/10/23,3.14 
2014/10/24,3.24 
2014/10/27,3.16 
2014/10/28,3.20 
2014/10/29,3.38 
2014/10/30,3.26 
2014/10/31,3.28 
2014/11/3,3.37 
2014/11/4,3.28 
2014/11/5,3.29 
2014/11/6,3.25 
2014/11/7,3.26 
2014/11/10,3.49 
2014/11/11,3.14 
2014/11/12,3.34 
2014/11/13,3.14 
2014/11/14,3.07 
2014/11/17,3.22 
2014/11/18,3.42 
2014/11/19,3.33 
2014/11/20,3.48 
2014/11/21,3.70 
2014/11/24,3.82 
2014/11/25,3.47 
2014/11/26,3.42 
2014/11/27,3.47 
2014/11/28,3.54 
2014/12/1,3.64 
2014/12/2,3.62 
2014/12/3,3.52 
2014/12/4,3.60 
2014/12/5,3.45 
2014/12/8,3.64 
2014/12/9,3.92 
2014/12/10,3.91 
2014/12/11,4.00 
2014/12/12,3.93 
2014/12/15,3.75 
2014/12/16,4.10 
2014/12/17,4.81 
2014/12/18,5.65 
2014/12/19,6.14 
2014/12/22,6.26 
2014/12/23,5.76 
2014/12/24,5.25 
2014/12/25,5.10 
2014/12/26,4.87 
2014/12/29,4.97 
2014/12/30,4.83 
2014/12/31,4.89 
2015/1/4,4.83 
2015/1/5,4.73 
2015/1/6,4.31 
2015/1/7,3.95 
2015/1/8,3.95 
2015/1/9,4.15 
2015/1/12,4.05 
2015/1/13,3.96 
2015/1/14,3.97 
2015/1/15,4.00 
2015/1/16,4.00 
2015/1/19,3.99 
2015/1/20,3.77 
2015/1/21,4.51 
2015/1/22,4.16 
2015/1/23,4.15 
2015/1/26,4.00 
2015/1/27,3.94 
2015/1/28,4.21 
2015/1/29,4.36 
2015/1/30,4.25 
2015/2/2,4.62 
2015/2/3,4.38 
2015/2/4,4.59 
2015/2/5,4.63 
2015/2/6,4.55 
2015/2/9,4.60 
2015/2/10,4.71 
2015/2/11,4.55 
2015/2/12,4.87 
2015/2/13,4.83 
2015/2/15,4.85 
2015/2/16,4.99 
2015/2/17,4.76 
2015/2/25,4.87 
2015/2/26,5.08 
2015/2/27,5.16 
2015/2/28,4.87 
2015/3/2,4.97 
2015/3/3,4.97 
2015/3/4,4.92 
2015/3/5,4.90 
2015/3/6,5.16 
2015/3/9,5.20 
2015/3/10,5.07 
2015/3/11,5.17 
2015/3/12,5.01 
2015/3/13,5.18 
2015/3/16,4.98 
2015/3/17,4.84 
2015/3/18,4.93 
2015/3/19,4.64 
2015/3/20,4.53 
2015/3/23,4.42 
2015/3/24,4.23 
2015/3/25,4.10 
2015/3/26,4.06 
2015/3/27,4.13 
2015/3/30,4.07 
2015/3/31,4.03 
2015/4/1,3.85 
2015/4/2,3.77 
2015/4/3,3.70 
2015/4/7,3.51 
2015/4/8,3.41 
2015/4/9,3.43 
2015/4/10,3.36 
2015/4/13,3.52 
2015/4/14,3.33 
2015/4/15,3.21 
2015/4/16,3.12 
2015/4/17,3.09 
2015/4/20,3.23 
2015/4/21,2.87 
2015/4/22,2.92 
2015/4/23,2.73 
2015/4/24,2.74 
2015/4/27,2.61 
2015/4/28,2.60 
2015/4/29,2.66 
2015/4/30,2.54 
2015/5/4,2.77 
2015/5/5,2.66 
2015/5/6,2.48 
2015/5/7,2.50 
2015/5/8,2.59 
2015/5/11,2.46 
2015/5/12,2.37 
2015/5/13,2.30 
2015/5/14,2.29 
2015/5/15,2.36 
2015/5/18,2.17 
2015/5/19,2.13 
2015/5/20,2.10 
2015/5/21,2.16 
2015/5/22,2.16 
2015/5/25,2.18 
2015/5/26,2.23 
2015/5/27,2.33 
2015/5/28,2.33 
2015/5/29,2.10 
2015/6/1,2.26 
2015/6/2,2.27 
2015/6/3,2.38 
2015/6/4,2.32 
2015/6/5,2.31 
2015/6/8,2.29 
2015/6/9,2.23 
2015/6/10,2.17 
2015/6/11,2.37 
2015/6/12,2.51 
2015/6/15,2.29 
2015/6/16,2.50 
2015/6/17,2.82 
2015/6/18,2.81 
2015/6/19,3.17 
2015/6/23,3.35 
2015/6/24,2.92 
2015/6/25,3.14 
2015/6/26,3.10 
2015/6/29,2.98 
2015/6/30,2.68 
2015/7/1,2.87 
2015/7/2,2.98 
2015/7/3,2.97 
2015/7/6,2.80 
2015/7/7,2.70 
2015/7/8,2.70 
2015/7/9,3.28 
2015/7/10,2.66 
2015/7/13,2.65 
2015/7/14,2.70 
2015/7/15,2.74 
2015/7/16,2.54 
2015/7/17,2.53 
2015/7/20,2.45 
2015/7/21,2.56 
2015/7/22,2.64 
2015/7/23,2.65 
2015/7/24,2.79 
2015/7/27,2.57 
2015/7/28,2.66 
2015/7/29,2.60 
2015/7/30,2.54 
2015/7/31,2.63 
2015/8/3,2.54 
2015/8/4,2.69 
2015/8/5,2.48 
2015/8/6,2.49 
2015/8/7,2.50 
2015/8/10,2.45 
2015/8/11,2.53 
2015/8/12,2.54 
2015/8/13,2.58 
2015/8/14,2.53 
2015/8/17,2.54 
2015/8/18,2.61 
2015/8/19,2.61 
2015/8/20,2.72 
2015/8/21,2.72 
2015/8/24,2.65 
2015/8/25,2.76 
2015/8/26,2.61 
2015/8/27,2.51 
2015/8/28,2.50 
2015/8/31,2.52 
2015/9/1,2.46 
2015/9/2,2.46 
2015/9/6,2.54 
2015/9/7,2.45 
2015/9/8,2.60 
2015/9/9,2.46 
2015/9/10,2.52 
2015/9/11,2.59 
2015/9/14,2.47 
2015/9/15,2.48 
2015/9/16,2.49 
2015/9/17,2.51 
2015/9/18,2.48 
2015/9/21,2.50 
2015/9/22,2.51 
2015/9/23,2.51 
2015/9/24,2.89 
2015/9/25,2.73 
2015/9/28,2.82 
2015/9/29,2.73 
2015/9/30,2.51 
2015/10/8,2.49 
2015/10/9,2.48 
2015/10/10,2.49 
2015/10/12,2.45 
2015/10/13,2.51 
2015/10/14,2.54 
2015/10/15,2.57 
2015/10/16,2.62 
2015/10/19,2.60 
2015/10/20,2.49 
2015/10/21,2.47 
2015/10/22,2.43 
2015/10/23,2.50 
2015/10/26,2.43 
2015/10/27,2.39 
2015/10/28,2.43 
2015/10/29,2.47 
2015/10/30,2.47 
2015/11/2,2.35 
2015/11/3,2.54 
2015/11/4,2.54 
2015/11/5,2.45 
2015/11/6,2.41 
2015/11/9,2.41 
2015/11/10,2.44 
2015/11/11,2.54 
2015/11/12,2.44 
2015/11/13,2.48 
2015/11/16,2.42 
2015/11/17,2.42 
2015/11/18,2.50 
2015/11/19,2.42 
2015/11/20,2.43 
2015/11/23,2.37 
2015/11/24,2.39 
2015/11/25,2.34 
2015/11/26,2.43 
2015/11/27,2.51 
2015/11/30,2.42 
2015/12/1,2.53 
2015/12/2,2.50 
2015/12/3,2.51 
2015/12/4,2.43 
2015/12/7,2.42 
2015/12/8,2.47 
2015/12/9,2.62 
2015/12/10,2.55 
2015/12/11,2.59 
2015/12/14,2.52 
2015/12/15,2.48 
2015/12/16,2.52 
2015/12/17,2.58 
2015/12/18,2.58 
2015/12/21,2.55 
2015/12/22,2.78 
2015/12/23,2.57 
2015/12/24,2.48 
2015/12/25,2.56 
2015/12/28,2.49 
2015/12/29,2.52 
2015/12/30,2.55 
2015/12/31,2.45 
2016/1/4,2.57 
2016/1/5,2.57 
2016/1/6,2.55 
2016/1/7,2.47 
2016/1/8,2.55 
2016/1/11,2.51 
2016/1/12,2.56 
2016/1/13,2.51 
2016/1/14,2.49 
2016/1/15,2.47 
2016/1/18,2.43 
2016/1/19,2.68 
2016/1/20,2.66 
2016/1/21,2.78 
2016/1/22,2.62 
2016/1/25,2.56 
2016/1/26,2.49 
2016/1/27,2.49 
2016/1/28,2.54 
2016/1/29,2.55 
2016/2/1,2.74 
2016/2/2,2.80 
2016/2/3,2.65 
2016/2/4,2.72 
2016/2/5,2.47 
2016/2/6,2.48 
2016/2/14,2.46 
2016/2/15,2.45 
2016/2/16,2.42 
2016/2/17,2.43 
2016/2/18,2.49 
2016/2/19,2.42 
2016/2/22,2.47 
2016/2/23,2.44 
2016/2/24,2.43 
2016/2/25,2.45 
2016/2/26,2.45 
2016/2/29,2.59 
2016/3/1,2.51 
2016/3/2,2.48 
2016/3/3,2.41 
2016/3/4,2.41 
2016/3/7,2.52 
2016/3/8,2.48 
2016/3/9,2.44 
2016/3/10,2.40 
2016/3/11,2.44 
2016/3/14,2.48 
2016/3/15,2.44 
2016/3/16,2.43 
2016/3/17,2.44 
2016/3/18,2.44 
2016/3/21,2.64 
2016/3/22,2.54 
2016/3/23,2.43 
2016/3/24,2.40 
2016/3/25,2.35 
2016/3/28,2.49 
2016/3/29,2.46 
2016/3/30,2.42 
2016/3/31,2.58 
2016/4/1,2.44 
2016/4/5,2.48 
2016/4/6,2.43 
2016/4/7,2.39 
2016/4/8,2.47 
2016/4/11,2.51 
2016/4/12,2.48 
2016/4/13,2.52 
2016/4/14,2.51 
2016/4/15,2.46 
2016/4/18,2.53 
2016/4/19,2.44 
2016/4/20,2.58 
2016/4/21,2.53 
2016/4/22,2.63 
2016/4/25,2.64 
2016/4/26,2.64 
2016/4/27,2.60 
2016/4/28,2.64 
2016/4/29,2.51 
2016/5/3,2.55 
2016/5/4,2.55 
2016/5/5,2.49 
2016/5/6,2.39 
2016/5/9,2.52 
2016/5/10,2.46 
2016/5/11,2.48 
2016/5/12,2.46 
2016/5/13,2.40 
2016/5/16,2.48 
2016/5/17,2.52 
2016/5/18,2.43 
2016/5/19,2.44 
2016/5/20,2.37 
2016/5/23,2.58 
2016/5/24,2.54 
2016/5/25,2.47 
2016/5/26,2.47 
2016/5/27,2.55 
2016/5/30,2.51 
2016/5/31,2.54 
2016/6/1,2.39 
2016/6/2,2.39 
2016/6/3,2.55 
2016/6/6,2.56 
2016/6/7,2.54 
2016/6/8,2.43 
2016/6/12,2.39 
2016/6/13,2.48 
2016/6/14,2.52 
2016/6/15,2.41 
2016/6/16,2.44 
2016/6/17,2.50 
2016/6/20,2.53 
2016/6/21,2.42 
2016/6/22,2.51 
2016/6/23,2.42 
2016/6/24,2.55 
2016/6/27,2.50 
2016/6/28,2.55 
2016/6/29,2.49 
2016/6/30,2.50 
2016/7/1,2.41 
2016/7/4,2.42 
2016/7/5,2.43 
2016/7/6,2.48 
2016/7/7,2.41 
2016/7/8,2.38 
2016/7/11,2.44 
2016/7/12,2.41 
2016/7/13,2.42 
2016/7/14,2.43 
2016/7/15,2.39 
2016/7/18,2.44 
2016/7/19,2.48 
2016/7/20,2.45 
2016/7/21,2.42 
2016/7/22,2.47 
2016/7/25,2.54 
2016/7/26,2.69 
2016/7/27,2.60 
2016/7/28,2.52 
2016/7/29,2.50 
2016/8/1,2.40 
2016/8/2,2.44 
2016/8/3,2.46 
2016/8/4,2.47 
2016/8/5,2.42 
2016/8/8,2.41 
2016/8/9,2.47 
2016/8/10,2.44 
2016/8/11,2.58 
2016/8/12,2.50 
2016/8/15,2.44 
2016/8/16,2.48 
2016/8/17,2.46 
2016/8/18,2.48 
2016/8/19,2.47 
2016/8/22,2.42 
2016/8/23,2.51 
2016/8/24,2.58 
2016/8/25,2.56 
2016/8/26,2.52 
2016/8/29,2.47 
2016/8/30,2.50 
2016/8/31,2.46 
2016/9/1,2.42 
2016/9/2,2.51 
2016/9/5,2.51 
2016/9/6,2.54 
2016/9/7,2.52 
2016/9/8,2.44 
2016/9/9,2.53 
2016/9/12,2.54 
2016/9/13,2.50 
2016/9/14,2.57 
2016/9/18,2.56 
2016/9/19,2.51 
2016/9/20,2.66 
2016/9/21,2.66 
2016/9/22,2.46 
2016/9/23,2.42 
2016/9/26,2.54 
2016/9/27,2.60 
2016/9/28,2.71 
2016/9/29,2.57 
2016/9/30,2.53 
2016/10/8,2.59 
2016/10/9,2.53 
2016/10/10,2.52 
2016/10/11,2.40 
2016/10/12,2.46 
2016/10/13,2.41 
2016/10/14,2.43 
2016/10/17,2.53 
2016/10/18,2.62 
2016/10/19,2.65 
2016/10/20,2.57 
2016/10/21,2.64 
2016/10/24,2.63 
2016/10/25,2.74 
2016/10/26,2.71 
2016/10/27,2.91 
2016/10/28,2.68 
2016/10/31,2.81 
2016/11/1,2.73 
2016/11/2,2.61 
2016/11/3,2.63 
2016/11/4,2.60 
2016/11/7,2.59 
2016/11/8,2.61 
2016/11/9,2.56 
2016/11/10,2.56 
2016/11/11,2.57 
2016/11/14,2.63 
2016/11/15,2.60 
2016/11/16,2.73 
2016/11/17,2.78 
2016/11/18,2.55 
2016/11/21,2.72 
2016/11/22,2.61 
2016/11/23,2.62 
2016/11/24,2.74 
2016/11/25,2.60 
2016/11/28,2.69 
2016/11/29,2.85 
2016/11/30,2.89 
2016/12/1,2.94 
2016/12/2,2.60 
2016/12/5,2.68 
2016/12/6,2.60 
2016/12/7,2.68 
2016/12/8,2.64 
2016/12/9,2.61 
2016/12/12,2.63 
2016/12/13,2.68 
2016/12/14,2.84 
2016/12/15,2.64 
2016/12/16,2.94 
2016/12/19,2.80 
2016/12/20,2.97 
2016/12/21,2.86 
2016/12/22,3.04 
2016/12/23,2.75 
2016/12/26,2.90 
2016/12/27,2.89 
2016/12/28,2.86 
2016/12/29,3.36 
2016/12/30,2.68 
2016/12/31,2.73 
2017/1/3,2.67 
2017/1/4,2.64 
2017/1/5,2.50 
2017/1/6,2.66 
2017/1/9,2.50 
2017/1/10,2.62 
2017/1/11,2.64 
2017/1/12,2.55 
2017/1/13,2.54 
2017/1/16,2.62 
2017/1/17,2.66 
2017/1/18,3.02 
2017/1/19,3.44 
2017/1/20,2.87 
2017/1/22,2.77 
2017/1/23,2.90 
2017/1/24,3.00 
2017/1/25,2.72 
2017/1/26,2.68 
2017/2/3,3.00 
2017/2/4,2.67 
2017/2/6,2.76 
2017/2/7,2.73 
2017/2/8,2.85 
2017/2/9,2.89 
2017/2/10,2.91 
2017/2/13,2.84 
2017/2/14,2.79 
2017/2/15,3.18 
2017/2/16,2.91 
2017/2/17,3.06 
2017/2/20,2.94 
2017/2/21,3.08 
2017/2/22,3.10 
2017/2/23,3.07 
2017/2/24,3.08 
2017/2/27,2.90 
2017/2/28,2.94 
2017/3/1,3.03 
2017/3/2,2.97 
2017/3/3,2.94 
2017/3/6,2.88 
2017/3/7,3.06 
2017/3/8,3.03 
2017/3/9,2.87 
2017/3/10,2.88 
2017/3/13,2.95 
2017/3/14,2.98 
2017/3/15,2.88 
2017/3/16,3.24 
2017/3/17,3.19 
2017/3/20,3.36 
2017/3/21,3.73 
2017/3/22,3.54 
2017/3/23,3.86 
2017/3/24,3.28 
2017/3/27,3.24 
2017/3/28,3.10 
2017/3/29,3.24 
2017/3/30,3.42 
2017/3/31,3.42 
2017/4/1,2.99 
2017/4/5,2.94 
2017/4/6,3.03 
2017/4/7,3.19 
2017/4/10,2.87 
2017/4/11,2.87 
2017/4/12,2.90 
2017/4/13,2.87 
2017/4/14,3.00 
2017/4/17,3.15 
2017/4/18,3.32 
2017/4/19,3.21 
2017/4/20,3.39 
2017/4/21,3.28 
2017/4/24,3.27 
2017/4/25,3.38 
2017/4/26,3.35 
2017/4/27,3.84 
2017/4/28,3.56 
2017/5/2,3.47 
2017/5/3,3.47 
2017/5/4,3.39 
2017/5/5,3.29 
2017/5/8,3.09 
2017/5/9,3.26 
2017/5/10,3.14 
2017/5/11,3.20 
2017/5/12,3.22 
2017/5/15,3.15 
2017/5/16,3.22 
2017/5/17,3.15 
2017/5/18,3.24 
2017/5/19,3.22 
2017/5/22,3.17 
2017/5/23,3.34 
2017/5/24,3.17 
2017/5/25,3.36 
2017/5/26,3.17 
2017/5/27,3.08 
2017/5/31,3.22 
2017/6/1,3.18 
2017/6/2,3.26 
2017/6/5,3.22 
2017/6/6,3.30 
2017/6/7,3.43 
2017/6/8,3.29 
2017/6/9,3.36 
2017/6/12,3.41 
2017/6/13,3.32 
2017/6/14,3.34 
2017/6/15,3.22 
2017/6/16,3.44 
2017/6/19,3.26 
2017/6/20,3.33 
2017/6/21,3.22 
2017/6/22,3.38 
2017/6/23,3.65 
2017/6/26,3.32 
2017/6/27,3.34 
2017/6/28,3.20 
2017/6/29,3.18 
2017/6/30,3.59 
2017/7/3,3.20 
2017/7/4,3.23 
2017/7/5,3.20 
2017/7/6,3.11 
2017/7/7,3.02 
2017/7/10,3.14 
2017/7/11,3.23 
2017/7/12,3.22 
2017/7/13,3.13 
2017/7/14,3.14 
2017/7/17,3.09 
2017/7/18,3.51 
2017/7/19,3.44 
2017/7/20,3.30 
2017/7/21,3.34 
2017/7/24,3.22 
2017/7/25,3.42 
2017/7/26,3.27 
2017/7/27,3.45 
2017/7/28,3.42 
2017/7/31,3.50 
2017/8/1,3.60 
2017/8/2,3.33 
2017/8/3,3.18 
2017/8/4,3.20 
2017/8/7,3.25 
2017/8/8,3.37 
2017/8/9,3.25 
2017/8/10,3.21 
2017/8/11,3.38 
2017/8/14,3.29 
2017/8/15,3.40 
2017/8/16,3.37 
2017/8/17,3.47 
2017/8/18,3.63 
2017/8/21,3.47 
2017/8/22,3.47 
2017/8/23,3.53 
2017/8/24,3.50 
2017/8/25,3.54 
2017/8/28,3.42 
2017/8/29,3.56 
2017/8/30,3.72 
2017/8/31,3.54 
2017/9/1,3.57 
2017/9/4,3.36 
2017/9/5,3.21 
2017/9/6,3.19 
2017/9/7,3.21 
2017/9/8,3.32 
2017/9/11,3.28 
2017/9/12,3.27 
2017/9/13,3.35 
2017/9/14,3.39 
2017/9/15,3.43 
2017/9/18,3.48 
2017/9/19,3.69 
2017/9/20,3.56 
2017/9/21,3.63 
2017/9/22,3.60 
2017/9/25,3.71 
2017/9/26,4.11 
2017/9/27,3.83 
2017/9/28,4.18 
2017/9/29,3.75 
2017/9/30,3.11 
2017/10/9,3.39 
2017/10/10,3.73 
2017/10/11,3.51 
2017/10/12,3.18 
2017/10/13,3.17 
2017/10/16,3.35 
2017/10/17,3.26 
2017/10/18,3.31 
2017/10/19,3.22 
2017/10/20,3.21 
2017/10/23,3.29 
2017/10/24,3.36 
2017/10/25,3.48 
2017/10/26,3.32 
